--
-- PostgreSQL database dump
--

-- Dumped from database version 14.9 (Homebrew)
-- Dumped by pg_dump version 14.9 (Homebrew)

SET statement_timeout = 0;
SET lock_timeout = 0;
SET idle_in_transaction_session_timeout = 0;
SET client_encoding = 'UTF8';
SET standard_conforming_strings = on;
SELECT pg_catalog.set_config('search_path', '', false);
SET check_function_bodies = false;
SET xmloption = content;
SET client_min_messages = warning;
SET row_security = off;

--
-- Name: pg_trgm; Type: EXTENSION; Schema: -; Owner: -
--

CREATE EXTENSION IF NOT EXISTS pg_trgm WITH SCHEMA public;


--
-- Name: EXTENSION pg_trgm; Type: COMMENT; Schema: -; Owner: 
--

COMMENT ON EXTENSION pg_trgm IS 'text similarity measurement and index searching based on trigrams';


--
-- Name: PAYMENT_COLLECTION_STATUS_ENUM; Type: TYPE; Schema: public; Owner: mukesh
--

CREATE TYPE public."PAYMENT_COLLECTION_STATUS_ENUM" AS ENUM (
    'not_paid',
    'awaiting',
    'authorized',
    'partially_authorized',
    'canceled'
);


ALTER TYPE public."PAYMENT_COLLECTION_STATUS_ENUM" OWNER TO mukesh;

--
-- Name: PAYMENT_COLLECTION_TYPE_ENUM; Type: TYPE; Schema: public; Owner: mukesh
--

CREATE TYPE public."PAYMENT_COLLECTION_TYPE_ENUM" AS ENUM (
    'order_edit'
);


ALTER TYPE public."PAYMENT_COLLECTION_TYPE_ENUM" OWNER TO mukesh;

--
-- Name: cart_type_enum; Type: TYPE; Schema: public; Owner: mukesh
--

CREATE TYPE public.cart_type_enum AS ENUM (
    'default',
    'swap',
    'draft_order',
    'payment_link',
    'claim'
);


ALTER TYPE public.cart_type_enum OWNER TO mukesh;

--
-- Name: claim_item_reason_enum; Type: TYPE; Schema: public; Owner: mukesh
--

CREATE TYPE public.claim_item_reason_enum AS ENUM (
    'missing_item',
    'wrong_item',
    'production_failure',
    'other'
);


ALTER TYPE public.claim_item_reason_enum OWNER TO mukesh;

--
-- Name: claim_order_fulfillment_status_enum; Type: TYPE; Schema: public; Owner: mukesh
--

CREATE TYPE public.claim_order_fulfillment_status_enum AS ENUM (
    'not_fulfilled',
    'partially_fulfilled',
    'fulfilled',
    'partially_shipped',
    'shipped',
    'partially_returned',
    'returned',
    'canceled',
    'requires_action'
);


ALTER TYPE public.claim_order_fulfillment_status_enum OWNER TO mukesh;

--
-- Name: claim_order_payment_status_enum; Type: TYPE; Schema: public; Owner: mukesh
--

CREATE TYPE public.claim_order_payment_status_enum AS ENUM (
    'na',
    'not_refunded',
    'refunded'
);


ALTER TYPE public.claim_order_payment_status_enum OWNER TO mukesh;

--
-- Name: claim_order_type_enum; Type: TYPE; Schema: public; Owner: mukesh
--

CREATE TYPE public.claim_order_type_enum AS ENUM (
    'refund',
    'replace'
);


ALTER TYPE public.claim_order_type_enum OWNER TO mukesh;

--
-- Name: discount_condition_operator_enum; Type: TYPE; Schema: public; Owner: mukesh
--

CREATE TYPE public.discount_condition_operator_enum AS ENUM (
    'in',
    'not_in'
);


ALTER TYPE public.discount_condition_operator_enum OWNER TO mukesh;

--
-- Name: discount_condition_type_enum; Type: TYPE; Schema: public; Owner: mukesh
--

CREATE TYPE public.discount_condition_type_enum AS ENUM (
    'products',
    'product_types',
    'product_collections',
    'product_tags',
    'customer_groups'
);


ALTER TYPE public.discount_condition_type_enum OWNER TO mukesh;

--
-- Name: discount_rule_allocation_enum; Type: TYPE; Schema: public; Owner: mukesh
--

CREATE TYPE public.discount_rule_allocation_enum AS ENUM (
    'total',
    'item'
);


ALTER TYPE public.discount_rule_allocation_enum OWNER TO mukesh;

--
-- Name: discount_rule_type_enum; Type: TYPE; Schema: public; Owner: mukesh
--

CREATE TYPE public.discount_rule_type_enum AS ENUM (
    'fixed',
    'percentage',
    'free_shipping'
);


ALTER TYPE public.discount_rule_type_enum OWNER TO mukesh;

--
-- Name: draft_order_status_enum; Type: TYPE; Schema: public; Owner: mukesh
--

CREATE TYPE public.draft_order_status_enum AS ENUM (
    'open',
    'completed'
);


ALTER TYPE public.draft_order_status_enum OWNER TO mukesh;

--
-- Name: invite_role_enum; Type: TYPE; Schema: public; Owner: mukesh
--

CREATE TYPE public.invite_role_enum AS ENUM (
    'admin',
    'member',
    'developer'
);


ALTER TYPE public.invite_role_enum OWNER TO mukesh;

--
-- Name: order_fulfillment_status_enum; Type: TYPE; Schema: public; Owner: mukesh
--

CREATE TYPE public.order_fulfillment_status_enum AS ENUM (
    'not_fulfilled',
    'partially_fulfilled',
    'fulfilled',
    'partially_shipped',
    'shipped',
    'partially_returned',
    'returned',
    'canceled',
    'requires_action'
);


ALTER TYPE public.order_fulfillment_status_enum OWNER TO mukesh;

--
-- Name: order_item_change_type_enum; Type: TYPE; Schema: public; Owner: mukesh
--

CREATE TYPE public.order_item_change_type_enum AS ENUM (
    'item_add',
    'item_remove',
    'item_update'
);


ALTER TYPE public.order_item_change_type_enum OWNER TO mukesh;

--
-- Name: order_payment_status_enum; Type: TYPE; Schema: public; Owner: mukesh
--

CREATE TYPE public.order_payment_status_enum AS ENUM (
    'not_paid',
    'awaiting',
    'captured',
    'partially_refunded',
    'refunded',
    'canceled',
    'requires_action'
);


ALTER TYPE public.order_payment_status_enum OWNER TO mukesh;

--
-- Name: order_status_enum; Type: TYPE; Schema: public; Owner: mukesh
--

CREATE TYPE public.order_status_enum AS ENUM (
    'pending',
    'completed',
    'archived',
    'canceled',
    'requires_action'
);


ALTER TYPE public.order_status_enum OWNER TO mukesh;

--
-- Name: payment_session_status_enum; Type: TYPE; Schema: public; Owner: mukesh
--

CREATE TYPE public.payment_session_status_enum AS ENUM (
    'authorized',
    'pending',
    'requires_more',
    'error',
    'canceled'
);


ALTER TYPE public.payment_session_status_enum OWNER TO mukesh;

--
-- Name: price_list_status_enum; Type: TYPE; Schema: public; Owner: mukesh
--

CREATE TYPE public.price_list_status_enum AS ENUM (
    'active',
    'draft'
);


ALTER TYPE public.price_list_status_enum OWNER TO mukesh;

--
-- Name: price_list_type_enum; Type: TYPE; Schema: public; Owner: mukesh
--

CREATE TYPE public.price_list_type_enum AS ENUM (
    'sale',
    'override'
);


ALTER TYPE public.price_list_type_enum OWNER TO mukesh;

--
-- Name: product_status_enum; Type: TYPE; Schema: public; Owner: mukesh
--

CREATE TYPE public.product_status_enum AS ENUM (
    'draft',
    'proposed',
    'published',
    'rejected'
);


ALTER TYPE public.product_status_enum OWNER TO mukesh;

--
-- Name: refund_reason_enum; Type: TYPE; Schema: public; Owner: mukesh
--

CREATE TYPE public.refund_reason_enum AS ENUM (
    'discount',
    'return',
    'swap',
    'claim',
    'other'
);


ALTER TYPE public.refund_reason_enum OWNER TO mukesh;

--
-- Name: return_status_enum; Type: TYPE; Schema: public; Owner: mukesh
--

CREATE TYPE public.return_status_enum AS ENUM (
    'requested',
    'received',
    'requires_action',
    'canceled'
);


ALTER TYPE public.return_status_enum OWNER TO mukesh;

--
-- Name: shipping_option_price_type_enum; Type: TYPE; Schema: public; Owner: mukesh
--

CREATE TYPE public.shipping_option_price_type_enum AS ENUM (
    'flat_rate',
    'calculated'
);


ALTER TYPE public.shipping_option_price_type_enum OWNER TO mukesh;

--
-- Name: shipping_option_requirement_type_enum; Type: TYPE; Schema: public; Owner: mukesh
--

CREATE TYPE public.shipping_option_requirement_type_enum AS ENUM (
    'min_subtotal',
    'max_subtotal'
);


ALTER TYPE public.shipping_option_requirement_type_enum OWNER TO mukesh;

--
-- Name: shipping_profile_type_enum; Type: TYPE; Schema: public; Owner: mukesh
--

CREATE TYPE public.shipping_profile_type_enum AS ENUM (
    'default',
    'gift_card',
    'custom'
);


ALTER TYPE public.shipping_profile_type_enum OWNER TO mukesh;

--
-- Name: swap_fulfillment_status_enum; Type: TYPE; Schema: public; Owner: mukesh
--

CREATE TYPE public.swap_fulfillment_status_enum AS ENUM (
    'not_fulfilled',
    'fulfilled',
    'shipped',
    'partially_shipped',
    'canceled',
    'requires_action'
);


ALTER TYPE public.swap_fulfillment_status_enum OWNER TO mukesh;

--
-- Name: swap_payment_status_enum; Type: TYPE; Schema: public; Owner: mukesh
--

CREATE TYPE public.swap_payment_status_enum AS ENUM (
    'not_paid',
    'awaiting',
    'captured',
    'confirmed',
    'canceled',
    'difference_refunded',
    'partially_refunded',
    'refunded',
    'requires_action'
);


ALTER TYPE public.swap_payment_status_enum OWNER TO mukesh;

--
-- Name: user_role_enum; Type: TYPE; Schema: public; Owner: mukesh
--

CREATE TYPE public.user_role_enum AS ENUM (
    'admin',
    'member',
    'developer'
);


ALTER TYPE public.user_role_enum OWNER TO mukesh;

SET default_tablespace = '';

SET default_table_access_method = heap;

--
-- Name: address; Type: TABLE; Schema: public; Owner: mukesh
--

CREATE TABLE public.address (
    id character varying NOT NULL,
    customer_id character varying,
    company character varying,
    first_name character varying,
    last_name character varying,
    address_1 character varying,
    address_2 character varying,
    city character varying,
    country_code character varying,
    province character varying,
    postal_code character varying,
    phone character varying,
    created_at timestamp with time zone DEFAULT now() NOT NULL,
    updated_at timestamp with time zone DEFAULT now() NOT NULL,
    deleted_at timestamp with time zone,
    metadata jsonb
);


ALTER TABLE public.address OWNER TO mukesh;

--
-- Name: analytics_config; Type: TABLE; Schema: public; Owner: mukesh
--

CREATE TABLE public.analytics_config (
    id character varying NOT NULL,
    created_at timestamp with time zone DEFAULT now() NOT NULL,
    updated_at timestamp with time zone DEFAULT now() NOT NULL,
    deleted_at timestamp with time zone,
    user_id character varying NOT NULL,
    opt_out boolean DEFAULT false NOT NULL,
    anonymize boolean DEFAULT false NOT NULL
);


ALTER TABLE public.analytics_config OWNER TO mukesh;

--
-- Name: batch_job; Type: TABLE; Schema: public; Owner: mukesh
--

CREATE TABLE public.batch_job (
    id character varying NOT NULL,
    type text NOT NULL,
    created_by character varying,
    context jsonb,
    result jsonb,
    dry_run boolean DEFAULT false NOT NULL,
    created_at timestamp with time zone DEFAULT now() NOT NULL,
    pre_processed_at timestamp with time zone,
    confirmed_at timestamp with time zone,
    processing_at timestamp with time zone,
    completed_at timestamp with time zone,
    failed_at timestamp with time zone,
    canceled_at timestamp with time zone,
    updated_at timestamp with time zone DEFAULT now() NOT NULL,
    deleted_at timestamp with time zone
);


ALTER TABLE public.batch_job OWNER TO mukesh;

--
-- Name: cart; Type: TABLE; Schema: public; Owner: mukesh
--

CREATE TABLE public.cart (
    id character varying NOT NULL,
    email character varying,
    billing_address_id character varying,
    shipping_address_id character varying,
    region_id character varying NOT NULL,
    customer_id character varying,
    payment_id character varying,
    type public.cart_type_enum DEFAULT 'default'::public.cart_type_enum NOT NULL,
    completed_at timestamp with time zone,
    created_at timestamp with time zone DEFAULT now() NOT NULL,
    updated_at timestamp with time zone DEFAULT now() NOT NULL,
    deleted_at timestamp with time zone,
    metadata jsonb,
    idempotency_key character varying,
    context jsonb,
    payment_authorized_at timestamp with time zone,
    sales_channel_id character varying
);


ALTER TABLE public.cart OWNER TO mukesh;

--
-- Name: cart_discounts; Type: TABLE; Schema: public; Owner: mukesh
--

CREATE TABLE public.cart_discounts (
    cart_id character varying NOT NULL,
    discount_id character varying NOT NULL
);


ALTER TABLE public.cart_discounts OWNER TO mukesh;

--
-- Name: cart_gift_cards; Type: TABLE; Schema: public; Owner: mukesh
--

CREATE TABLE public.cart_gift_cards (
    cart_id character varying NOT NULL,
    gift_card_id character varying NOT NULL
);


ALTER TABLE public.cart_gift_cards OWNER TO mukesh;

--
-- Name: claim_image; Type: TABLE; Schema: public; Owner: mukesh
--

CREATE TABLE public.claim_image (
    id character varying NOT NULL,
    claim_item_id character varying NOT NULL,
    url character varying NOT NULL,
    created_at timestamp with time zone DEFAULT now() NOT NULL,
    updated_at timestamp with time zone DEFAULT now() NOT NULL,
    deleted_at timestamp with time zone,
    metadata jsonb
);


ALTER TABLE public.claim_image OWNER TO mukesh;

--
-- Name: claim_item; Type: TABLE; Schema: public; Owner: mukesh
--

CREATE TABLE public.claim_item (
    id character varying NOT NULL,
    claim_order_id character varying NOT NULL,
    item_id character varying NOT NULL,
    variant_id character varying NOT NULL,
    reason public.claim_item_reason_enum NOT NULL,
    note character varying,
    quantity integer NOT NULL,
    created_at timestamp with time zone DEFAULT now() NOT NULL,
    updated_at timestamp with time zone DEFAULT now() NOT NULL,
    deleted_at timestamp with time zone,
    metadata jsonb
);


ALTER TABLE public.claim_item OWNER TO mukesh;

--
-- Name: claim_item_tags; Type: TABLE; Schema: public; Owner: mukesh
--

CREATE TABLE public.claim_item_tags (
    item_id character varying NOT NULL,
    tag_id character varying NOT NULL
);


ALTER TABLE public.claim_item_tags OWNER TO mukesh;

--
-- Name: claim_order; Type: TABLE; Schema: public; Owner: mukesh
--

CREATE TABLE public.claim_order (
    id character varying NOT NULL,
    payment_status public.claim_order_payment_status_enum DEFAULT 'na'::public.claim_order_payment_status_enum NOT NULL,
    fulfillment_status public.claim_order_fulfillment_status_enum DEFAULT 'not_fulfilled'::public.claim_order_fulfillment_status_enum NOT NULL,
    type public.claim_order_type_enum NOT NULL,
    order_id character varying NOT NULL,
    shipping_address_id character varying,
    refund_amount integer,
    canceled_at timestamp with time zone,
    created_at timestamp with time zone DEFAULT now() NOT NULL,
    updated_at timestamp with time zone DEFAULT now() NOT NULL,
    deleted_at timestamp with time zone,
    metadata jsonb,
    idempotency_key character varying,
    no_notification boolean
);


ALTER TABLE public.claim_order OWNER TO mukesh;

--
-- Name: claim_tag; Type: TABLE; Schema: public; Owner: mukesh
--

CREATE TABLE public.claim_tag (
    id character varying NOT NULL,
    value character varying NOT NULL,
    created_at timestamp with time zone DEFAULT now() NOT NULL,
    updated_at timestamp with time zone DEFAULT now() NOT NULL,
    deleted_at timestamp with time zone,
    metadata jsonb
);


ALTER TABLE public.claim_tag OWNER TO mukesh;

--
-- Name: country; Type: TABLE; Schema: public; Owner: mukesh
--

CREATE TABLE public.country (
    id integer NOT NULL,
    iso_2 character varying NOT NULL,
    iso_3 character varying NOT NULL,
    num_code integer NOT NULL,
    name character varying NOT NULL,
    display_name character varying NOT NULL,
    region_id character varying
);


ALTER TABLE public.country OWNER TO mukesh;

--
-- Name: country_id_seq; Type: SEQUENCE; Schema: public; Owner: mukesh
--

CREATE SEQUENCE public.country_id_seq
    AS integer
    START WITH 1
    INCREMENT BY 1
    NO MINVALUE
    NO MAXVALUE
    CACHE 1;


ALTER TABLE public.country_id_seq OWNER TO mukesh;

--
-- Name: country_id_seq; Type: SEQUENCE OWNED BY; Schema: public; Owner: mukesh
--

ALTER SEQUENCE public.country_id_seq OWNED BY public.country.id;


--
-- Name: currency; Type: TABLE; Schema: public; Owner: mukesh
--

CREATE TABLE public.currency (
    code character varying NOT NULL,
    symbol character varying NOT NULL,
    symbol_native character varying NOT NULL,
    name character varying NOT NULL
);


ALTER TABLE public.currency OWNER TO mukesh;

--
-- Name: custom_shipping_option; Type: TABLE; Schema: public; Owner: mukesh
--

CREATE TABLE public.custom_shipping_option (
    id character varying NOT NULL,
    price integer NOT NULL,
    shipping_option_id character varying NOT NULL,
    cart_id character varying,
    created_at timestamp with time zone DEFAULT now() NOT NULL,
    updated_at timestamp with time zone DEFAULT now() NOT NULL,
    deleted_at timestamp with time zone,
    metadata jsonb
);


ALTER TABLE public.custom_shipping_option OWNER TO mukesh;

--
-- Name: customer; Type: TABLE; Schema: public; Owner: mukesh
--

CREATE TABLE public.customer (
    id character varying NOT NULL,
    email character varying NOT NULL,
    first_name character varying,
    last_name character varying,
    billing_address_id character varying,
    password_hash character varying,
    phone character varying,
    has_account boolean DEFAULT false NOT NULL,
    created_at timestamp with time zone DEFAULT now() NOT NULL,
    updated_at timestamp with time zone DEFAULT now() NOT NULL,
    deleted_at timestamp with time zone,
    metadata jsonb
);


ALTER TABLE public.customer OWNER TO mukesh;

--
-- Name: customer_group; Type: TABLE; Schema: public; Owner: mukesh
--

CREATE TABLE public.customer_group (
    id character varying NOT NULL,
    name character varying NOT NULL,
    created_at timestamp with time zone DEFAULT now() NOT NULL,
    updated_at timestamp with time zone DEFAULT now() NOT NULL,
    deleted_at timestamp with time zone,
    metadata jsonb
);


ALTER TABLE public.customer_group OWNER TO mukesh;

--
-- Name: customer_group_customers; Type: TABLE; Schema: public; Owner: mukesh
--

CREATE TABLE public.customer_group_customers (
    customer_group_id character varying NOT NULL,
    customer_id character varying NOT NULL
);


ALTER TABLE public.customer_group_customers OWNER TO mukesh;

--
-- Name: discount; Type: TABLE; Schema: public; Owner: mukesh
--

CREATE TABLE public.discount (
    id character varying NOT NULL,
    code character varying NOT NULL,
    is_dynamic boolean NOT NULL,
    rule_id character varying,
    is_disabled boolean NOT NULL,
    parent_discount_id character varying,
    starts_at timestamp with time zone DEFAULT CURRENT_TIMESTAMP NOT NULL,
    ends_at timestamp with time zone,
    created_at timestamp with time zone DEFAULT now() NOT NULL,
    updated_at timestamp with time zone DEFAULT now() NOT NULL,
    deleted_at timestamp with time zone,
    metadata jsonb,
    usage_limit integer,
    usage_count integer DEFAULT 0 NOT NULL,
    valid_duration character varying
);


ALTER TABLE public.discount OWNER TO mukesh;

--
-- Name: discount_condition; Type: TABLE; Schema: public; Owner: mukesh
--

CREATE TABLE public.discount_condition (
    id character varying NOT NULL,
    type public.discount_condition_type_enum NOT NULL,
    operator public.discount_condition_operator_enum NOT NULL,
    discount_rule_id character varying NOT NULL,
    created_at timestamp with time zone DEFAULT now() NOT NULL,
    updated_at timestamp with time zone DEFAULT now() NOT NULL,
    deleted_at timestamp with time zone,
    metadata jsonb
);


ALTER TABLE public.discount_condition OWNER TO mukesh;

--
-- Name: discount_condition_customer_group; Type: TABLE; Schema: public; Owner: mukesh
--

CREATE TABLE public.discount_condition_customer_group (
    customer_group_id character varying NOT NULL,
    condition_id character varying NOT NULL,
    created_at timestamp with time zone DEFAULT now() NOT NULL,
    updated_at timestamp with time zone DEFAULT now() NOT NULL,
    metadata jsonb
);


ALTER TABLE public.discount_condition_customer_group OWNER TO mukesh;

--
-- Name: discount_condition_product; Type: TABLE; Schema: public; Owner: mukesh
--

CREATE TABLE public.discount_condition_product (
    product_id character varying NOT NULL,
    condition_id character varying NOT NULL,
    created_at timestamp with time zone DEFAULT now() NOT NULL,
    updated_at timestamp with time zone DEFAULT now() NOT NULL,
    metadata jsonb
);


ALTER TABLE public.discount_condition_product OWNER TO mukesh;

--
-- Name: discount_condition_product_collection; Type: TABLE; Schema: public; Owner: mukesh
--

CREATE TABLE public.discount_condition_product_collection (
    product_collection_id character varying NOT NULL,
    condition_id character varying NOT NULL,
    created_at timestamp with time zone DEFAULT now() NOT NULL,
    updated_at timestamp with time zone DEFAULT now() NOT NULL,
    metadata jsonb
);


ALTER TABLE public.discount_condition_product_collection OWNER TO mukesh;

--
-- Name: discount_condition_product_tag; Type: TABLE; Schema: public; Owner: mukesh
--

CREATE TABLE public.discount_condition_product_tag (
    product_tag_id character varying NOT NULL,
    condition_id character varying NOT NULL,
    created_at timestamp with time zone DEFAULT now() NOT NULL,
    updated_at timestamp with time zone DEFAULT now() NOT NULL,
    metadata jsonb
);


ALTER TABLE public.discount_condition_product_tag OWNER TO mukesh;

--
-- Name: discount_condition_product_type; Type: TABLE; Schema: public; Owner: mukesh
--

CREATE TABLE public.discount_condition_product_type (
    product_type_id character varying NOT NULL,
    condition_id character varying NOT NULL,
    created_at timestamp with time zone DEFAULT now() NOT NULL,
    updated_at timestamp with time zone DEFAULT now() NOT NULL,
    metadata jsonb
);


ALTER TABLE public.discount_condition_product_type OWNER TO mukesh;

--
-- Name: discount_regions; Type: TABLE; Schema: public; Owner: mukesh
--

CREATE TABLE public.discount_regions (
    discount_id character varying NOT NULL,
    region_id character varying NOT NULL
);


ALTER TABLE public.discount_regions OWNER TO mukesh;

--
-- Name: discount_rule; Type: TABLE; Schema: public; Owner: mukesh
--

CREATE TABLE public.discount_rule (
    id character varying NOT NULL,
    description character varying,
    type public.discount_rule_type_enum NOT NULL,
    value integer NOT NULL,
    allocation public.discount_rule_allocation_enum,
    created_at timestamp with time zone DEFAULT now() NOT NULL,
    updated_at timestamp with time zone DEFAULT now() NOT NULL,
    deleted_at timestamp with time zone,
    metadata jsonb
);


ALTER TABLE public.discount_rule OWNER TO mukesh;

--
-- Name: discount_rule_products; Type: TABLE; Schema: public; Owner: mukesh
--

CREATE TABLE public.discount_rule_products (
    discount_rule_id character varying NOT NULL,
    product_id character varying NOT NULL
);


ALTER TABLE public.discount_rule_products OWNER TO mukesh;

--
-- Name: draft_order; Type: TABLE; Schema: public; Owner: mukesh
--

CREATE TABLE public.draft_order (
    id character varying NOT NULL,
    status public.draft_order_status_enum DEFAULT 'open'::public.draft_order_status_enum NOT NULL,
    display_id integer NOT NULL,
    cart_id character varying,
    order_id character varying,
    canceled_at timestamp with time zone,
    created_at timestamp with time zone DEFAULT now() NOT NULL,
    updated_at timestamp with time zone DEFAULT now() NOT NULL,
    completed_at timestamp with time zone,
    metadata jsonb,
    idempotency_key character varying,
    no_notification_order boolean
);


ALTER TABLE public.draft_order OWNER TO mukesh;

--
-- Name: draft_order_display_id_seq; Type: SEQUENCE; Schema: public; Owner: mukesh
--

CREATE SEQUENCE public.draft_order_display_id_seq
    AS integer
    START WITH 1
    INCREMENT BY 1
    NO MINVALUE
    NO MAXVALUE
    CACHE 1;


ALTER TABLE public.draft_order_display_id_seq OWNER TO mukesh;

--
-- Name: draft_order_display_id_seq; Type: SEQUENCE OWNED BY; Schema: public; Owner: mukesh
--

ALTER SEQUENCE public.draft_order_display_id_seq OWNED BY public.draft_order.display_id;


--
-- Name: fulfillment; Type: TABLE; Schema: public; Owner: mukesh
--

CREATE TABLE public.fulfillment (
    id character varying NOT NULL,
    swap_id character varying,
    order_id character varying,
    tracking_numbers jsonb DEFAULT '[]'::jsonb NOT NULL,
    data jsonb NOT NULL,
    shipped_at timestamp with time zone,
    canceled_at timestamp with time zone,
    created_at timestamp with time zone DEFAULT now() NOT NULL,
    updated_at timestamp with time zone DEFAULT now() NOT NULL,
    metadata jsonb,
    idempotency_key character varying,
    provider_id character varying,
    claim_order_id character varying,
    no_notification boolean,
    location_id character varying
);


ALTER TABLE public.fulfillment OWNER TO mukesh;

--
-- Name: fulfillment_item; Type: TABLE; Schema: public; Owner: mukesh
--

CREATE TABLE public.fulfillment_item (
    fulfillment_id character varying NOT NULL,
    item_id character varying NOT NULL,
    quantity integer NOT NULL
);


ALTER TABLE public.fulfillment_item OWNER TO mukesh;

--
-- Name: fulfillment_provider; Type: TABLE; Schema: public; Owner: mukesh
--

CREATE TABLE public.fulfillment_provider (
    id character varying NOT NULL,
    is_installed boolean DEFAULT true NOT NULL
);


ALTER TABLE public.fulfillment_provider OWNER TO mukesh;

--
-- Name: gift_card; Type: TABLE; Schema: public; Owner: mukesh
--

CREATE TABLE public.gift_card (
    id character varying NOT NULL,
    code character varying NOT NULL,
    value integer NOT NULL,
    balance integer NOT NULL,
    region_id character varying NOT NULL,
    order_id character varying,
    is_disabled boolean DEFAULT false NOT NULL,
    ends_at timestamp with time zone,
    created_at timestamp with time zone DEFAULT now() NOT NULL,
    updated_at timestamp with time zone DEFAULT now() NOT NULL,
    deleted_at timestamp with time zone,
    metadata jsonb,
    tax_rate real
);


ALTER TABLE public.gift_card OWNER TO mukesh;

--
-- Name: gift_card_transaction; Type: TABLE; Schema: public; Owner: mukesh
--

CREATE TABLE public.gift_card_transaction (
    id character varying NOT NULL,
    gift_card_id character varying NOT NULL,
    order_id character varying NOT NULL,
    amount integer NOT NULL,
    created_at timestamp with time zone DEFAULT now() NOT NULL,
    is_taxable boolean,
    tax_rate real
);


ALTER TABLE public.gift_card_transaction OWNER TO mukesh;

--
-- Name: idempotency_key; Type: TABLE; Schema: public; Owner: mukesh
--

CREATE TABLE public.idempotency_key (
    id character varying NOT NULL,
    idempotency_key character varying NOT NULL,
    created_at timestamp with time zone DEFAULT now() NOT NULL,
    locked_at timestamp with time zone,
    request_method character varying,
    request_params jsonb,
    request_path character varying,
    response_code integer,
    response_body jsonb,
    recovery_point character varying DEFAULT 'started'::character varying NOT NULL
);


ALTER TABLE public.idempotency_key OWNER TO mukesh;

--
-- Name: image; Type: TABLE; Schema: public; Owner: mukesh
--

CREATE TABLE public.image (
    id character varying NOT NULL,
    url character varying NOT NULL,
    created_at timestamp with time zone DEFAULT now() NOT NULL,
    updated_at timestamp with time zone DEFAULT now() NOT NULL,
    deleted_at timestamp with time zone,
    metadata jsonb
);


ALTER TABLE public.image OWNER TO mukesh;

--
-- Name: invite; Type: TABLE; Schema: public; Owner: mukesh
--

CREATE TABLE public.invite (
    id character varying NOT NULL,
    user_email character varying NOT NULL,
    role public.invite_role_enum DEFAULT 'member'::public.invite_role_enum,
    accepted boolean DEFAULT false NOT NULL,
    created_at timestamp with time zone DEFAULT now() NOT NULL,
    updated_at timestamp with time zone DEFAULT now() NOT NULL,
    deleted_at timestamp with time zone,
    metadata jsonb,
    token character varying NOT NULL,
    expires_at timestamp with time zone DEFAULT now() NOT NULL
);


ALTER TABLE public.invite OWNER TO mukesh;

--
-- Name: line_item; Type: TABLE; Schema: public; Owner: mukesh
--

CREATE TABLE public.line_item (
    id character varying NOT NULL,
    cart_id character varying,
    order_id character varying,
    swap_id character varying,
    title character varying NOT NULL,
    description character varying,
    thumbnail character varying,
    is_giftcard boolean DEFAULT false NOT NULL,
    should_merge boolean DEFAULT true NOT NULL,
    allow_discounts boolean DEFAULT true NOT NULL,
    has_shipping boolean,
    unit_price integer NOT NULL,
    variant_id character varying,
    quantity integer NOT NULL,
    fulfilled_quantity integer,
    returned_quantity integer,
    shipped_quantity integer,
    created_at timestamp with time zone DEFAULT now() NOT NULL,
    updated_at timestamp with time zone DEFAULT now() NOT NULL,
    metadata jsonb,
    claim_order_id character varying,
    is_return boolean DEFAULT false NOT NULL,
    original_item_id character varying,
    order_edit_id character varying,
    CONSTRAINT "CHK_0cd85e15610d11b553d5e8fda6" CHECK ((shipped_quantity <= fulfilled_quantity)),
    CONSTRAINT "CHK_64eef00a5064887634f1680866" CHECK ((quantity > 0)),
    CONSTRAINT "CHK_91f40396d847f6ecfd9f752bf8" CHECK ((returned_quantity <= quantity)),
    CONSTRAINT "CHK_c61716c68f5ad5de2834c827d3" CHECK ((fulfilled_quantity <= quantity))
);


ALTER TABLE public.line_item OWNER TO mukesh;

--
-- Name: line_item_adjustment; Type: TABLE; Schema: public; Owner: mukesh
--

CREATE TABLE public.line_item_adjustment (
    id character varying NOT NULL,
    item_id character varying NOT NULL,
    description character varying NOT NULL,
    discount_id character varying,
    amount numeric NOT NULL,
    metadata jsonb
);


ALTER TABLE public.line_item_adjustment OWNER TO mukesh;

--
-- Name: line_item_tax_line; Type: TABLE; Schema: public; Owner: mukesh
--

CREATE TABLE public.line_item_tax_line (
    id character varying NOT NULL,
    rate real NOT NULL,
    name character varying NOT NULL,
    code character varying,
    created_at timestamp with time zone DEFAULT now() NOT NULL,
    updated_at timestamp with time zone DEFAULT now() NOT NULL,
    metadata jsonb,
    item_id character varying NOT NULL
);


ALTER TABLE public.line_item_tax_line OWNER TO mukesh;

--
-- Name: migrations; Type: TABLE; Schema: public; Owner: mukesh
--

CREATE TABLE public.migrations (
    id integer NOT NULL,
    "timestamp" bigint NOT NULL,
    name character varying NOT NULL
);


ALTER TABLE public.migrations OWNER TO mukesh;

--
-- Name: migrations_id_seq; Type: SEQUENCE; Schema: public; Owner: mukesh
--

CREATE SEQUENCE public.migrations_id_seq
    AS integer
    START WITH 1
    INCREMENT BY 1
    NO MINVALUE
    NO MAXVALUE
    CACHE 1;


ALTER TABLE public.migrations_id_seq OWNER TO mukesh;

--
-- Name: migrations_id_seq; Type: SEQUENCE OWNED BY; Schema: public; Owner: mukesh
--

ALTER SEQUENCE public.migrations_id_seq OWNED BY public.migrations.id;


--
-- Name: money_amount; Type: TABLE; Schema: public; Owner: mukesh
--

CREATE TABLE public.money_amount (
    id character varying NOT NULL,
    currency_code character varying NOT NULL,
    amount integer NOT NULL,
    region_id character varying,
    created_at timestamp with time zone DEFAULT now() NOT NULL,
    updated_at timestamp with time zone DEFAULT now() NOT NULL,
    deleted_at timestamp with time zone,
    min_quantity integer,
    max_quantity integer,
    price_list_id character varying
);


ALTER TABLE public.money_amount OWNER TO mukesh;

--
-- Name: note; Type: TABLE; Schema: public; Owner: mukesh
--

CREATE TABLE public.note (
    id character varying NOT NULL,
    value character varying NOT NULL,
    resource_type character varying NOT NULL,
    resource_id character varying NOT NULL,
    author_id character varying,
    created_at timestamp with time zone DEFAULT now() NOT NULL,
    updated_at timestamp with time zone DEFAULT now() NOT NULL,
    deleted_at timestamp with time zone,
    metadata jsonb
);


ALTER TABLE public.note OWNER TO mukesh;

--
-- Name: notification; Type: TABLE; Schema: public; Owner: mukesh
--

CREATE TABLE public.notification (
    id character varying NOT NULL,
    event_name character varying,
    resource_type character varying NOT NULL,
    resource_id character varying NOT NULL,
    customer_id character varying,
    "to" character varying NOT NULL,
    data jsonb NOT NULL,
    parent_id character varying,
    provider_id character varying,
    created_at timestamp with time zone DEFAULT now() NOT NULL,
    updated_at timestamp with time zone DEFAULT now() NOT NULL
);


ALTER TABLE public.notification OWNER TO mukesh;

--
-- Name: notification_provider; Type: TABLE; Schema: public; Owner: mukesh
--

CREATE TABLE public.notification_provider (
    id character varying NOT NULL,
    is_installed boolean DEFAULT true NOT NULL
);


ALTER TABLE public.notification_provider OWNER TO mukesh;

--
-- Name: oauth; Type: TABLE; Schema: public; Owner: mukesh
--

CREATE TABLE public.oauth (
    id character varying NOT NULL,
    display_name character varying NOT NULL,
    application_name character varying NOT NULL,
    install_url character varying,
    uninstall_url character varying,
    data jsonb
);


ALTER TABLE public.oauth OWNER TO mukesh;

--
-- Name: onboarding_state; Type: TABLE; Schema: public; Owner: mukesh
--

CREATE TABLE public.onboarding_state (
    id character varying NOT NULL,
    created_at timestamp with time zone DEFAULT now() NOT NULL,
    updated_at timestamp with time zone DEFAULT now() NOT NULL,
    current_step character varying,
    is_complete boolean NOT NULL,
    product_id character varying
);


ALTER TABLE public.onboarding_state OWNER TO mukesh;

--
-- Name: order; Type: TABLE; Schema: public; Owner: mukesh
--

CREATE TABLE public."order" (
    id character varying NOT NULL,
    status public.order_status_enum DEFAULT 'pending'::public.order_status_enum NOT NULL,
    fulfillment_status public.order_fulfillment_status_enum DEFAULT 'not_fulfilled'::public.order_fulfillment_status_enum NOT NULL,
    payment_status public.order_payment_status_enum DEFAULT 'not_paid'::public.order_payment_status_enum NOT NULL,
    display_id integer NOT NULL,
    cart_id character varying,
    customer_id character varying NOT NULL,
    email character varying NOT NULL,
    billing_address_id character varying,
    shipping_address_id character varying,
    region_id character varying NOT NULL,
    currency_code character varying NOT NULL,
    tax_rate real,
    canceled_at timestamp with time zone,
    created_at timestamp with time zone DEFAULT now() NOT NULL,
    updated_at timestamp with time zone DEFAULT now() NOT NULL,
    metadata jsonb,
    idempotency_key character varying,
    draft_order_id character varying,
    no_notification boolean,
    external_id character varying,
    sales_channel_id character varying
);


ALTER TABLE public."order" OWNER TO mukesh;

--
-- Name: order_discounts; Type: TABLE; Schema: public; Owner: mukesh
--

CREATE TABLE public.order_discounts (
    order_id character varying NOT NULL,
    discount_id character varying NOT NULL
);


ALTER TABLE public.order_discounts OWNER TO mukesh;

--
-- Name: order_display_id_seq; Type: SEQUENCE; Schema: public; Owner: mukesh
--

CREATE SEQUENCE public.order_display_id_seq
    AS integer
    START WITH 1
    INCREMENT BY 1
    NO MINVALUE
    NO MAXVALUE
    CACHE 1;


ALTER TABLE public.order_display_id_seq OWNER TO mukesh;

--
-- Name: order_display_id_seq; Type: SEQUENCE OWNED BY; Schema: public; Owner: mukesh
--

ALTER SEQUENCE public.order_display_id_seq OWNED BY public."order".display_id;


--
-- Name: order_edit; Type: TABLE; Schema: public; Owner: mukesh
--

CREATE TABLE public.order_edit (
    id character varying NOT NULL,
    created_at timestamp with time zone DEFAULT now() NOT NULL,
    updated_at timestamp with time zone DEFAULT now() NOT NULL,
    order_id character varying NOT NULL,
    internal_note character varying,
    created_by character varying NOT NULL,
    requested_by character varying,
    requested_at timestamp with time zone,
    confirmed_by character varying,
    confirmed_at timestamp with time zone,
    declined_by character varying,
    declined_reason character varying,
    declined_at timestamp with time zone,
    canceled_by character varying,
    canceled_at timestamp with time zone,
    payment_collection_id character varying
);


ALTER TABLE public.order_edit OWNER TO mukesh;

--
-- Name: order_gift_cards; Type: TABLE; Schema: public; Owner: mukesh
--

CREATE TABLE public.order_gift_cards (
    order_id character varying NOT NULL,
    gift_card_id character varying NOT NULL
);


ALTER TABLE public.order_gift_cards OWNER TO mukesh;

--
-- Name: order_item_change; Type: TABLE; Schema: public; Owner: mukesh
--

CREATE TABLE public.order_item_change (
    id character varying NOT NULL,
    created_at timestamp with time zone DEFAULT now() NOT NULL,
    updated_at timestamp with time zone DEFAULT now() NOT NULL,
    deleted_at timestamp with time zone,
    type public.order_item_change_type_enum NOT NULL,
    order_edit_id character varying NOT NULL,
    original_line_item_id character varying,
    line_item_id character varying
);


ALTER TABLE public.order_item_change OWNER TO mukesh;

--
-- Name: payment; Type: TABLE; Schema: public; Owner: mukesh
--

CREATE TABLE public.payment (
    id character varying NOT NULL,
    swap_id character varying,
    cart_id character varying,
    order_id character varying,
    amount integer NOT NULL,
    currency_code character varying NOT NULL,
    amount_refunded integer DEFAULT 0 NOT NULL,
    provider_id character varying NOT NULL,
    data jsonb NOT NULL,
    captured_at timestamp with time zone,
    canceled_at timestamp with time zone,
    created_at timestamp with time zone DEFAULT now() NOT NULL,
    updated_at timestamp with time zone DEFAULT now() NOT NULL,
    metadata jsonb,
    idempotency_key character varying
);


ALTER TABLE public.payment OWNER TO mukesh;

--
-- Name: payment_collection; Type: TABLE; Schema: public; Owner: mukesh
--

CREATE TABLE public.payment_collection (
    id character varying NOT NULL,
    created_at timestamp with time zone DEFAULT now() NOT NULL,
    updated_at timestamp with time zone DEFAULT now() NOT NULL,
    deleted_at timestamp with time zone,
    type public."PAYMENT_COLLECTION_TYPE_ENUM" NOT NULL,
    status public."PAYMENT_COLLECTION_STATUS_ENUM" NOT NULL,
    description text,
    amount integer NOT NULL,
    authorized_amount integer,
    region_id character varying NOT NULL,
    currency_code character varying NOT NULL,
    metadata jsonb,
    created_by character varying NOT NULL
);


ALTER TABLE public.payment_collection OWNER TO mukesh;

--
-- Name: payment_collection_payments; Type: TABLE; Schema: public; Owner: mukesh
--

CREATE TABLE public.payment_collection_payments (
    payment_collection_id character varying NOT NULL,
    payment_id character varying NOT NULL
);


ALTER TABLE public.payment_collection_payments OWNER TO mukesh;

--
-- Name: payment_collection_sessions; Type: TABLE; Schema: public; Owner: mukesh
--

CREATE TABLE public.payment_collection_sessions (
    payment_collection_id character varying NOT NULL,
    payment_session_id character varying NOT NULL
);


ALTER TABLE public.payment_collection_sessions OWNER TO mukesh;

--
-- Name: payment_provider; Type: TABLE; Schema: public; Owner: mukesh
--

CREATE TABLE public.payment_provider (
    id character varying NOT NULL,
    is_installed boolean DEFAULT true NOT NULL
);


ALTER TABLE public.payment_provider OWNER TO mukesh;

--
-- Name: payment_session; Type: TABLE; Schema: public; Owner: mukesh
--

CREATE TABLE public.payment_session (
    id character varying NOT NULL,
    cart_id character varying,
    provider_id character varying NOT NULL,
    is_selected boolean,
    status public.payment_session_status_enum NOT NULL,
    data jsonb NOT NULL,
    created_at timestamp with time zone DEFAULT now() NOT NULL,
    updated_at timestamp with time zone DEFAULT now() NOT NULL,
    idempotency_key character varying,
    payment_authorized_at timestamp with time zone,
    amount integer,
    is_initiated boolean DEFAULT false NOT NULL
);


ALTER TABLE public.payment_session OWNER TO mukesh;

--
-- Name: price_list; Type: TABLE; Schema: public; Owner: mukesh
--

CREATE TABLE public.price_list (
    id character varying NOT NULL,
    name character varying NOT NULL,
    description character varying NOT NULL,
    type public.price_list_type_enum DEFAULT 'sale'::public.price_list_type_enum NOT NULL,
    status public.price_list_status_enum DEFAULT 'draft'::public.price_list_status_enum NOT NULL,
    starts_at timestamp with time zone,
    ends_at timestamp with time zone,
    created_at timestamp with time zone DEFAULT now() NOT NULL,
    updated_at timestamp with time zone DEFAULT now() NOT NULL,
    deleted_at timestamp with time zone
);


ALTER TABLE public.price_list OWNER TO mukesh;

--
-- Name: price_list_customer_groups; Type: TABLE; Schema: public; Owner: mukesh
--

CREATE TABLE public.price_list_customer_groups (
    price_list_id character varying NOT NULL,
    customer_group_id character varying NOT NULL
);


ALTER TABLE public.price_list_customer_groups OWNER TO mukesh;

--
-- Name: product; Type: TABLE; Schema: public; Owner: mukesh
--

CREATE TABLE public.product (
    id character varying NOT NULL,
    title character varying NOT NULL,
    subtitle character varying,
    description character varying,
    handle character varying,
    is_giftcard boolean DEFAULT false NOT NULL,
    thumbnail character varying,
    weight integer,
    length integer,
    height integer,
    width integer,
    hs_code character varying,
    origin_country character varying,
    mid_code character varying,
    material character varying,
    created_at timestamp with time zone DEFAULT now() NOT NULL,
    updated_at timestamp with time zone DEFAULT now() NOT NULL,
    deleted_at timestamp with time zone,
    metadata jsonb,
    collection_id character varying,
    type_id character varying,
    discountable boolean DEFAULT true NOT NULL,
    status public.product_status_enum DEFAULT 'draft'::public.product_status_enum NOT NULL,
    external_id character varying
);


ALTER TABLE public.product OWNER TO mukesh;

--
-- Name: product_category; Type: TABLE; Schema: public; Owner: mukesh
--

CREATE TABLE public.product_category (
    id character varying NOT NULL,
    name text NOT NULL,
    handle text NOT NULL,
    parent_category_id character varying,
    mpath text,
    is_active boolean DEFAULT false,
    is_internal boolean DEFAULT false,
    created_at timestamp with time zone DEFAULT now() NOT NULL,
    updated_at timestamp with time zone DEFAULT now() NOT NULL,
    rank integer DEFAULT 0 NOT NULL,
    description text DEFAULT ''::text NOT NULL,
    CONSTRAINT product_category_rank_check CHECK ((rank >= 0))
);


ALTER TABLE public.product_category OWNER TO mukesh;

--
-- Name: product_category_product; Type: TABLE; Schema: public; Owner: mukesh
--

CREATE TABLE public.product_category_product (
    product_category_id character varying NOT NULL,
    product_id character varying NOT NULL
);


ALTER TABLE public.product_category_product OWNER TO mukesh;

--
-- Name: product_collection; Type: TABLE; Schema: public; Owner: mukesh
--

CREATE TABLE public.product_collection (
    id character varying NOT NULL,
    title character varying NOT NULL,
    handle character varying,
    created_at timestamp with time zone DEFAULT now() NOT NULL,
    updated_at timestamp with time zone DEFAULT now() NOT NULL,
    deleted_at timestamp with time zone,
    metadata jsonb
);


ALTER TABLE public.product_collection OWNER TO mukesh;

--
-- Name: product_images; Type: TABLE; Schema: public; Owner: mukesh
--

CREATE TABLE public.product_images (
    product_id character varying NOT NULL,
    image_id character varying NOT NULL
);


ALTER TABLE public.product_images OWNER TO mukesh;

--
-- Name: product_option; Type: TABLE; Schema: public; Owner: mukesh
--

CREATE TABLE public.product_option (
    id character varying NOT NULL,
    title character varying NOT NULL,
    created_at timestamp with time zone DEFAULT now() NOT NULL,
    updated_at timestamp with time zone DEFAULT now() NOT NULL,
    deleted_at timestamp with time zone,
    metadata jsonb,
    product_id character varying
);


ALTER TABLE public.product_option OWNER TO mukesh;

--
-- Name: product_option_value; Type: TABLE; Schema: public; Owner: mukesh
--

CREATE TABLE public.product_option_value (
    id character varying NOT NULL,
    value character varying NOT NULL,
    option_id character varying NOT NULL,
    variant_id character varying NOT NULL,
    created_at timestamp with time zone DEFAULT now() NOT NULL,
    updated_at timestamp with time zone DEFAULT now() NOT NULL,
    deleted_at timestamp with time zone,
    metadata jsonb
);


ALTER TABLE public.product_option_value OWNER TO mukesh;

--
-- Name: product_review; Type: TABLE; Schema: public; Owner: mukesh
--

CREATE TABLE public.product_review (
    id character varying NOT NULL,
    product_id character varying NOT NULL,
    title character varying NOT NULL,
    user_name character varying NOT NULL,
    rating integer NOT NULL,
    content character varying NOT NULL,
    created_at timestamp with time zone DEFAULT now() NOT NULL,
    updated_at timestamp with time zone DEFAULT now() NOT NULL
);


ALTER TABLE public.product_review OWNER TO mukesh;

--
-- Name: product_sales_channel; Type: TABLE; Schema: public; Owner: mukesh
--

CREATE TABLE public.product_sales_channel (
    product_id character varying NOT NULL,
    sales_channel_id character varying NOT NULL
);


ALTER TABLE public.product_sales_channel OWNER TO mukesh;

--
-- Name: product_shipping_profile; Type: TABLE; Schema: public; Owner: mukesh
--

CREATE TABLE public.product_shipping_profile (
    profile_id text NOT NULL,
    product_id text NOT NULL
);


ALTER TABLE public.product_shipping_profile OWNER TO mukesh;

--
-- Name: product_tag; Type: TABLE; Schema: public; Owner: mukesh
--

CREATE TABLE public.product_tag (
    id character varying NOT NULL,
    value character varying NOT NULL,
    created_at timestamp with time zone DEFAULT now() NOT NULL,
    updated_at timestamp with time zone DEFAULT now() NOT NULL,
    deleted_at timestamp with time zone,
    metadata jsonb
);


ALTER TABLE public.product_tag OWNER TO mukesh;

--
-- Name: product_tags; Type: TABLE; Schema: public; Owner: mukesh
--

CREATE TABLE public.product_tags (
    product_id character varying NOT NULL,
    product_tag_id character varying NOT NULL
);


ALTER TABLE public.product_tags OWNER TO mukesh;

--
-- Name: product_tax_rate; Type: TABLE; Schema: public; Owner: mukesh
--

CREATE TABLE public.product_tax_rate (
    product_id character varying NOT NULL,
    rate_id character varying NOT NULL,
    created_at timestamp with time zone DEFAULT now() NOT NULL,
    updated_at timestamp with time zone DEFAULT now() NOT NULL,
    metadata jsonb
);


ALTER TABLE public.product_tax_rate OWNER TO mukesh;

--
-- Name: product_type; Type: TABLE; Schema: public; Owner: mukesh
--

CREATE TABLE public.product_type (
    id character varying NOT NULL,
    value character varying NOT NULL,
    created_at timestamp with time zone DEFAULT now() NOT NULL,
    updated_at timestamp with time zone DEFAULT now() NOT NULL,
    deleted_at timestamp with time zone,
    metadata jsonb
);


ALTER TABLE public.product_type OWNER TO mukesh;

--
-- Name: product_type_tax_rate; Type: TABLE; Schema: public; Owner: mukesh
--

CREATE TABLE public.product_type_tax_rate (
    product_type_id character varying NOT NULL,
    rate_id character varying NOT NULL,
    created_at timestamp with time zone DEFAULT now() NOT NULL,
    updated_at timestamp with time zone DEFAULT now() NOT NULL,
    metadata jsonb
);


ALTER TABLE public.product_type_tax_rate OWNER TO mukesh;

--
-- Name: product_variant; Type: TABLE; Schema: public; Owner: mukesh
--

CREATE TABLE public.product_variant (
    id character varying NOT NULL,
    title character varying NOT NULL,
    product_id character varying NOT NULL,
    sku character varying,
    barcode character varying,
    ean character varying,
    upc character varying,
    inventory_quantity integer NOT NULL,
    allow_backorder boolean DEFAULT false NOT NULL,
    manage_inventory boolean DEFAULT true NOT NULL,
    hs_code character varying,
    origin_country character varying,
    mid_code character varying,
    material character varying,
    weight integer,
    length integer,
    height integer,
    width integer,
    created_at timestamp with time zone DEFAULT now() NOT NULL,
    updated_at timestamp with time zone DEFAULT now() NOT NULL,
    deleted_at timestamp with time zone,
    metadata jsonb,
    variant_rank integer DEFAULT 0
);


ALTER TABLE public.product_variant OWNER TO mukesh;

--
-- Name: product_variant_inventory_item; Type: TABLE; Schema: public; Owner: mukesh
--

CREATE TABLE public.product_variant_inventory_item (
    id character varying NOT NULL,
    created_at timestamp with time zone DEFAULT now() NOT NULL,
    updated_at timestamp with time zone DEFAULT now() NOT NULL,
    inventory_item_id text NOT NULL,
    variant_id text NOT NULL,
    required_quantity integer DEFAULT 1 NOT NULL,
    deleted_at timestamp with time zone
);


ALTER TABLE public.product_variant_inventory_item OWNER TO mukesh;

--
-- Name: product_variant_money_amount; Type: TABLE; Schema: public; Owner: mukesh
--

CREATE TABLE public.product_variant_money_amount (
    id character varying NOT NULL,
    money_amount_id text NOT NULL,
    variant_id text NOT NULL,
    deleted_at timestamp with time zone,
    created_at timestamp with time zone DEFAULT now() NOT NULL,
    updated_at timestamp with time zone DEFAULT now() NOT NULL
);


ALTER TABLE public.product_variant_money_amount OWNER TO mukesh;

--
-- Name: publishable_api_key; Type: TABLE; Schema: public; Owner: mukesh
--

CREATE TABLE public.publishable_api_key (
    id character varying NOT NULL,
    created_at timestamp with time zone DEFAULT now() NOT NULL,
    updated_at timestamp with time zone DEFAULT now() NOT NULL,
    created_by character varying,
    revoked_by character varying,
    revoked_at timestamp with time zone,
    title character varying NOT NULL
);


ALTER TABLE public.publishable_api_key OWNER TO mukesh;

--
-- Name: publishable_api_key_sales_channel; Type: TABLE; Schema: public; Owner: mukesh
--

CREATE TABLE public.publishable_api_key_sales_channel (
    sales_channel_id character varying NOT NULL,
    publishable_key_id character varying NOT NULL
);


ALTER TABLE public.publishable_api_key_sales_channel OWNER TO mukesh;

--
-- Name: refund; Type: TABLE; Schema: public; Owner: mukesh
--

CREATE TABLE public.refund (
    id character varying NOT NULL,
    order_id character varying,
    amount integer NOT NULL,
    note character varying,
    reason public.refund_reason_enum NOT NULL,
    created_at timestamp with time zone DEFAULT now() NOT NULL,
    updated_at timestamp with time zone DEFAULT now() NOT NULL,
    metadata jsonb,
    idempotency_key character varying,
    payment_id character varying
);


ALTER TABLE public.refund OWNER TO mukesh;

--
-- Name: region; Type: TABLE; Schema: public; Owner: mukesh
--

CREATE TABLE public.region (
    id character varying NOT NULL,
    name character varying NOT NULL,
    currency_code character varying NOT NULL,
    tax_rate real NOT NULL,
    tax_code character varying,
    created_at timestamp with time zone DEFAULT now() NOT NULL,
    updated_at timestamp with time zone DEFAULT now() NOT NULL,
    deleted_at timestamp with time zone,
    metadata jsonb,
    gift_cards_taxable boolean DEFAULT true NOT NULL,
    automatic_taxes boolean DEFAULT true NOT NULL,
    tax_provider_id character varying
);


ALTER TABLE public.region OWNER TO mukesh;

--
-- Name: region_fulfillment_providers; Type: TABLE; Schema: public; Owner: mukesh
--

CREATE TABLE public.region_fulfillment_providers (
    region_id character varying NOT NULL,
    provider_id character varying NOT NULL
);


ALTER TABLE public.region_fulfillment_providers OWNER TO mukesh;

--
-- Name: region_payment_providers; Type: TABLE; Schema: public; Owner: mukesh
--

CREATE TABLE public.region_payment_providers (
    region_id character varying NOT NULL,
    provider_id character varying NOT NULL
);


ALTER TABLE public.region_payment_providers OWNER TO mukesh;

--
-- Name: return; Type: TABLE; Schema: public; Owner: mukesh
--

CREATE TABLE public.return (
    id character varying NOT NULL,
    status public.return_status_enum DEFAULT 'requested'::public.return_status_enum NOT NULL,
    swap_id character varying,
    order_id character varying,
    shipping_data jsonb,
    refund_amount integer NOT NULL,
    received_at timestamp with time zone,
    created_at timestamp with time zone DEFAULT now() NOT NULL,
    updated_at timestamp with time zone DEFAULT now() NOT NULL,
    metadata jsonb,
    idempotency_key character varying,
    claim_order_id character varying,
    no_notification boolean,
    location_id character varying
);


ALTER TABLE public.return OWNER TO mukesh;

--
-- Name: return_item; Type: TABLE; Schema: public; Owner: mukesh
--

CREATE TABLE public.return_item (
    return_id character varying NOT NULL,
    item_id character varying NOT NULL,
    quantity integer NOT NULL,
    is_requested boolean DEFAULT true NOT NULL,
    requested_quantity integer,
    received_quantity integer,
    metadata jsonb,
    reason_id character varying,
    note character varying
);


ALTER TABLE public.return_item OWNER TO mukesh;

--
-- Name: return_reason; Type: TABLE; Schema: public; Owner: mukesh
--

CREATE TABLE public.return_reason (
    id character varying NOT NULL,
    value character varying NOT NULL,
    label character varying NOT NULL,
    description character varying,
    created_at timestamp with time zone DEFAULT now() NOT NULL,
    updated_at timestamp with time zone DEFAULT now() NOT NULL,
    deleted_at timestamp with time zone,
    metadata jsonb,
    parent_return_reason_id character varying
);


ALTER TABLE public.return_reason OWNER TO mukesh;

--
-- Name: sales_channel; Type: TABLE; Schema: public; Owner: mukesh
--

CREATE TABLE public.sales_channel (
    id character varying NOT NULL,
    created_at timestamp with time zone DEFAULT now() NOT NULL,
    updated_at timestamp with time zone DEFAULT now() NOT NULL,
    deleted_at timestamp with time zone,
    name character varying NOT NULL,
    description character varying,
    is_disabled boolean DEFAULT false NOT NULL,
    metadata jsonb
);


ALTER TABLE public.sales_channel OWNER TO mukesh;

--
-- Name: sales_channel_location; Type: TABLE; Schema: public; Owner: mukesh
--

CREATE TABLE public.sales_channel_location (
    id character varying NOT NULL,
    created_at timestamp with time zone DEFAULT now() NOT NULL,
    updated_at timestamp with time zone DEFAULT now() NOT NULL,
    sales_channel_id text NOT NULL,
    location_id text NOT NULL,
    deleted_at timestamp with time zone
);


ALTER TABLE public.sales_channel_location OWNER TO mukesh;

--
-- Name: shipping_method; Type: TABLE; Schema: public; Owner: mukesh
--

CREATE TABLE public.shipping_method (
    id character varying NOT NULL,
    shipping_option_id character varying NOT NULL,
    order_id character varying,
    cart_id character varying,
    swap_id character varying,
    return_id character varying,
    price integer NOT NULL,
    data jsonb NOT NULL,
    claim_order_id character varying,
    CONSTRAINT "CHK_64c6812fe7815be30d688df513" CHECK ((price >= 0)),
    CONSTRAINT "CHK_a7020b08665bbd64d84a6641cf" CHECK (((claim_order_id IS NOT NULL) OR (order_id IS NOT NULL) OR (cart_id IS NOT NULL) OR (swap_id IS NOT NULL) OR (return_id IS NOT NULL)))
);


ALTER TABLE public.shipping_method OWNER TO mukesh;

--
-- Name: shipping_method_tax_line; Type: TABLE; Schema: public; Owner: mukesh
--

CREATE TABLE public.shipping_method_tax_line (
    id character varying NOT NULL,
    rate real NOT NULL,
    name character varying NOT NULL,
    code character varying,
    created_at timestamp with time zone DEFAULT now() NOT NULL,
    updated_at timestamp with time zone DEFAULT now() NOT NULL,
    metadata jsonb,
    shipping_method_id character varying NOT NULL
);


ALTER TABLE public.shipping_method_tax_line OWNER TO mukesh;

--
-- Name: shipping_option; Type: TABLE; Schema: public; Owner: mukesh
--

CREATE TABLE public.shipping_option (
    id character varying NOT NULL,
    name character varying NOT NULL,
    region_id character varying NOT NULL,
    profile_id character varying NOT NULL,
    provider_id character varying NOT NULL,
    price_type public.shipping_option_price_type_enum NOT NULL,
    amount integer,
    is_return boolean DEFAULT false NOT NULL,
    data jsonb NOT NULL,
    created_at timestamp with time zone DEFAULT now() NOT NULL,
    updated_at timestamp with time zone DEFAULT now() NOT NULL,
    deleted_at timestamp with time zone,
    metadata jsonb,
    admin_only boolean DEFAULT false NOT NULL,
    CONSTRAINT "CHK_7a367f5901ae0a5b0df75aee38" CHECK ((amount >= 0))
);


ALTER TABLE public.shipping_option OWNER TO mukesh;

--
-- Name: shipping_option_requirement; Type: TABLE; Schema: public; Owner: mukesh
--

CREATE TABLE public.shipping_option_requirement (
    id character varying NOT NULL,
    shipping_option_id character varying NOT NULL,
    type public.shipping_option_requirement_type_enum NOT NULL,
    amount integer NOT NULL,
    deleted_at timestamp with time zone
);


ALTER TABLE public.shipping_option_requirement OWNER TO mukesh;

--
-- Name: shipping_profile; Type: TABLE; Schema: public; Owner: mukesh
--

CREATE TABLE public.shipping_profile (
    id character varying NOT NULL,
    name character varying NOT NULL,
    type public.shipping_profile_type_enum NOT NULL,
    created_at timestamp with time zone DEFAULT now() NOT NULL,
    updated_at timestamp with time zone DEFAULT now() NOT NULL,
    deleted_at timestamp with time zone,
    metadata jsonb
);


ALTER TABLE public.shipping_profile OWNER TO mukesh;

--
-- Name: shipping_tax_rate; Type: TABLE; Schema: public; Owner: mukesh
--

CREATE TABLE public.shipping_tax_rate (
    shipping_option_id character varying NOT NULL,
    rate_id character varying NOT NULL,
    created_at timestamp with time zone DEFAULT now() NOT NULL,
    updated_at timestamp with time zone DEFAULT now() NOT NULL,
    metadata jsonb
);


ALTER TABLE public.shipping_tax_rate OWNER TO mukesh;

--
-- Name: staged_job; Type: TABLE; Schema: public; Owner: mukesh
--

CREATE TABLE public.staged_job (
    id character varying NOT NULL,
    event_name character varying NOT NULL,
    data jsonb NOT NULL,
    options jsonb DEFAULT '{}'::jsonb NOT NULL
);


ALTER TABLE public.staged_job OWNER TO mukesh;

--
-- Name: store; Type: TABLE; Schema: public; Owner: mukesh
--

CREATE TABLE public.store (
    id character varying NOT NULL,
    name character varying DEFAULT 'Medusa Store'::character varying NOT NULL,
    default_currency_code character varying DEFAULT 'usd'::character varying NOT NULL,
    swap_link_template character varying,
    created_at timestamp with time zone DEFAULT now() NOT NULL,
    updated_at timestamp with time zone DEFAULT now() NOT NULL,
    metadata jsonb,
    payment_link_template character varying,
    invite_link_template character varying,
    default_sales_channel_id character varying,
    default_location_id character varying
);


ALTER TABLE public.store OWNER TO mukesh;

--
-- Name: store_currencies; Type: TABLE; Schema: public; Owner: mukesh
--

CREATE TABLE public.store_currencies (
    store_id character varying NOT NULL,
    currency_code character varying NOT NULL
);


ALTER TABLE public.store_currencies OWNER TO mukesh;

--
-- Name: swap; Type: TABLE; Schema: public; Owner: mukesh
--

CREATE TABLE public.swap (
    id character varying NOT NULL,
    fulfillment_status public.swap_fulfillment_status_enum NOT NULL,
    payment_status public.swap_payment_status_enum NOT NULL,
    order_id character varying NOT NULL,
    difference_due integer,
    shipping_address_id character varying,
    cart_id character varying,
    confirmed_at timestamp with time zone,
    created_at timestamp with time zone DEFAULT now() NOT NULL,
    updated_at timestamp with time zone DEFAULT now() NOT NULL,
    deleted_at timestamp with time zone,
    metadata jsonb,
    idempotency_key character varying,
    no_notification boolean,
    canceled_at timestamp with time zone,
    allow_backorder boolean DEFAULT false NOT NULL
);


ALTER TABLE public.swap OWNER TO mukesh;

--
-- Name: tax_provider; Type: TABLE; Schema: public; Owner: mukesh
--

CREATE TABLE public.tax_provider (
    id character varying NOT NULL,
    is_installed boolean DEFAULT true NOT NULL
);


ALTER TABLE public.tax_provider OWNER TO mukesh;

--
-- Name: tax_rate; Type: TABLE; Schema: public; Owner: mukesh
--

CREATE TABLE public.tax_rate (
    id character varying NOT NULL,
    rate real,
    code character varying,
    name character varying NOT NULL,
    region_id character varying NOT NULL,
    created_at timestamp with time zone DEFAULT now() NOT NULL,
    updated_at timestamp with time zone DEFAULT now() NOT NULL,
    metadata jsonb
);


ALTER TABLE public.tax_rate OWNER TO mukesh;

--
-- Name: tracking_link; Type: TABLE; Schema: public; Owner: mukesh
--

CREATE TABLE public.tracking_link (
    id character varying NOT NULL,
    url character varying,
    tracking_number character varying NOT NULL,
    fulfillment_id character varying NOT NULL,
    created_at timestamp with time zone DEFAULT now() NOT NULL,
    updated_at timestamp with time zone DEFAULT now() NOT NULL,
    deleted_at timestamp with time zone,
    metadata jsonb,
    idempotency_key character varying
);


ALTER TABLE public.tracking_link OWNER TO mukesh;

--
-- Name: user; Type: TABLE; Schema: public; Owner: mukesh
--

CREATE TABLE public."user" (
    id character varying NOT NULL,
    email character varying NOT NULL,
    first_name character varying,
    last_name character varying,
    password_hash character varying,
    api_token character varying,
    created_at timestamp with time zone DEFAULT now() NOT NULL,
    updated_at timestamp with time zone DEFAULT now() NOT NULL,
    deleted_at timestamp with time zone,
    metadata jsonb,
    role public.user_role_enum DEFAULT 'member'::public.user_role_enum
);


ALTER TABLE public."user" OWNER TO mukesh;

--
-- Name: country id; Type: DEFAULT; Schema: public; Owner: mukesh
--

ALTER TABLE ONLY public.country ALTER COLUMN id SET DEFAULT nextval('public.country_id_seq'::regclass);


--
-- Name: draft_order display_id; Type: DEFAULT; Schema: public; Owner: mukesh
--

ALTER TABLE ONLY public.draft_order ALTER COLUMN display_id SET DEFAULT nextval('public.draft_order_display_id_seq'::regclass);


--
-- Name: migrations id; Type: DEFAULT; Schema: public; Owner: mukesh
--

ALTER TABLE ONLY public.migrations ALTER COLUMN id SET DEFAULT nextval('public.migrations_id_seq'::regclass);


--
-- Name: order display_id; Type: DEFAULT; Schema: public; Owner: mukesh
--

ALTER TABLE ONLY public."order" ALTER COLUMN display_id SET DEFAULT nextval('public.order_display_id_seq'::regclass);


--
-- Data for Name: address; Type: TABLE DATA; Schema: public; Owner: mukesh
--

COPY public.address (id, customer_id, company, first_name, last_name, address_1, address_2, city, country_code, province, postal_code, phone, created_at, updated_at, deleted_at, metadata) FROM stdin;
\.


--
-- Data for Name: analytics_config; Type: TABLE DATA; Schema: public; Owner: mukesh
--

COPY public.analytics_config (id, created_at, updated_at, deleted_at, user_id, opt_out, anonymize) FROM stdin;
acfg_01HCMFDAW3WYSJMH2AR55VM8R0	2023-10-13 17:45:36.322687+05:30	2023-10-13 17:45:36.322687+05:30	\N	usr_01HCMFCX7ACF8GXGWJN5BGQ8YX	f	f
\.


--
-- Data for Name: batch_job; Type: TABLE DATA; Schema: public; Owner: mukesh
--

COPY public.batch_job (id, type, created_by, context, result, dry_run, created_at, pre_processed_at, confirmed_at, processing_at, completed_at, failed_at, canceled_at, updated_at, deleted_at) FROM stdin;
\.


--
-- Data for Name: cart; Type: TABLE DATA; Schema: public; Owner: mukesh
--

COPY public.cart (id, email, billing_address_id, shipping_address_id, region_id, customer_id, payment_id, type, completed_at, created_at, updated_at, deleted_at, metadata, idempotency_key, context, payment_authorized_at, sales_channel_id) FROM stdin;
\.


--
-- Data for Name: cart_discounts; Type: TABLE DATA; Schema: public; Owner: mukesh
--

COPY public.cart_discounts (cart_id, discount_id) FROM stdin;
\.


--
-- Data for Name: cart_gift_cards; Type: TABLE DATA; Schema: public; Owner: mukesh
--

COPY public.cart_gift_cards (cart_id, gift_card_id) FROM stdin;
\.


--
-- Data for Name: claim_image; Type: TABLE DATA; Schema: public; Owner: mukesh
--

COPY public.claim_image (id, claim_item_id, url, created_at, updated_at, deleted_at, metadata) FROM stdin;
\.


--
-- Data for Name: claim_item; Type: TABLE DATA; Schema: public; Owner: mukesh
--

COPY public.claim_item (id, claim_order_id, item_id, variant_id, reason, note, quantity, created_at, updated_at, deleted_at, metadata) FROM stdin;
\.


--
-- Data for Name: claim_item_tags; Type: TABLE DATA; Schema: public; Owner: mukesh
--

COPY public.claim_item_tags (item_id, tag_id) FROM stdin;
\.


--
-- Data for Name: claim_order; Type: TABLE DATA; Schema: public; Owner: mukesh
--

COPY public.claim_order (id, payment_status, fulfillment_status, type, order_id, shipping_address_id, refund_amount, canceled_at, created_at, updated_at, deleted_at, metadata, idempotency_key, no_notification) FROM stdin;
\.


--
-- Data for Name: claim_tag; Type: TABLE DATA; Schema: public; Owner: mukesh
--

COPY public.claim_tag (id, value, created_at, updated_at, deleted_at, metadata) FROM stdin;
\.


--
-- Data for Name: country; Type: TABLE DATA; Schema: public; Owner: mukesh
--

COPY public.country (id, iso_2, iso_3, num_code, name, display_name, region_id) FROM stdin;
1	af	afg	4	AFGHANISTAN	Afghanistan	\N
2	al	alb	8	ALBANIA	Albania	\N
3	dz	dza	12	ALGERIA	Algeria	\N
4	as	asm	16	AMERICAN SAMOA	American Samoa	\N
5	ad	and	20	ANDORRA	Andorra	\N
6	ao	ago	24	ANGOLA	Angola	\N
7	ai	aia	660	ANGUILLA	Anguilla	\N
8	aq	ata	10	ANTARCTICA	Antarctica	\N
9	ag	atg	28	ANTIGUA AND BARBUDA	Antigua and Barbuda	\N
10	ar	arg	32	ARGENTINA	Argentina	\N
11	am	arm	51	ARMENIA	Armenia	\N
12	aw	abw	533	ARUBA	Aruba	\N
13	au	aus	36	AUSTRALIA	Australia	\N
14	at	aut	40	AUSTRIA	Austria	\N
15	az	aze	31	AZERBAIJAN	Azerbaijan	\N
16	bs	bhs	44	BAHAMAS	Bahamas	\N
17	bh	bhr	48	BAHRAIN	Bahrain	\N
18	bd	bgd	50	BANGLADESH	Bangladesh	\N
19	bb	brb	52	BARBADOS	Barbados	\N
20	by	blr	112	BELARUS	Belarus	\N
21	be	bel	56	BELGIUM	Belgium	\N
22	bz	blz	84	BELIZE	Belize	\N
23	bj	ben	204	BENIN	Benin	\N
24	bm	bmu	60	BERMUDA	Bermuda	\N
25	bt	btn	64	BHUTAN	Bhutan	\N
26	bo	bol	68	BOLIVIA	Bolivia	\N
27	bq	bes	535	BONAIRE, SINT EUSTATIUS AND SABA	Bonaire, Sint Eustatius and Saba	\N
28	ba	bih	70	BOSNIA AND HERZEGOVINA	Bosnia and Herzegovina	\N
29	bw	bwa	72	BOTSWANA	Botswana	\N
30	bv	bvd	74	BOUVET ISLAND	Bouvet Island	\N
31	br	bra	76	BRAZIL	Brazil	\N
32	io	iot	86	BRITISH INDIAN OCEAN TERRITORY	British Indian Ocean Territory	\N
33	bn	brn	96	BRUNEI DARUSSALAM	Brunei Darussalam	\N
34	bg	bgr	100	BULGARIA	Bulgaria	\N
35	bf	bfa	854	BURKINA FASO	Burkina Faso	\N
36	bi	bdi	108	BURUNDI	Burundi	\N
37	kh	khm	116	CAMBODIA	Cambodia	\N
38	cm	cmr	120	CAMEROON	Cameroon	\N
39	ca	can	124	CANADA	Canada	\N
40	cv	cpv	132	CAPE VERDE	Cape Verde	\N
41	ky	cym	136	CAYMAN ISLANDS	Cayman Islands	\N
42	cf	caf	140	CENTRAL AFRICAN REPUBLIC	Central African Republic	\N
43	td	tcd	148	CHAD	Chad	\N
44	cl	chl	152	CHILE	Chile	\N
45	cn	chn	156	CHINA	China	\N
46	cx	cxr	162	CHRISTMAS ISLAND	Christmas Island	\N
47	cc	cck	166	COCOS (KEELING) ISLANDS	Cocos (Keeling) Islands	\N
48	co	col	170	COLOMBIA	Colombia	\N
49	km	com	174	COMOROS	Comoros	\N
50	cg	cog	178	CONGO	Congo	\N
51	cd	cod	180	CONGO, THE DEMOCRATIC REPUBLIC OF THE	Congo, the Democratic Republic of the	\N
52	ck	cok	184	COOK ISLANDS	Cook Islands	\N
53	cr	cri	188	COSTA RICA	Costa Rica	\N
54	ci	civ	384	COTE D'IVOIRE	Cote D'Ivoire	\N
55	hr	hrv	191	CROATIA	Croatia	\N
56	cu	cub	192	CUBA	Cuba	\N
57	cw	cuw	531	CURAAO	Curaao	\N
58	cy	cyp	196	CYPRUS	Cyprus	\N
59	cz	cze	203	CZECH REPUBLIC	Czech Republic	\N
60	dk	dnk	208	DENMARK	Denmark	\N
61	dj	dji	262	DJIBOUTI	Djibouti	\N
62	dm	dma	212	DOMINICA	Dominica	\N
63	do	dom	214	DOMINICAN REPUBLIC	Dominican Republic	\N
64	ec	ecu	218	ECUADOR	Ecuador	\N
65	eg	egy	818	EGYPT	Egypt	\N
66	sv	slv	222	EL SALVADOR	El Salvador	\N
67	gq	gnq	226	EQUATORIAL GUINEA	Equatorial Guinea	\N
68	er	eri	232	ERITREA	Eritrea	\N
69	ee	est	233	ESTONIA	Estonia	\N
70	et	eth	231	ETHIOPIA	Ethiopia	\N
71	fk	flk	238	FALKLAND ISLANDS (MALVINAS)	Falkland Islands (Malvinas)	\N
72	fo	fro	234	FAROE ISLANDS	Faroe Islands	\N
73	fj	fji	242	FIJI	Fiji	\N
74	fi	fin	246	FINLAND	Finland	\N
75	fr	fra	250	FRANCE	France	\N
76	gf	guf	254	FRENCH GUIANA	French Guiana	\N
77	pf	pyf	258	FRENCH POLYNESIA	French Polynesia	\N
78	tf	atf	260	FRENCH SOUTHERN TERRITORIES	French Southern Territories	\N
79	ga	gab	266	GABON	Gabon	\N
80	gm	gmb	270	GAMBIA	Gambia	\N
81	ge	geo	268	GEORGIA	Georgia	\N
82	de	deu	276	GERMANY	Germany	\N
83	gh	gha	288	GHANA	Ghana	\N
84	gi	gib	292	GIBRALTAR	Gibraltar	\N
85	gr	grc	300	GREECE	Greece	\N
86	gl	grl	304	GREENLAND	Greenland	\N
87	gd	grd	308	GRENADA	Grenada	\N
88	gp	glp	312	GUADELOUPE	Guadeloupe	\N
89	gu	gum	316	GUAM	Guam	\N
90	gt	gtm	320	GUATEMALA	Guatemala	\N
91	gg	ggy	831	GUERNSEY	Guernsey	\N
92	gn	gin	324	GUINEA	Guinea	\N
93	gw	gnb	624	GUINEA-BISSAU	Guinea-Bissau	\N
94	gy	guy	328	GUYANA	Guyana	\N
95	ht	hti	332	HAITI	Haiti	\N
96	hm	hmd	334	HEARD ISLAND AND MCDONALD ISLANDS	Heard Island And Mcdonald Islands	\N
97	va	vat	336	HOLY SEE (VATICAN CITY STATE)	Holy See (Vatican City State)	\N
98	hn	hnd	340	HONDURAS	Honduras	\N
99	hk	hkg	344	HONG KONG	Hong Kong	\N
100	hu	hun	348	HUNGARY	Hungary	\N
101	is	isl	352	ICELAND	Iceland	\N
103	id	idn	360	INDONESIA	Indonesia	\N
104	ir	irn	364	IRAN, ISLAMIC REPUBLIC OF	Iran, Islamic Republic of	\N
105	iq	irq	368	IRAQ	Iraq	\N
106	ie	irl	372	IRELAND	Ireland	\N
107	im	imn	833	ISLE OF MAN	Isle Of Man	\N
108	il	isr	376	ISRAEL	Israel	\N
109	it	ita	380	ITALY	Italy	\N
110	jm	jam	388	JAMAICA	Jamaica	\N
111	jp	jpn	392	JAPAN	Japan	\N
112	je	jey	832	JERSEY	Jersey	\N
113	jo	jor	400	JORDAN	Jordan	\N
114	kz	kaz	398	KAZAKHSTAN	Kazakhstan	\N
115	ke	ken	404	KENYA	Kenya	\N
116	ki	kir	296	KIRIBATI	Kiribati	\N
117	kp	prk	408	KOREA, DEMOCRATIC PEOPLE'S REPUBLIC OF	Korea, Democratic People's Republic of	\N
118	kr	kor	410	KOREA, REPUBLIC OF	Korea, Republic of	\N
119	xk	xkx	900	KOSOVO	Kosovo	\N
120	kw	kwt	414	KUWAIT	Kuwait	\N
121	kg	kgz	417	KYRGYZSTAN	Kyrgyzstan	\N
122	la	lao	418	LAO PEOPLE'S DEMOCRATIC REPUBLIC	Lao People's Democratic Republic	\N
123	lv	lva	428	LATVIA	Latvia	\N
124	lb	lbn	422	LEBANON	Lebanon	\N
125	ls	lso	426	LESOTHO	Lesotho	\N
126	lr	lbr	430	LIBERIA	Liberia	\N
127	ly	lby	434	LIBYAN ARAB JAMAHIRIYA	Libyan Arab Jamahiriya	\N
128	li	lie	438	LIECHTENSTEIN	Liechtenstein	\N
129	lt	ltu	440	LITHUANIA	Lithuania	\N
130	lu	lux	442	LUXEMBOURG	Luxembourg	\N
131	mo	mac	446	MACAO	Macao	\N
132	mk	mkd	807	MACEDONIA, THE FORMER YUGOSLAV REPUBLIC OF	Macedonia, the Former Yugoslav Republic of	\N
133	mg	mdg	450	MADAGASCAR	Madagascar	\N
134	mw	mwi	454	MALAWI	Malawi	\N
135	my	mys	458	MALAYSIA	Malaysia	\N
136	mv	mdv	462	MALDIVES	Maldives	\N
137	ml	mli	466	MALI	Mali	\N
138	mt	mlt	470	MALTA	Malta	\N
139	mh	mhl	584	MARSHALL ISLANDS	Marshall Islands	\N
140	mq	mtq	474	MARTINIQUE	Martinique	\N
141	mr	mrt	478	MAURITANIA	Mauritania	\N
142	mu	mus	480	MAURITIUS	Mauritius	\N
143	yt	myt	175	MAYOTTE	Mayotte	\N
144	mx	mex	484	MEXICO	Mexico	\N
145	fm	fsm	583	MICRONESIA, FEDERATED STATES OF	Micronesia, Federated States of	\N
146	md	mda	498	MOLDOVA, REPUBLIC OF	Moldova, Republic of	\N
147	mc	mco	492	MONACO	Monaco	\N
148	mn	mng	496	MONGOLIA	Mongolia	\N
149	me	mne	499	MONTENEGRO	Montenegro	\N
150	ms	msr	500	MONTSERRAT	Montserrat	\N
151	ma	mar	504	MOROCCO	Morocco	\N
152	mz	moz	508	MOZAMBIQUE	Mozambique	\N
153	mm	mmr	104	MYANMAR	Myanmar	\N
154	na	nam	516	NAMIBIA	Namibia	\N
155	nr	nru	520	NAURU	Nauru	\N
156	np	npl	524	NEPAL	Nepal	\N
157	nl	nld	528	NETHERLANDS	Netherlands	\N
158	nc	ncl	540	NEW CALEDONIA	New Caledonia	\N
159	nz	nzl	554	NEW ZEALAND	New Zealand	\N
160	ni	nic	558	NICARAGUA	Nicaragua	\N
161	ne	ner	562	NIGER	Niger	\N
162	ng	nga	566	NIGERIA	Nigeria	\N
163	nu	niu	570	NIUE	Niue	\N
164	nf	nfk	574	NORFOLK ISLAND	Norfolk Island	\N
165	mp	mnp	580	NORTHERN MARIANA ISLANDS	Northern Mariana Islands	\N
166	no	nor	578	NORWAY	Norway	\N
167	om	omn	512	OMAN	Oman	\N
168	pk	pak	586	PAKISTAN	Pakistan	\N
169	pw	plw	585	PALAU	Palau	\N
170	ps	pse	275	PALESTINIAN TERRITORY, OCCUPIED	Palestinian Territory, Occupied	\N
171	pa	pan	591	PANAMA	Panama	\N
172	pg	png	598	PAPUA NEW GUINEA	Papua New Guinea	\N
173	py	pry	600	PARAGUAY	Paraguay	\N
174	pe	per	604	PERU	Peru	\N
175	ph	phl	608	PHILIPPINES	Philippines	\N
176	pn	pcn	612	PITCAIRN	Pitcairn	\N
177	pl	pol	616	POLAND	Poland	\N
178	pt	prt	620	PORTUGAL	Portugal	\N
179	pr	pri	630	PUERTO RICO	Puerto Rico	\N
180	qa	qat	634	QATAR	Qatar	\N
181	re	reu	638	REUNION	Reunion	\N
182	ro	rom	642	ROMANIA	Romania	\N
183	ru	rus	643	RUSSIAN FEDERATION	Russian Federation	\N
184	rw	rwa	646	RWANDA	Rwanda	\N
185	bl	blm	652	SAINT BARTHLEMY	Saint Barthlemy	\N
186	sh	shn	654	SAINT HELENA	Saint Helena	\N
187	kn	kna	659	SAINT KITTS AND NEVIS	Saint Kitts and Nevis	\N
188	lc	lca	662	SAINT LUCIA	Saint Lucia	\N
189	mf	maf	663	SAINT MARTIN (FRENCH PART)	Saint Martin (French part)	\N
190	pm	spm	666	SAINT PIERRE AND MIQUELON	Saint Pierre and Miquelon	\N
191	vc	vct	670	SAINT VINCENT AND THE GRENADINES	Saint Vincent and the Grenadines	\N
192	ws	wsm	882	SAMOA	Samoa	\N
193	sm	smr	674	SAN MARINO	San Marino	\N
194	st	stp	678	SAO TOME AND PRINCIPE	Sao Tome and Principe	\N
195	sa	sau	682	SAUDI ARABIA	Saudi Arabia	\N
196	sn	sen	686	SENEGAL	Senegal	\N
197	rs	srb	688	SERBIA	Serbia	\N
198	sc	syc	690	SEYCHELLES	Seychelles	\N
199	sl	sle	694	SIERRA LEONE	Sierra Leone	\N
200	sg	sgp	702	SINGAPORE	Singapore	\N
201	sx	sxm	534	SINT MAARTEN	Sint Maarten	\N
202	sk	svk	703	SLOVAKIA	Slovakia	\N
203	si	svn	705	SLOVENIA	Slovenia	\N
204	sb	slb	90	SOLOMON ISLANDS	Solomon Islands	\N
205	so	som	706	SOMALIA	Somalia	\N
206	za	zaf	710	SOUTH AFRICA	South Africa	\N
207	gs	sgs	239	SOUTH GEORGIA AND THE SOUTH SANDWICH ISLANDS	South Georgia and the South Sandwich Islands	\N
208	ss	ssd	728	SOUTH SUDAN	South Sudan	\N
209	es	esp	724	SPAIN	Spain	\N
210	lk	lka	144	SRI LANKA	Sri Lanka	\N
211	sd	sdn	729	SUDAN	Sudan	\N
212	sr	sur	740	SURINAME	Suriname	\N
213	sj	sjm	744	SVALBARD AND JAN MAYEN	Svalbard and Jan Mayen	\N
214	sz	swz	748	SWAZILAND	Swaziland	\N
215	se	swe	752	SWEDEN	Sweden	\N
216	ch	che	756	SWITZERLAND	Switzerland	\N
217	sy	syr	760	SYRIAN ARAB REPUBLIC	Syrian Arab Republic	\N
218	tw	twn	158	TAIWAN, PROVINCE OF CHINA	Taiwan, Province of China	\N
219	tj	tjk	762	TAJIKISTAN	Tajikistan	\N
220	tz	tza	834	TANZANIA, UNITED REPUBLIC OF	Tanzania, United Republic of	\N
221	th	tha	764	THAILAND	Thailand	\N
222	tl	tls	626	TIMOR LESTE	Timor Leste	\N
223	tg	tgo	768	TOGO	Togo	\N
224	tk	tkl	772	TOKELAU	Tokelau	\N
225	to	ton	776	TONGA	Tonga	\N
226	tt	tto	780	TRINIDAD AND TOBAGO	Trinidad and Tobago	\N
227	tn	tun	788	TUNISIA	Tunisia	\N
228	tr	tur	792	TURKEY	Turkey	\N
229	tm	tkm	795	TURKMENISTAN	Turkmenistan	\N
230	tc	tca	796	TURKS AND CAICOS ISLANDS	Turks and Caicos Islands	\N
231	tv	tuv	798	TUVALU	Tuvalu	\N
232	ug	uga	800	UGANDA	Uganda	\N
233	ua	ukr	804	UKRAINE	Ukraine	\N
234	ae	are	784	UNITED ARAB EMIRATES	United Arab Emirates	\N
235	gb	gbr	826	UNITED KINGDOM	United Kingdom	\N
236	us	usa	840	UNITED STATES	United States	\N
237	um	umi	581	UNITED STATES MINOR OUTLYING ISLANDS	United States Minor Outlying Islands	\N
238	uy	ury	858	URUGUAY	Uruguay	\N
239	uz	uzb	860	UZBEKISTAN	Uzbekistan	\N
240	vu	vut	548	VANUATU	Vanuatu	\N
241	ve	ven	862	VENEZUELA	Venezuela	\N
242	vn	vnm	704	VIET NAM	Viet Nam	\N
243	vg	vgb	92	VIRGIN ISLANDS, BRITISH	Virgin Islands, British	\N
244	vi	vir	850	VIRGIN ISLANDS, U.S.	Virgin Islands, U.S.	\N
245	wf	wlf	876	WALLIS AND FUTUNA	Wallis and Futuna	\N
246	eh	esh	732	WESTERN SAHARA	Western Sahara	\N
247	ye	yem	887	YEMEN	Yemen	\N
248	zm	zmb	894	ZAMBIA	Zambia	\N
249	zw	zwe	716	ZIMBABWE	Zimbabwe	\N
250	ax	ala	248	LAND ISLANDS	land Islands	\N
102	in	ind	356	INDIA	India	reg_01HCMFCX7ZJJPJWH7ER0PPW6VR
\.


--
-- Data for Name: currency; Type: TABLE DATA; Schema: public; Owner: mukesh
--

COPY public.currency (code, symbol, symbol_native, name) FROM stdin;
usd	$	$	US Dollar
cad	CA$	$	Canadian Dollar
eur			Euro
aed	AED	..	United Arab Emirates Dirham
afn	Af		Afghan Afghani
all	ALL	Lek	Albanian Lek
amd	AMD	.	Armenian Dram
ars	AR$	$	Argentine Peso
aud	AU$	$	Australian Dollar
azn	man.	.	Azerbaijani Manat
bam	KM	KM	Bosnia-Herzegovina Convertible Mark
bdt	Tk		Bangladeshi Taka
bgn	BGN	.	Bulgarian Lev
bhd	BD	..	Bahraini Dinar
bif	FBu	FBu	Burundian Franc
bnd	BN$	$	Brunei Dollar
bob	Bs	Bs	Bolivian Boliviano
brl	R$	R$	Brazilian Real
bwp	BWP	P	Botswanan Pula
byn	Br	.	Belarusian Ruble
bzd	BZ$	$	Belize Dollar
cdf	CDF	FrCD	Congolese Franc
chf	CHF	CHF	Swiss Franc
clp	CL$	$	Chilean Peso
cny	CN	CN	Chinese Yuan
cop	CO$	$	Colombian Peso
crc			Costa Rican Coln
cve	CV$	CV$	Cape Verdean Escudo
czk	K	K	Czech Republic Koruna
djf	Fdj	Fdj	Djiboutian Franc
dkk	Dkr	kr	Danish Krone
dop	RD$	RD$	Dominican Peso
dzd	DA	..	Algerian Dinar
eek	Ekr	kr	Estonian Kroon
egp	EGP	..	Egyptian Pound
ern	Nfk	Nfk	Eritrean Nakfa
etb	Br	Br	Ethiopian Birr
gbp			British Pound Sterling
gel	GEL	GEL	Georgian Lari
ghs	GH	GH	Ghanaian Cedi
gnf	FG	FG	Guinean Franc
gtq	GTQ	Q	Guatemalan Quetzal
hkd	HK$	$	Hong Kong Dollar
hnl	HNL	L	Honduran Lempira
hrk	kn	kn	Croatian Kuna
huf	Ft	Ft	Hungarian Forint
idr	Rp	Rp	Indonesian Rupiah
ils			Israeli New Sheqel
inr	Rs		Indian Rupee
iqd	IQD	..	Iraqi Dinar
irr	IRR		Iranian Rial
isk	Ikr	kr	Icelandic Krna
jmd	J$	$	Jamaican Dollar
jod	JD	..	Jordanian Dinar
jpy			Japanese Yen
kes	Ksh	Ksh	Kenyan Shilling
khr	KHR		Cambodian Riel
kmf	CF	FC	Comorian Franc
krw			South Korean Won
kwd	KD	..	Kuwaiti Dinar
kzt	KZT	.	Kazakhstani Tenge
lbp	LB	..	Lebanese Pound
lkr	SLRs	SL Re	Sri Lankan Rupee
ltl	Lt	Lt	Lithuanian Litas
lvl	Ls	Ls	Latvian Lats
lyd	LD	..	Libyan Dinar
mad	MAD	..	Moroccan Dirham
mdl	MDL	MDL	Moldovan Leu
mga	MGA	MGA	Malagasy Ariary
mkd	MKD	MKD	Macedonian Denar
mmk	MMK	K	Myanma Kyat
mnt	MNT		Mongolian Tugrig
mop	MOP$	MOP$	Macanese Pataca
mur	MURs	MURs	Mauritian Rupee
mxn	MX$	$	Mexican Peso
myr	RM	RM	Malaysian Ringgit
mzn	MTn	MTn	Mozambican Metical
nad	N$	N$	Namibian Dollar
ngn			Nigerian Naira
nio	C$	C$	Nicaraguan Crdoba
nok	Nkr	kr	Norwegian Krone
npr	NPRs		Nepalese Rupee
nzd	NZ$	$	New Zealand Dollar
omr	OMR	..	Omani Rial
pab	B/.	B/.	Panamanian Balboa
pen	S/.	S/.	Peruvian Nuevo Sol
php			Philippine Peso
pkr	PKRs		Pakistani Rupee
pln	z	z	Polish Zloty
pyg			Paraguayan Guarani
qar	QR	..	Qatari Rial
ron	RON	RON	Romanian Leu
rsd	din.	.	Serbian Dinar
rub	RUB	.	Russian Ruble
rwf	RWF	FR	Rwandan Franc
sar	SR	..	Saudi Riyal
sdg	SDG	SDG	Sudanese Pound
sek	Skr	kr	Swedish Krona
sgd	S$	$	Singapore Dollar
sos	Ssh	Ssh	Somali Shilling
syp	SY	..	Syrian Pound
thb			Thai Baht
tnd	DT	..	Tunisian Dinar
top	T$	T$	Tongan Paanga
try	TL	TL	Turkish Lira
ttd	TT$	$	Trinidad and Tobago Dollar
twd	NT$	NT$	New Taiwan Dollar
tzs	TSh	TSh	Tanzanian Shilling
uah			Ukrainian Hryvnia
ugx	USh	USh	Ugandan Shilling
uyu	$U	$	Uruguayan Peso
uzs	UZS	UZS	Uzbekistan Som
vef	Bs.F.	Bs.F.	Venezuelan Bolvar
vnd			Vietnamese Dong
xaf	FCFA	FCFA	CFA Franc BEAC
xof	CFA	CFA	CFA Franc BCEAO
yer	YR	..	Yemeni Rial
zar	R	R	South African Rand
zmk	ZK	ZK	Zambian Kwacha
zwl	ZWL$	ZWL$	Zimbabwean Dollar
\.


--
-- Data for Name: custom_shipping_option; Type: TABLE DATA; Schema: public; Owner: mukesh
--

COPY public.custom_shipping_option (id, price, shipping_option_id, cart_id, created_at, updated_at, deleted_at, metadata) FROM stdin;
\.


--
-- Data for Name: customer; Type: TABLE DATA; Schema: public; Owner: mukesh
--

COPY public.customer (id, email, first_name, last_name, billing_address_id, password_hash, phone, has_account, created_at, updated_at, deleted_at, metadata) FROM stdin;
\.


--
-- Data for Name: customer_group; Type: TABLE DATA; Schema: public; Owner: mukesh
--

COPY public.customer_group (id, name, created_at, updated_at, deleted_at, metadata) FROM stdin;
\.


--
-- Data for Name: customer_group_customers; Type: TABLE DATA; Schema: public; Owner: mukesh
--

COPY public.customer_group_customers (customer_group_id, customer_id) FROM stdin;
\.


--
-- Data for Name: discount; Type: TABLE DATA; Schema: public; Owner: mukesh
--

COPY public.discount (id, code, is_dynamic, rule_id, is_disabled, parent_discount_id, starts_at, ends_at, created_at, updated_at, deleted_at, metadata, usage_limit, usage_count, valid_duration) FROM stdin;
\.


--
-- Data for Name: discount_condition; Type: TABLE DATA; Schema: public; Owner: mukesh
--

COPY public.discount_condition (id, type, operator, discount_rule_id, created_at, updated_at, deleted_at, metadata) FROM stdin;
\.


--
-- Data for Name: discount_condition_customer_group; Type: TABLE DATA; Schema: public; Owner: mukesh
--

COPY public.discount_condition_customer_group (customer_group_id, condition_id, created_at, updated_at, metadata) FROM stdin;
\.


--
-- Data for Name: discount_condition_product; Type: TABLE DATA; Schema: public; Owner: mukesh
--

COPY public.discount_condition_product (product_id, condition_id, created_at, updated_at, metadata) FROM stdin;
\.


--
-- Data for Name: discount_condition_product_collection; Type: TABLE DATA; Schema: public; Owner: mukesh
--

COPY public.discount_condition_product_collection (product_collection_id, condition_id, created_at, updated_at, metadata) FROM stdin;
\.


--
-- Data for Name: discount_condition_product_tag; Type: TABLE DATA; Schema: public; Owner: mukesh
--

COPY public.discount_condition_product_tag (product_tag_id, condition_id, created_at, updated_at, metadata) FROM stdin;
\.


--
-- Data for Name: discount_condition_product_type; Type: TABLE DATA; Schema: public; Owner: mukesh
--

COPY public.discount_condition_product_type (product_type_id, condition_id, created_at, updated_at, metadata) FROM stdin;
\.


--
-- Data for Name: discount_regions; Type: TABLE DATA; Schema: public; Owner: mukesh
--

COPY public.discount_regions (discount_id, region_id) FROM stdin;
\.


--
-- Data for Name: discount_rule; Type: TABLE DATA; Schema: public; Owner: mukesh
--

COPY public.discount_rule (id, description, type, value, allocation, created_at, updated_at, deleted_at, metadata) FROM stdin;
\.


--
-- Data for Name: discount_rule_products; Type: TABLE DATA; Schema: public; Owner: mukesh
--

COPY public.discount_rule_products (discount_rule_id, product_id) FROM stdin;
\.


--
-- Data for Name: draft_order; Type: TABLE DATA; Schema: public; Owner: mukesh
--

COPY public.draft_order (id, status, display_id, cart_id, order_id, canceled_at, created_at, updated_at, completed_at, metadata, idempotency_key, no_notification_order) FROM stdin;
\.


--
-- Data for Name: fulfillment; Type: TABLE DATA; Schema: public; Owner: mukesh
--

COPY public.fulfillment (id, swap_id, order_id, tracking_numbers, data, shipped_at, canceled_at, created_at, updated_at, metadata, idempotency_key, provider_id, claim_order_id, no_notification, location_id) FROM stdin;
\.


--
-- Data for Name: fulfillment_item; Type: TABLE DATA; Schema: public; Owner: mukesh
--

COPY public.fulfillment_item (fulfillment_id, item_id, quantity) FROM stdin;
\.


--
-- Data for Name: fulfillment_provider; Type: TABLE DATA; Schema: public; Owner: mukesh
--

COPY public.fulfillment_provider (id, is_installed) FROM stdin;
manual	t
\.


--
-- Data for Name: gift_card; Type: TABLE DATA; Schema: public; Owner: mukesh
--

COPY public.gift_card (id, code, value, balance, region_id, order_id, is_disabled, ends_at, created_at, updated_at, deleted_at, metadata, tax_rate) FROM stdin;
\.


--
-- Data for Name: gift_card_transaction; Type: TABLE DATA; Schema: public; Owner: mukesh
--

COPY public.gift_card_transaction (id, gift_card_id, order_id, amount, created_at, is_taxable, tax_rate) FROM stdin;
\.


--
-- Data for Name: idempotency_key; Type: TABLE DATA; Schema: public; Owner: mukesh
--

COPY public.idempotency_key (id, idempotency_key, created_at, locked_at, request_method, request_params, request_path, response_code, response_body, recovery_point) FROM stdin;
\.


--
-- Data for Name: image; Type: TABLE DATA; Schema: public; Owner: mukesh
--

COPY public.image (id, url, created_at, updated_at, deleted_at, metadata) FROM stdin;
img_01HCMFCX9ESW1TNF3JQ3MNWB6H	https://cdn.shopify.com/s/files/1/0806/6577/2308/products/db3fd016e2307b39865de8a25d9dac03.jpg?v=1691345392	2023-10-13 17:45:22.314586+05:30	2023-10-13 17:45:22.314586+05:30	\N	\N
img_01HCMFCXB44RPJ9TCT4T09X8C8	https://cdn.shopify.com/s/files/1/0806/6577/2308/products/5e7199acf47f527cdad1fdbcf5d85655.jpg?v=1691345833	2023-10-13 17:45:22.314586+05:30	2023-10-13 17:45:22.314586+05:30	\N	\N
img_01HCMFCXBZTYPW1C9G1Q5KDT2J	https://cdn.shopify.com/s/files/1/0806/6577/2308/products/c67a583655208237acd890e440921d49.jpg?v=1691345396	2023-10-13 17:45:22.314586+05:30	2023-10-13 17:45:22.314586+05:30	\N	\N
img_01HCMFCXCQC4D0F5SBPFFZF6BX	https://cdn.shopify.com/s/files/1/0806/6577/2308/products/e53f487d4e5c781e65b936c1e96d2eea.jpg?v=1691345835	2023-10-13 17:45:22.314586+05:30	2023-10-13 17:45:22.314586+05:30	\N	\N
img_01HCMFCXDDVTCDBRP11B6N5F4A	https://cdn.shopify.com/s/files/1/0806/6577/2308/products/85cc58608bf138a50036bcfe86a3a362.jpg?v=1691345287	2023-10-13 17:45:22.314586+05:30	2023-10-13 17:45:22.314586+05:30	\N	\N
img_01HCMFCXDD41NMME8MR8JWCNJX	https://cdn.shopify.com/s/files/1/0806/6577/2308/products/8a029d2035bfb80e473361dfc08449be.jpg?v=1691345287	2023-10-13 17:45:22.314586+05:30	2023-10-13 17:45:22.314586+05:30	\N	\N
img_01HCMFCXDDRWGNMTZ5B5CPM9JW	https://cdn.shopify.com/s/files/1/0806/6577/2308/products/ad50775123e20f3d1af2bd07046b777d.jpg?v=1691345287	2023-10-13 17:45:22.314586+05:30	2023-10-13 17:45:22.314586+05:30	\N	\N
img_01HCMFCXE72D45H9AGZ6S18K85	https://cdn.shopify.com/s/files/1/0806/6577/2308/products/85cc58608bf138a50036bcfe86a3a362_7e74465d-1d82-4816-bc2a-b7daa809d594.jpg?v=1691345651	2023-10-13 17:45:22.314586+05:30	2023-10-13 17:45:22.314586+05:30	\N	\N
img_01HCMFCXE72SMDB300V7W8KCK0	https://cdn.shopify.com/s/files/1/0806/6577/2308/products/8a029d2035bfb80e473361dfc08449be_93f38034-1261-4e53-90bb-e9f3872e5e83.jpg?v=1691345651	2023-10-13 17:45:22.314586+05:30	2023-10-13 17:45:22.314586+05:30	\N	\N
img_01HCMFCXE7JJPETC70VE5WEG2M	https://cdn.shopify.com/s/files/1/0806/6577/2308/products/ad50775123e20f3d1af2bd07046b777d_bc7a4209-f9b5-47b0-828f-f34048e8f83f.jpg?v=1691345651	2023-10-13 17:45:22.314586+05:30	2023-10-13 17:45:22.314586+05:30	\N	\N
img_01HCMFCXESBFT08D6HMFWKPNWS	https://cdn.shopify.com/s/files/1/0806/6577/2308/products/8072c8b5718306d4be25aac21836ce16.jpg?v=1691345290	2023-10-13 17:45:22.314586+05:30	2023-10-13 17:45:22.314586+05:30	\N	\N
img_01HCMFCXESRCWJD3EXVC2J8QHY	https://cdn.shopify.com/s/files/1/0806/6577/2308/products/32b3863554f4686d825d9da18a24cfc6.jpg?v=1691345290	2023-10-13 17:45:22.314586+05:30	2023-10-13 17:45:22.314586+05:30	\N	\N
img_01HCMFCXES5R0F67WAJNZX4VT7	https://cdn.shopify.com/s/files/1/0806/6577/2308/products/044f848776141f1024eae6c610a28d12.jpg?v=1691345290	2023-10-13 17:45:22.314586+05:30	2023-10-13 17:45:22.314586+05:30	\N	\N
img_01HCMFCXFCXKFHD8V48DXBQ9FZ	https://cdn.shopify.com/s/files/1/0806/6577/2308/products/8072c8b5718306d4be25aac21836ce16_4298a50c-d4a4-47ba-83a2-d26710d4e410.jpg?v=1691345653	2023-10-13 17:45:22.314586+05:30	2023-10-13 17:45:22.314586+05:30	\N	\N
img_01HCMFCXFC7ARMHQSYVNV92TW8	https://cdn.shopify.com/s/files/1/0806/6577/2308/products/32b3863554f4686d825d9da18a24cfc6_f2fe53f9-f986-4d65-9cc1-9f6017507499.jpg?v=1691345653	2023-10-13 17:45:22.314586+05:30	2023-10-13 17:45:22.314586+05:30	\N	\N
img_01HCMFCXFCZ036BWDSW31FNZ3F	https://cdn.shopify.com/s/files/1/0806/6577/2308/products/044f848776141f1024eae6c610a28d12_3c37c9ec-5e72-4751-9235-28b7c428db99.jpg?v=1691345653	2023-10-13 17:45:22.314586+05:30	2023-10-13 17:45:22.314586+05:30	\N	\N
img_01HCMFCXG135WZ7TA9W899N473	https://cdn.shopify.com/s/files/1/0806/6577/2308/products/7883dc186e15bf29dad696e1e989e914.jpg?v=1691345270	2023-10-13 17:45:22.314586+05:30	2023-10-13 17:45:22.314586+05:30	\N	\N
img_01HCMFCXG16E6ZDR83VZ82Z8Z7	https://cdn.shopify.com/s/files/1/0806/6577/2308/products/8cd561824439482e3cea5ba8e3a6e2f6.jpg?v=1691345270	2023-10-13 17:45:22.314586+05:30	2023-10-13 17:45:22.314586+05:30	\N	\N
img_01HCMFCXG1DG6EQ3NNSPJH44YJ	https://cdn.shopify.com/s/files/1/0806/6577/2308/products/2e1f72987692d2dcc3c02be2f194d6c5.jpg?v=1691345270	2023-10-13 17:45:22.314586+05:30	2023-10-13 17:45:22.314586+05:30	\N	\N
img_01HCMFCXG128DAGYS3JJPT0DHJ	https://cdn.shopify.com/s/files/1/0806/6577/2308/products/6216e82660d881e6f2b0e46dc3f8844a.jpg?v=1691345270	2023-10-13 17:45:22.314586+05:30	2023-10-13 17:45:22.314586+05:30	\N	\N
img_01HCMFCXG127MQR71064FEABKC	https://cdn.shopify.com/s/files/1/0806/6577/2308/products/e5247cc373e3b61f18013282a6d9c3c0.jpg?v=1691345270	2023-10-13 17:45:22.314586+05:30	2023-10-13 17:45:22.314586+05:30	\N	\N
img_01HCMFCXH2BGSGN1Y3E13MYNAF	https://cdn.shopify.com/s/files/1/0806/6577/2308/products/7883dc186e15bf29dad696e1e989e914_2baf3c8a-2844-4509-bd8c-424f9c89d3cf.jpg?v=1691345634	2023-10-13 17:45:22.314586+05:30	2023-10-13 17:45:22.314586+05:30	\N	\N
img_01HCMFCXH201PTRVMD52X3PPCK	https://cdn.shopify.com/s/files/1/0806/6577/2308/products/8cd561824439482e3cea5ba8e3a6e2f6_013afb3c-5377-4b50-8047-f903fbe423e5.jpg?v=1691345634	2023-10-13 17:45:22.314586+05:30	2023-10-13 17:45:22.314586+05:30	\N	\N
img_01HCMFCXH2CPV36WJ45MG395F8	https://cdn.shopify.com/s/files/1/0806/6577/2308/products/2e1f72987692d2dcc3c02be2f194d6c5_551f89f7-6bab-45ab-98a6-31891516c9af.jpg?v=1691345634	2023-10-13 17:45:22.314586+05:30	2023-10-13 17:45:22.314586+05:30	\N	\N
img_01HCMFCXH21EFF187B8B4VXZDP	https://cdn.shopify.com/s/files/1/0806/6577/2308/products/6216e82660d881e6f2b0e46dc3f8844a_de230967-556b-418e-a514-2fcd5cd76022.jpg?v=1691345634	2023-10-13 17:45:22.314586+05:30	2023-10-13 17:45:22.314586+05:30	\N	\N
img_01HCMFCXH3WK0VCYAJHT17ZT14	https://cdn.shopify.com/s/files/1/0806/6577/2308/products/e5247cc373e3b61f18013282a6d9c3c0_78b169f7-58e5-4132-ba6b-5867e6c5854c.jpg?v=1691345634	2023-10-13 17:45:22.314586+05:30	2023-10-13 17:45:22.314586+05:30	\N	\N
img_01HCMFCXJ584DSVB6CR2RGY8EF	https://cdn.shopify.com/s/files/1/0806/6577/2308/products/44694ee386818f3276566210464cf341.jpg?v=1691345205	2023-10-13 17:45:22.314586+05:30	2023-10-13 17:45:22.314586+05:30	\N	\N
img_01HCMFCXJ5S390AXE0X6M1WPN6	https://cdn.shopify.com/s/files/1/0806/6577/2308/products/b5176e5151cdf20d15cff3f551274753.jpg?v=1691345205	2023-10-13 17:45:22.314586+05:30	2023-10-13 17:45:22.314586+05:30	\N	\N
img_01HCMFCXJ502PFWECBY1Q5FPEG	https://cdn.shopify.com/s/files/1/0806/6577/2308/products/6eb0aa9fdb271e5954b2f0d09a0640e4.jpg?v=1691345205	2023-10-13 17:45:22.314586+05:30	2023-10-13 17:45:22.314586+05:30	\N	\N
img_01HCMFCXJ5V9KG9XFQZFDFEEW7	https://cdn.shopify.com/s/files/1/0806/6577/2308/products/015219de8a5be46a3b0a7b9089112d74.jpg?v=1691345205	2023-10-13 17:45:22.314586+05:30	2023-10-13 17:45:22.314586+05:30	\N	\N
img_01HCMFCXJ5A1MT96STX06D75DY	https://cdn.shopify.com/s/files/1/0806/6577/2308/products/e8490702c423e6c62d356cace500822f.jpg?v=1691345205	2023-10-13 17:45:22.314586+05:30	2023-10-13 17:45:22.314586+05:30	\N	\N
img_01HCMFCXMTZ087B586MNCC7XVA	https://cdn.shopify.com/s/files/1/0806/6577/2308/products/44694ee386818f3276566210464cf341_3d657784-0703-4ab5-a228-cc430f0ab8c7.jpg?v=1691345571	2023-10-13 17:45:22.314586+05:30	2023-10-13 17:45:22.314586+05:30	\N	\N
img_01HCMFCXMTKGQ4C015DXNKA6QS	https://cdn.shopify.com/s/files/1/0806/6577/2308/products/b5176e5151cdf20d15cff3f551274753_f3c2bab6-205b-439f-b194-70609fb4f35f.jpg?v=1691345571	2023-10-13 17:45:22.314586+05:30	2023-10-13 17:45:22.314586+05:30	\N	\N
img_01HCMFCXMT2WP9C7Q0965ZSK4D	https://cdn.shopify.com/s/files/1/0806/6577/2308/products/6eb0aa9fdb271e5954b2f0d09a0640e4_fb472641-eea8-48b1-994b-3baa42df6528.jpg?v=1691345571	2023-10-13 17:45:22.314586+05:30	2023-10-13 17:45:22.314586+05:30	\N	\N
img_01HCMFCXMVSA1MDEW3Z04FQN0V	https://cdn.shopify.com/s/files/1/0806/6577/2308/products/015219de8a5be46a3b0a7b9089112d74_24d4410c-4ea7-4f22-b3f3-91af33e2f72c.jpg?v=1691345571	2023-10-13 17:45:22.314586+05:30	2023-10-13 17:45:22.314586+05:30	\N	\N
img_01HCMFCXMVYXA8DQWPWV43XJXG	https://cdn.shopify.com/s/files/1/0806/6577/2308/products/e8490702c423e6c62d356cace500822f_95a35771-66ad-4e6e-a804-e61b6b99241c.jpg?v=1691345571	2023-10-13 17:45:22.314586+05:30	2023-10-13 17:45:22.314586+05:30	\N	\N
img_01HCMFCXQ9QKC7D5KRKDVZFYEW	https://cdn.shopify.com/s/files/1/0806/6577/2308/products/b20e2bd10609cdfdf8c6239b96d609de.jpg?v=1691345335	2023-10-13 17:45:22.314586+05:30	2023-10-13 17:45:22.314586+05:30	\N	\N
img_01HCMFCXQT8RNTKNHCC41F55VS	https://cdn.shopify.com/s/files/1/0806/6577/2308/products/fb5b58f3868911f414f54aab5d00b604.jpg?v=1691345338	2023-10-13 17:45:22.314586+05:30	2023-10-13 17:45:22.314586+05:30	\N	\N
img_01HCMFCXR940Y32J35TW1HV7WT	https://cdn.shopify.com/s/files/1/0806/6577/2308/products/b5194ae37dbb1c47d9ffc865d6a21ac9.jpg?v=1691345398	2023-10-13 17:45:22.314586+05:30	2023-10-13 17:45:22.314586+05:30	\N	\N
img_01HCMFCXRS407TDWN8H9DERHXZ	https://cdn.shopify.com/s/files/1/0806/6577/2308/products/dbd3fe46b7c6881fff4d14b020f9c004.jpg?v=1691345387	2023-10-13 17:45:22.314586+05:30	2023-10-13 17:45:22.314586+05:30	\N	\N
img_01HCMFCXSAPHC257TYQNANZH23	https://cdn.shopify.com/s/files/1/0806/6577/2308/products/1450f9bdea13c822ec386236d417d9d7.jpg?v=1691345386	2023-10-13 17:45:22.314586+05:30	2023-10-13 17:45:22.314586+05:30	\N	\N
img_01HCMFCXSV6R0CVRDFV64WCGBJ	https://cdn.shopify.com/s/files/1/0806/6577/2308/products/343bfbfc1a10a39a528a3d34367669c2.jpg?v=1691345189	2023-10-13 17:45:22.314586+05:30	2023-10-13 17:45:22.314586+05:30	\N	\N
img_01HCMFCXSV11XVXQGQSNGXGDJG	https://cdn.shopify.com/s/files/1/0806/6577/2308/products/548e71e82d4b2d3bdd2b739b4872edc9.jpg?v=1691345189	2023-10-13 17:45:22.314586+05:30	2023-10-13 17:45:22.314586+05:30	\N	\N
img_01HCMFCXSVKQ49TEG70KQD48R9	https://cdn.shopify.com/s/files/1/0806/6577/2308/products/92b18b29e25d47479716de9da45c6f11.jpg?v=1691345189	2023-10-13 17:45:22.314586+05:30	2023-10-13 17:45:22.314586+05:30	\N	\N
img_01HCMFCXSVSVVDBR0249QMSQ1E	https://cdn.shopify.com/s/files/1/0806/6577/2308/products/849cb34b82473241efdfcf60f9106452.jpg?v=1691345189	2023-10-13 17:45:22.314586+05:30	2023-10-13 17:45:22.314586+05:30	\N	\N
img_01HCMFCXSVT2YFANEM4ZX20QP4	https://cdn.shopify.com/s/files/1/0806/6577/2308/products/262cb366636c10febf8b843a1d0853c5.jpg?v=1691345189	2023-10-13 17:45:22.314586+05:30	2023-10-13 17:45:22.314586+05:30	\N	\N
img_01HCMFCXV2K34KPC45KV2TYFVD	https://cdn.shopify.com/s/files/1/0806/6577/2308/products/343bfbfc1a10a39a528a3d34367669c2_6d1499c6-3be8-4bdb-bc3c-9c7339f32eac.jpg?v=1691345556	2023-10-13 17:45:22.314586+05:30	2023-10-13 17:45:22.314586+05:30	\N	\N
img_01HCMFCXV25XRHX0T5SHRK169Y	https://cdn.shopify.com/s/files/1/0806/6577/2308/products/548e71e82d4b2d3bdd2b739b4872edc9_e6e6ffa6-7ce1-46ca-b8c9-0edca0bef2db.jpg?v=1691345556	2023-10-13 17:45:22.314586+05:30	2023-10-13 17:45:22.314586+05:30	\N	\N
img_01HCMFCXV2PEXJRX13CBNNZDNV	https://cdn.shopify.com/s/files/1/0806/6577/2308/products/92b18b29e25d47479716de9da45c6f11_337ef575-8310-4861-b655-5b59ad946d36.jpg?v=1691345556	2023-10-13 17:45:22.314586+05:30	2023-10-13 17:45:22.314586+05:30	\N	\N
img_01HCMFCXV202WPEHCBRQ0WVDKV	https://cdn.shopify.com/s/files/1/0806/6577/2308/products/849cb34b82473241efdfcf60f9106452_69578bdb-6ea4-4588-a597-059dd70b2671.jpg?v=1691345556	2023-10-13 17:45:22.314586+05:30	2023-10-13 17:45:22.314586+05:30	\N	\N
img_01HCMFCXV292FY0Y6D8NEXB4S3	https://cdn.shopify.com/s/files/1/0806/6577/2308/products/262cb366636c10febf8b843a1d0853c5_008f5f34-9256-4eea-a45b-3f61f6d1d924.jpg?v=1691345556	2023-10-13 17:45:22.314586+05:30	2023-10-13 17:45:22.314586+05:30	\N	\N
img_01HCMFCXW84NVC5VPNSJ26ZPT8	https://cdn.shopify.com/s/files/1/0806/6577/2308/products/33b763e8de049e82f775258c593ff1b2.jpg?v=1691345517	2023-10-13 17:45:22.314586+05:30	2023-10-13 17:45:22.314586+05:30	\N	\N
img_01HCMFCXWSQX7XMJDRT7GP6TMG	https://cdn.shopify.com/s/files/1/0806/6577/2308/products/d20c29101e0da47c04e045f1435eddb6.jpg?v=1691345408	2023-10-13 17:45:22.314586+05:30	2023-10-13 17:45:22.314586+05:30	\N	\N
img_01HCMFCXX90S3CEMA7TBZZ6AKT	https://cdn.shopify.com/s/files/1/0806/6577/2308/products/d86a108fdcd90e3b335a0b80f99d1368.jpg?v=1691345407	2023-10-13 17:45:22.314586+05:30	2023-10-13 17:45:22.314586+05:30	\N	\N
img_01HCMFCXXTTDNYSPFWHGDKZBKQ	https://cdn.shopify.com/s/files/1/0806/6577/2308/products/24a2d1268229442c56cfe31bca72433a.jpg?v=1691345411	2023-10-13 17:45:22.314586+05:30	2023-10-13 17:45:22.314586+05:30	\N	\N
img_01HCMFCXYCR9HQ011BT08ZYA1X	https://cdn.shopify.com/s/files/1/0806/6577/2308/products/fb81d680d7d2ad2410c82da2dbf177ab.jpg?v=1691345469	2023-10-13 17:45:22.314586+05:30	2023-10-13 17:45:22.314586+05:30	\N	\N
img_01HCMFCXYX3Y6GC9K1SPJ4K08D	https://cdn.shopify.com/s/files/1/0806/6577/2308/products/b38ac11fce14bcde8c6b8ad0ad38e071.jpg?v=1691345451	2023-10-13 17:45:22.314586+05:30	2023-10-13 17:45:22.314586+05:30	\N	\N
img_01HCMFCXZG26960FKFFYR4MW1G	https://cdn.shopify.com/s/files/1/0806/6577/2308/products/dc54dd57b906c1145b2c81c6ec3355a4.jpg?v=1691345464	2023-10-13 17:45:22.314586+05:30	2023-10-13 17:45:22.314586+05:30	\N	\N
img_01HCMFCXZZQE2513A5FRX0ABMV	https://cdn.shopify.com/s/files/1/0806/6577/2308/products/e8e4c183a88fe1f5576f779ac82b2cfe.jpg?v=1691345450	2023-10-13 17:45:22.314586+05:30	2023-10-13 17:45:22.314586+05:30	\N	\N
img_01HCMFCY0ERDC51M3APZR8NWQR	https://cdn.shopify.com/s/files/1/0806/6577/2308/products/d86cb2e125fd2509fc0436c21d12216e.jpg?v=1691345454	2023-10-13 17:45:22.314586+05:30	2023-10-13 17:45:22.314586+05:30	\N	\N
img_01HCMFCY11VXZCHT9PAQC3SSDS	https://cdn.shopify.com/s/files/1/0806/6577/2308/products/fc59295a132dfedb12286bd2a266700c.jpg?v=1691345472	2023-10-13 17:45:22.314586+05:30	2023-10-13 17:45:22.314586+05:30	\N	\N
img_01HCMFCY1GYD1V3TTBF7C88QWG	https://cdn.shopify.com/s/files/1/0806/6577/2308/products/942f512165b47354bf4bdb329c52aa96.jpg?v=1691345452	2023-10-13 17:45:22.314586+05:30	2023-10-13 17:45:22.314586+05:30	\N	\N
img_01HCMFCY22XSKRNBHDVQS7SRQ1	https://cdn.shopify.com/s/files/1/0806/6577/2308/products/2ee9ed21d148d9477de9848c4d155c67.jpg?v=1691345473	2023-10-13 17:45:22.314586+05:30	2023-10-13 17:45:22.314586+05:30	\N	\N
img_01HCMFCY3JEW1RP90D7ZDBGW98	https://cdn.shopify.com/s/files/1/0806/6577/2308/products/64ca4854d2947b939b8aa533d981c033.jpg?v=1691345455	2023-10-13 17:45:22.314586+05:30	2023-10-13 17:45:22.314586+05:30	\N	\N
img_01HCMFCY43CYNK1YHTCQBAQYMF	https://cdn.shopify.com/s/files/1/0806/6577/2308/products/09cc2652a2f55a1559450c6ade91d5d1.jpg?v=1691345447	2023-10-13 17:45:22.314586+05:30	2023-10-13 17:45:22.314586+05:30	\N	\N
img_01HCMFCY4MH6W8Q4W9RJ5DC0TK	https://cdn.shopify.com/s/files/1/0806/6577/2308/products/aff662adbf0f1c79ef006890fb5c817c.jpg?v=1691345445	2023-10-13 17:45:22.314586+05:30	2023-10-13 17:45:22.314586+05:30	\N	\N
img_01HCMFCY559PEGF5SQZRRBTVB8	https://cdn.shopify.com/s/files/1/0806/6577/2308/products/605f896c5ca28739ea36fc3627b19895.jpg?v=1691345465	2023-10-13 17:45:22.314586+05:30	2023-10-13 17:45:22.314586+05:30	\N	\N
img_01HCMFCY5RZ44PHXVTHC7AVAYY	https://cdn.shopify.com/s/files/1/0806/6577/2308/products/11f6df278459411fc771fe5def3e1978.jpg?v=1691345448	2023-10-13 17:45:22.314586+05:30	2023-10-13 17:45:22.314586+05:30	\N	\N
img_01HCMFCY6H1P2Z8ZJR638M9NTM	https://cdn.shopify.com/s/files/1/0806/6577/2308/products/3860b802fe7f8cfa3dd363c1cc5edb42.jpg?v=1691345470	2023-10-13 17:45:22.314586+05:30	2023-10-13 17:45:22.314586+05:30	\N	\N
img_01HCMFCY71SSBF523D7R9JNNYG	https://cdn.shopify.com/s/files/1/0806/6577/2308/products/afed693d1a06bb34d0953bd8f8ea6eb9.jpg?v=1691345461	2023-10-13 17:45:22.314586+05:30	2023-10-13 17:45:22.314586+05:30	\N	\N
img_01HCMFCY7JRM6QH15DE1SQDQRK	https://cdn.shopify.com/s/files/1/0806/6577/2308/products/c4a5dcc170e6456bdfec5efb3073cb21.jpg?v=1691345458	2023-10-13 17:45:22.314586+05:30	2023-10-13 17:45:22.314586+05:30	\N	\N
img_01HCMFCY81MNKESPGE13EXWQM3	https://cdn.shopify.com/s/files/1/0806/6577/2308/products/d2d0f15d83801177487f7df4ab262ef3.jpg?v=1691345457	2023-10-13 17:45:22.314586+05:30	2023-10-13 17:45:22.314586+05:30	\N	\N
img_01HCMFCY8F3DYC994F1NGWZ4KT	https://cdn.shopify.com/s/files/1/0806/6577/2308/products/8f4146ec42828fe44dffb21eed21f55c.jpg?v=1691345467	2023-10-13 17:45:22.314586+05:30	2023-10-13 17:45:22.314586+05:30	\N	\N
img_01HCMFCY9019F8FK8MK6PWWVV4	https://cdn.shopify.com/s/files/1/0806/6577/2308/products/9b279e5f398d3eec85dea16f19561ec4.jpg?v=1691345377	2023-10-13 17:45:22.314586+05:30	2023-10-13 17:45:22.314586+05:30	\N	\N
img_01HCMFCY9EW9MM65VJHV8E6YDF	https://cdn.shopify.com/s/files/1/0806/6577/2308/products/28aac7a6544bbc1fe288e0c255d1e42d.jpg?v=1691345373	2023-10-13 17:45:22.314586+05:30	2023-10-13 17:45:22.314586+05:30	\N	\N
img_01HCMFCY9XXCX5XRHGAN639ZJE	https://cdn.shopify.com/s/files/1/0806/6577/2308/products/d2b437858d472299fc9055824e4ab35f.jpg?v=1691345380	2023-10-13 17:45:22.314586+05:30	2023-10-13 17:45:22.314586+05:30	\N	\N
img_01HCMFCYADD8EAFX0XAAR7Z373	https://cdn.shopify.com/s/files/1/0806/6577/2308/products/c49c8ea350a5c357c873364f8f92776e.jpg?v=1691345381	2023-10-13 17:45:22.314586+05:30	2023-10-13 17:45:22.314586+05:30	\N	\N
img_01HCMFCYAVXX3T3Y51P6D8JXRA	https://cdn.shopify.com/s/files/1/0806/6577/2308/products/d5eb704d93529e5db8bfebf76057c578.jpg?v=1691345374	2023-10-13 17:45:22.314586+05:30	2023-10-13 17:45:22.314586+05:30	\N	\N
img_01HCMFCYB84EYV02G3JKDAZ4TC	https://cdn.shopify.com/s/files/1/0806/6577/2308/products/0d7bb72cc5cca44b5cceb1711779c96a.jpg?v=1691345379	2023-10-13 17:45:22.314586+05:30	2023-10-13 17:45:22.314586+05:30	\N	\N
img_01HCMFCYBNC95D9PHHEA5PCFFH	https://cdn.shopify.com/s/files/1/0806/6577/2308/products/8a3bf927f82fea448d74ed6782286a3a.jpg?v=1691345376	2023-10-13 17:45:22.314586+05:30	2023-10-13 17:45:22.314586+05:30	\N	\N
img_01HCMFCYC575PKX20XM10TJ96D	https://cdn.shopify.com/s/files/1/0806/6577/2308/products/af62bf308fce7ae13a10b4d8c46c2470.jpg?v=1691345383	2023-10-13 17:45:22.314586+05:30	2023-10-13 17:45:22.314586+05:30	\N	\N
img_01HCMFCYCNRF6YN1F6909BFPHW	https://cdn.shopify.com/s/files/1/0806/6577/2308/products/e5d0de0b64180ac106379a04a908852e.jpg?v=1691345371	2023-10-13 17:45:22.314586+05:30	2023-10-13 17:45:22.314586+05:30	\N	\N
\.


--
-- Data for Name: invite; Type: TABLE DATA; Schema: public; Owner: mukesh
--

COPY public.invite (id, user_email, role, accepted, created_at, updated_at, deleted_at, metadata, token, expires_at) FROM stdin;
\.


--
-- Data for Name: line_item; Type: TABLE DATA; Schema: public; Owner: mukesh
--

COPY public.line_item (id, cart_id, order_id, swap_id, title, description, thumbnail, is_giftcard, should_merge, allow_discounts, has_shipping, unit_price, variant_id, quantity, fulfilled_quantity, returned_quantity, shipped_quantity, created_at, updated_at, metadata, claim_order_id, is_return, original_item_id, order_edit_id) FROM stdin;
\.


--
-- Data for Name: line_item_adjustment; Type: TABLE DATA; Schema: public; Owner: mukesh
--

COPY public.line_item_adjustment (id, item_id, description, discount_id, amount, metadata) FROM stdin;
\.


--
-- Data for Name: line_item_tax_line; Type: TABLE DATA; Schema: public; Owner: mukesh
--

COPY public.line_item_tax_line (id, rate, name, code, created_at, updated_at, metadata, item_id) FROM stdin;
\.


--
-- Data for Name: migrations; Type: TABLE DATA; Schema: public; Owner: mukesh
--

COPY public.migrations (id, "timestamp", name) FROM stdin;
1	1611063162649	initialSchema1611063162649
2	1611063174563	countriesCurrencies1611063174563
3	1612284947120	claims1612284947120
4	1612353094577	indexes1612353094577
5	1613146953072	notifications1613146953072
6	1613146953073	productTypeCategoryTags1613146953073
7	1613384784316	draftOrders1613384784316
8	1613656135167	trackingLinks1613656135167
9	1614684597235	cartContext1614684597235
10	1615891636559	returnReason1615891636559
11	1615970124120	discountUsageCount1615970124120
12	1617002207608	discountUsage1617002207608
13	1619108646647	nullablePassword1619108646647
14	1623231564533	noNotification1623231564533
15	1624287602631	gcRemoveUniqueOrder1624287602631
16	1624610325746	softDeletingUniqueConstraints1624610325746
17	1625560513367	ensureCancellationFieldsExist1625560513367
18	1627995307200	addDiscountableToProduct1627995307200
19	1630505790603	allowBackorderSwaps1630505790603
20	1631104895519	RankColumnWithDefaultValue1631104895519
21	1631261634964	enforceUniqueness1631261634964
22	1631696624528	validDurationForDiscount1631696624528
23	1631800727788	nestedReturnReasons1631800727788
24	1631864388026	statusOnProduct1631864388026
25	1632220294687	addNotes1632220294687
26	1632828114899	deleteDateOnShippingOptionRequirements1632828114899
27	1633512755401	extendedUserApi1633512755401
28	1633614437919	addCustomShippingOptions1633614437919
29	1638543550000	orderTaxRateToRealType1638543550000
30	1638952072999	externalIdOrder1638952072999
31	1641636508055	newTaxSystem1641636508055
32	1644943746861	customerGroups1644943746861
33	1646324713514	discountConditions1646324713514
34	1646915480108	updateMoneyAmountAddPriceList1646915480108
35	1648600574750	addLineItemAdjustments1648600574750
36	1648641130007	taxLineConstraints1648641130007
37	1649775522087	addBatchJobModel1649775522087
38	1656949291839	salesChannel1656949291839
39	1657098186554	taxedGiftCardTransactions1657098186554
40	1657267320181	extendedBatchJob1657267320181
41	1660040729000	paymentSessionUniqCartIdProviderId1660040729000
42	1661345741249	multiPaymentCart1661345741249
43	1661863940645	swapFulfillmentStatusRequiresAction1661863940645
44	1663059812399	orderEditing1663059812399
45	1663059812400	lineItemOriginalItemRelation1663059812400
46	1664880666982	paymentCollection1664880666982
47	1666173221888	addAnalyticsConfig1666173221888
48	1667815005070	publishableApiKey1667815005070
49	1669032280562	updateCustomerEmailConstraint_1669032280562
50	1670855241304	addTaxRateToGiftCards1670855241304
51	1671711415179	multiLocation1671711415179
52	1672906846559	productCategory1672906846559
53	1672906846560	paymentSessionIsInitiated1672906846560
54	1673003729870	stagedJobOptions1673003729870
55	1673550502785	uniquePaySessCartId1673550502785
56	1674455083104	productCategoryProduct1674455083104
57	1675689306130	multiLocationSoftDelete1675689306130
58	1677234878504	productCategoryRank1677234878504
59	1678093365811	ensureRequiredQuantity1678093365811
60	1678093365812	lineItemAdjustmentsAmount1678093365812
61	1679950221063	categoryRemoveSoftDelete1679950221063
62	1679950645253	categoryCreateIndexes1679950645253
63	1679950645254	productDomainImprovedIndexes1679950645254
64	1679950645254	productSearchGinIndexes1679950645254
65	1680714052628	addSalesChannelMetadata1680714052628
66	1680857773272	addDescriptionToProductCategory1680857773272
67	1680857773272	lineItemTaxAdjustmentOnCascadeDelete1680857773272
68	1680857773273	addTableProductShippingProfile1680857773273
69	1680857773273	dropProductIdFkSalesChannels1680857773273
70	1680857773273	dropVariantIdFkMoneyAmount1680857773273
71	1685715079776	CreateOnboarding1685715079776
72	1686062614694	AddOnboardingProduct1686062614694
73	1690996567455	CorrectOnboardingFields1690996567455
74	1692870898423	UpdateReturnReasonIndex1692870898423
75	1692953518123	dropMoneyAmountConstraintsForPricingModule1692953518123
76	1696334133826	ProductReview1696334133826
\.


--
-- Data for Name: money_amount; Type: TABLE DATA; Schema: public; Owner: mukesh
--

COPY public.money_amount (id, currency_code, amount, region_id, created_at, updated_at, deleted_at, min_quantity, max_quantity, price_list_id) FROM stdin;
ma_01HCMFCXAY1B5SATKAG82TQ38S	eur	9	\N	2023-10-13 17:45:22.314586+05:30	2023-10-13 17:45:22.314586+05:30	\N	\N	\N	\N
ma_01HCMFCXAYHRMG9SJXARPVAMHR	usd	9	\N	2023-10-13 17:45:22.314586+05:30	2023-10-13 17:45:22.314586+05:30	\N	\N	\N	\N
ma_01HCMFCXBVGVVWD43T40BNJF12	eur	13	\N	2023-10-13 17:45:22.314586+05:30	2023-10-13 17:45:22.314586+05:30	\N	\N	\N	\N
ma_01HCMFCXBV59BM80WM88SG6XB5	usd	13	\N	2023-10-13 17:45:22.314586+05:30	2023-10-13 17:45:22.314586+05:30	\N	\N	\N	\N
ma_01HCMFCXCKEXP3Z9BYX6FQWWXV	eur	43	\N	2023-10-13 17:45:22.314586+05:30	2023-10-13 17:45:22.314586+05:30	\N	\N	\N	\N
ma_01HCMFCXCK6CMF17DD7MDGHXQC	usd	43	\N	2023-10-13 17:45:22.314586+05:30	2023-10-13 17:45:22.314586+05:30	\N	\N	\N	\N
ma_01HCMFCXDAH850TH9NC8820F8W	eur	14	\N	2023-10-13 17:45:22.314586+05:30	2023-10-13 17:45:22.314586+05:30	\N	\N	\N	\N
ma_01HCMFCXDAZFQJ66020T5AHJ6W	usd	14	\N	2023-10-13 17:45:22.314586+05:30	2023-10-13 17:45:22.314586+05:30	\N	\N	\N	\N
ma_01HCMFCXE4TSE1CJBD93WV8H64	eur	70	\N	2023-10-13 17:45:22.314586+05:30	2023-10-13 17:45:22.314586+05:30	\N	\N	\N	\N
ma_01HCMFCXE4H8P2XZSQJWSTRFHY	usd	70	\N	2023-10-13 17:45:22.314586+05:30	2023-10-13 17:45:22.314586+05:30	\N	\N	\N	\N
ma_01HCMFCXEP95X6V229HTM0A7HA	eur	70	\N	2023-10-13 17:45:22.314586+05:30	2023-10-13 17:45:22.314586+05:30	\N	\N	\N	\N
ma_01HCMFCXEP57E0B9WZDY9VNK3F	usd	70	\N	2023-10-13 17:45:22.314586+05:30	2023-10-13 17:45:22.314586+05:30	\N	\N	\N	\N
ma_01HCMFCXF92KC1SGRTG0V0T28E	eur	50	\N	2023-10-13 17:45:22.314586+05:30	2023-10-13 17:45:22.314586+05:30	\N	\N	\N	\N
ma_01HCMFCXF95RQTZTP182P0KEJG	usd	50	\N	2023-10-13 17:45:22.314586+05:30	2023-10-13 17:45:22.314586+05:30	\N	\N	\N	\N
ma_01HCMFCXFYQK6TCPC45ZRA6841	eur	50	\N	2023-10-13 17:45:22.314586+05:30	2023-10-13 17:45:22.314586+05:30	\N	\N	\N	\N
ma_01HCMFCXFY8FJSGB7NXFWZ6ZVR	usd	50	\N	2023-10-13 17:45:22.314586+05:30	2023-10-13 17:45:22.314586+05:30	\N	\N	\N	\N
ma_01HCMFCXGM3RPJ25TX1DYQW70Z	eur	90	\N	2023-10-13 17:45:22.314586+05:30	2023-10-13 17:45:22.314586+05:30	\N	\N	\N	\N
ma_01HCMFCXGM8ARKXDQW3JCPAF2R	usd	90	\N	2023-10-13 17:45:22.314586+05:30	2023-10-13 17:45:22.314586+05:30	\N	\N	\N	\N
ma_01HCMFCXGZPN08RM2T2YMF6V62	eur	90	\N	2023-10-13 17:45:22.314586+05:30	2023-10-13 17:45:22.314586+05:30	\N	\N	\N	\N
ma_01HCMFCXGZG5AEPZDKXQC18N6W	usd	90	\N	2023-10-13 17:45:22.314586+05:30	2023-10-13 17:45:22.314586+05:30	\N	\N	\N	\N
ma_01HCMFCXHQMS1E44XHA9TV10Q8	eur	90	\N	2023-10-13 17:45:22.314586+05:30	2023-10-13 17:45:22.314586+05:30	\N	\N	\N	\N
ma_01HCMFCXHQDQV1BG6A6H9K331Z	usd	90	\N	2023-10-13 17:45:22.314586+05:30	2023-10-13 17:45:22.314586+05:30	\N	\N	\N	\N
ma_01HCMFCXJ2BEG4VTTG6JZFQJSK	eur	90	\N	2023-10-13 17:45:22.314586+05:30	2023-10-13 17:45:22.314586+05:30	\N	\N	\N	\N
ma_01HCMFCXJ3GW8BKMMERQGW5M14	usd	90	\N	2023-10-13 17:45:22.314586+05:30	2023-10-13 17:45:22.314586+05:30	\N	\N	\N	\N
ma_01HCMFCXJRN7EHNW9VQGMZXCYR	eur	170	\N	2023-10-13 17:45:22.314586+05:30	2023-10-13 17:45:22.314586+05:30	\N	\N	\N	\N
ma_01HCMFCXJRG6S9GS5P40ZN54M8	usd	170	\N	2023-10-13 17:45:22.314586+05:30	2023-10-13 17:45:22.314586+05:30	\N	\N	\N	\N
ma_01HCMFCXK2VQ6ZAXFK3TTJJAY4	eur	170	\N	2023-10-13 17:45:22.314586+05:30	2023-10-13 17:45:22.314586+05:30	\N	\N	\N	\N
ma_01HCMFCXK2APRF2FTYX5N2ZH9Z	usd	170	\N	2023-10-13 17:45:22.314586+05:30	2023-10-13 17:45:22.314586+05:30	\N	\N	\N	\N
ma_01HCMFCXKC54HXEPK9C573AYE2	eur	170	\N	2023-10-13 17:45:22.314586+05:30	2023-10-13 17:45:22.314586+05:30	\N	\N	\N	\N
ma_01HCMFCXKC9MGJQXMS30WS2JA8	usd	170	\N	2023-10-13 17:45:22.314586+05:30	2023-10-13 17:45:22.314586+05:30	\N	\N	\N	\N
ma_01HCMFCXKQKCRFPYERAGJTXM69	eur	170	\N	2023-10-13 17:45:22.314586+05:30	2023-10-13 17:45:22.314586+05:30	\N	\N	\N	\N
ma_01HCMFCXKQT9NXVVYCJCYT3WF3	usd	170	\N	2023-10-13 17:45:22.314586+05:30	2023-10-13 17:45:22.314586+05:30	\N	\N	\N	\N
ma_01HCMFCXM321ZN1KVNXR5EK4X3	eur	170	\N	2023-10-13 17:45:22.314586+05:30	2023-10-13 17:45:22.314586+05:30	\N	\N	\N	\N
ma_01HCMFCXM3FHANMXPXN6R9GYQX	usd	170	\N	2023-10-13 17:45:22.314586+05:30	2023-10-13 17:45:22.314586+05:30	\N	\N	\N	\N
ma_01HCMFCXMD8B1TKBC53M3S34F8	eur	170	\N	2023-10-13 17:45:22.314586+05:30	2023-10-13 17:45:22.314586+05:30	\N	\N	\N	\N
ma_01HCMFCXMDFRZ52F0X7G09JCMR	usd	170	\N	2023-10-13 17:45:22.314586+05:30	2023-10-13 17:45:22.314586+05:30	\N	\N	\N	\N
ma_01HCMFCXMRKKXWQ14C5VJ578WX	eur	170	\N	2023-10-13 17:45:22.314586+05:30	2023-10-13 17:45:22.314586+05:30	\N	\N	\N	\N
ma_01HCMFCXMR0WCPJJECFEEN89JH	usd	170	\N	2023-10-13 17:45:22.314586+05:30	2023-10-13 17:45:22.314586+05:30	\N	\N	\N	\N
ma_01HCMFCXNC6JKZBG87RTSNDQFP	eur	170	\N	2023-10-13 17:45:22.314586+05:30	2023-10-13 17:45:22.314586+05:30	\N	\N	\N	\N
ma_01HCMFCXNC1FYJY08GEHGE00VK	usd	170	\N	2023-10-13 17:45:22.314586+05:30	2023-10-13 17:45:22.314586+05:30	\N	\N	\N	\N
ma_01HCMFCXNMMMZQER3GDW4C9TQ2	eur	170	\N	2023-10-13 17:45:22.314586+05:30	2023-10-13 17:45:22.314586+05:30	\N	\N	\N	\N
ma_01HCMFCXNNDN4QS6CV3B9XM0V5	usd	170	\N	2023-10-13 17:45:22.314586+05:30	2023-10-13 17:45:22.314586+05:30	\N	\N	\N	\N
ma_01HCMFCXNY5GJ73ZS7D542Q069	eur	170	\N	2023-10-13 17:45:22.314586+05:30	2023-10-13 17:45:22.314586+05:30	\N	\N	\N	\N
ma_01HCMFCXNYRGXMXTJZ0QVREDMF	usd	170	\N	2023-10-13 17:45:22.314586+05:30	2023-10-13 17:45:22.314586+05:30	\N	\N	\N	\N
ma_01HCMFCXP8Z9YNS46H80SKY85B	eur	170	\N	2023-10-13 17:45:22.314586+05:30	2023-10-13 17:45:22.314586+05:30	\N	\N	\N	\N
ma_01HCMFCXP80YNND2VQX8NK06D4	usd	170	\N	2023-10-13 17:45:22.314586+05:30	2023-10-13 17:45:22.314586+05:30	\N	\N	\N	\N
ma_01HCMFCXPJ95TPKWZEQ0FXC70Q	eur	170	\N	2023-10-13 17:45:22.314586+05:30	2023-10-13 17:45:22.314586+05:30	\N	\N	\N	\N
ma_01HCMFCXPJ16BER3VKAJQ4S00Z	usd	170	\N	2023-10-13 17:45:22.314586+05:30	2023-10-13 17:45:22.314586+05:30	\N	\N	\N	\N
ma_01HCMFCXPW5HS0BZ47RZ0SHMGC	eur	170	\N	2023-10-13 17:45:22.314586+05:30	2023-10-13 17:45:22.314586+05:30	\N	\N	\N	\N
ma_01HCMFCXPWP0BDRW33RWY2K7PQ	usd	170	\N	2023-10-13 17:45:22.314586+05:30	2023-10-13 17:45:22.314586+05:30	\N	\N	\N	\N
ma_01HCMFCXQ7XVR5P3QD2C4APZSP	eur	170	\N	2023-10-13 17:45:22.314586+05:30	2023-10-13 17:45:22.314586+05:30	\N	\N	\N	\N
ma_01HCMFCXQ7FSH7T189KXEK6ZFC	usd	170	\N	2023-10-13 17:45:22.314586+05:30	2023-10-13 17:45:22.314586+05:30	\N	\N	\N	\N
ma_01HCMFCXQRBPCWFHQ1B5WE83K7	eur	11	\N	2023-10-13 17:45:22.314586+05:30	2023-10-13 17:45:22.314586+05:30	\N	\N	\N	\N
ma_01HCMFCXQR0N3R3GA9R2G32GEC	usd	11	\N	2023-10-13 17:45:22.314586+05:30	2023-10-13 17:45:22.314586+05:30	\N	\N	\N	\N
ma_01HCMFCXR6GRD0Q3QH3YQVR51D	eur	11	\N	2023-10-13 17:45:22.314586+05:30	2023-10-13 17:45:22.314586+05:30	\N	\N	\N	\N
ma_01HCMFCXR68JN1S8VAYMNH92F2	usd	11	\N	2023-10-13 17:45:22.314586+05:30	2023-10-13 17:45:22.314586+05:30	\N	\N	\N	\N
ma_01HCMFCXRQ6DFCFWPXHQDAQGP1	eur	62	\N	2023-10-13 17:45:22.314586+05:30	2023-10-13 17:45:22.314586+05:30	\N	\N	\N	\N
ma_01HCMFCXRQY7M2QRD0HT6DCYN1	usd	62	\N	2023-10-13 17:45:22.314586+05:30	2023-10-13 17:45:22.314586+05:30	\N	\N	\N	\N
ma_01HCMFCXS7K4FHTXWTC7RYM06R	eur	58	\N	2023-10-13 17:45:22.314586+05:30	2023-10-13 17:45:22.314586+05:30	\N	\N	\N	\N
ma_01HCMFCXS72W0RMPDX1382XPR7	usd	58	\N	2023-10-13 17:45:22.314586+05:30	2023-10-13 17:45:22.314586+05:30	\N	\N	\N	\N
ma_01HCMFCXSS311S01THQTJNRWWV	eur	57	\N	2023-10-13 17:45:22.314586+05:30	2023-10-13 17:45:22.314586+05:30	\N	\N	\N	\N
ma_01HCMFCXSS13Q5NBYRN0PG27T7	usd	57	\N	2023-10-13 17:45:22.314586+05:30	2023-10-13 17:45:22.314586+05:30	\N	\N	\N	\N
ma_01HCMFCXTDXQD2ZJGEYHGJ6T5Y	eur	220	\N	2023-10-13 17:45:22.314586+05:30	2023-10-13 17:45:22.314586+05:30	\N	\N	\N	\N
ma_01HCMFCXTDADAES7TR62QE0W4R	usd	220	\N	2023-10-13 17:45:22.314586+05:30	2023-10-13 17:45:22.314586+05:30	\N	\N	\N	\N
ma_01HCMFCXTPXHTX9KH201DCZ7JN	eur	220	\N	2023-10-13 17:45:22.314586+05:30	2023-10-13 17:45:22.314586+05:30	\N	\N	\N	\N
ma_01HCMFCXTPM10A7HA80Z3C1P2Y	usd	220	\N	2023-10-13 17:45:22.314586+05:30	2023-10-13 17:45:22.314586+05:30	\N	\N	\N	\N
ma_01HCMFCXV0V1XQ4D1JF8Z8C3SG	eur	220	\N	2023-10-13 17:45:22.314586+05:30	2023-10-13 17:45:22.314586+05:30	\N	\N	\N	\N
ma_01HCMFCXV0X5S432JQNG5378WY	usd	220	\N	2023-10-13 17:45:22.314586+05:30	2023-10-13 17:45:22.314586+05:30	\N	\N	\N	\N
ma_01HCMFCXVK191G131Y14RPYJ9V	eur	220	\N	2023-10-13 17:45:22.314586+05:30	2023-10-13 17:45:22.314586+05:30	\N	\N	\N	\N
ma_01HCMFCXVKKWFSKBZZ1QD6A7B0	usd	220	\N	2023-10-13 17:45:22.314586+05:30	2023-10-13 17:45:22.314586+05:30	\N	\N	\N	\N
ma_01HCMFCXVWWA56YSAPKW741Q27	eur	220	\N	2023-10-13 17:45:22.314586+05:30	2023-10-13 17:45:22.314586+05:30	\N	\N	\N	\N
ma_01HCMFCXVWM2WQV6DCT3TMBS1H	usd	220	\N	2023-10-13 17:45:22.314586+05:30	2023-10-13 17:45:22.314586+05:30	\N	\N	\N	\N
ma_01HCMFCXW66SSA201W3ZCATQP9	eur	220	\N	2023-10-13 17:45:22.314586+05:30	2023-10-13 17:45:22.314586+05:30	\N	\N	\N	\N
ma_01HCMFCXW6NRT8T52AC5EQ153B	usd	220	\N	2023-10-13 17:45:22.314586+05:30	2023-10-13 17:45:22.314586+05:30	\N	\N	\N	\N
ma_01HCMFCXWQN1AJMRCBC8420FE5	eur	31	\N	2023-10-13 17:45:22.314586+05:30	2023-10-13 17:45:22.314586+05:30	\N	\N	\N	\N
ma_01HCMFCXWQ2ZFPXKH5QJMXD7RR	usd	31	\N	2023-10-13 17:45:22.314586+05:30	2023-10-13 17:45:22.314586+05:30	\N	\N	\N	\N
ma_01HCMFCXX7S25KS5RS4X06FBYD	eur	28	\N	2023-10-13 17:45:22.314586+05:30	2023-10-13 17:45:22.314586+05:30	\N	\N	\N	\N
ma_01HCMFCXX79XSNPW2EM8D5BFYH	usd	28	\N	2023-10-13 17:45:22.314586+05:30	2023-10-13 17:45:22.314586+05:30	\N	\N	\N	\N
ma_01HCMFCXXR13MC56PSV2YQEXJX	eur	22	\N	2023-10-13 17:45:22.314586+05:30	2023-10-13 17:45:22.314586+05:30	\N	\N	\N	\N
ma_01HCMFCXXR8D8CFNJVF2C1Z556	usd	22	\N	2023-10-13 17:45:22.314586+05:30	2023-10-13 17:45:22.314586+05:30	\N	\N	\N	\N
ma_01HCMFCXYARQ170G45YAAMKF5M	eur	24	\N	2023-10-13 17:45:22.314586+05:30	2023-10-13 17:45:22.314586+05:30	\N	\N	\N	\N
ma_01HCMFCXYA4CW63KZZE1DQTYH5	usd	24	\N	2023-10-13 17:45:22.314586+05:30	2023-10-13 17:45:22.314586+05:30	\N	\N	\N	\N
ma_01HCMFCXYVEG6082FXYXFJ1D2V	eur	39	\N	2023-10-13 17:45:22.314586+05:30	2023-10-13 17:45:22.314586+05:30	\N	\N	\N	\N
ma_01HCMFCXYV6DZANDH4F0SP9Z9R	usd	39	\N	2023-10-13 17:45:22.314586+05:30	2023-10-13 17:45:22.314586+05:30	\N	\N	\N	\N
ma_01HCMFCXZEX4H871Z8PERK8VBN	eur	19	\N	2023-10-13 17:45:22.314586+05:30	2023-10-13 17:45:22.314586+05:30	\N	\N	\N	\N
ma_01HCMFCXZE9Z9BP8XC8MG9G0HX	usd	19	\N	2023-10-13 17:45:22.314586+05:30	2023-10-13 17:45:22.314586+05:30	\N	\N	\N	\N
ma_01HCMFCXZX91NR5GKZ86E1MBX8	eur	9	\N	2023-10-13 17:45:22.314586+05:30	2023-10-13 17:45:22.314586+05:30	\N	\N	\N	\N
ma_01HCMFCXZXVSZ8M6C807427RD7	usd	9	\N	2023-10-13 17:45:22.314586+05:30	2023-10-13 17:45:22.314586+05:30	\N	\N	\N	\N
ma_01HCMFCY0CG1QFV56TM9RTMYEQ	eur	20	\N	2023-10-13 17:45:22.314586+05:30	2023-10-13 17:45:22.314586+05:30	\N	\N	\N	\N
ma_01HCMFCY0CPFGFTFWQT6Y4PR3F	usd	20	\N	2023-10-13 17:45:22.314586+05:30	2023-10-13 17:45:22.314586+05:30	\N	\N	\N	\N
ma_01HCMFCY0ZN8MXA4QZFW17QF95	eur	19	\N	2023-10-13 17:45:22.314586+05:30	2023-10-13 17:45:22.314586+05:30	\N	\N	\N	\N
ma_01HCMFCY0Z2PV8B1E44PCAVYZN	usd	19	\N	2023-10-13 17:45:22.314586+05:30	2023-10-13 17:45:22.314586+05:30	\N	\N	\N	\N
ma_01HCMFCY1DJ67Q4071Q5VAKRMN	eur	20	\N	2023-10-13 17:45:22.314586+05:30	2023-10-13 17:45:22.314586+05:30	\N	\N	\N	\N
ma_01HCMFCY1DM9GCMYJ74CQ9BYZF	usd	20	\N	2023-10-13 17:45:22.314586+05:30	2023-10-13 17:45:22.314586+05:30	\N	\N	\N	\N
ma_01HCMFCY1ZWK38RRN95BVXGS97	eur	19	\N	2023-10-13 17:45:22.314586+05:30	2023-10-13 17:45:22.314586+05:30	\N	\N	\N	\N
ma_01HCMFCY1ZY121NXJV4RR40Z5G	usd	19	\N	2023-10-13 17:45:22.314586+05:30	2023-10-13 17:45:22.314586+05:30	\N	\N	\N	\N
ma_01HCMFCY2FYVTQFZV5KEYX39CV	eur	9	\N	2023-10-13 17:45:22.314586+05:30	2023-10-13 17:45:22.314586+05:30	\N	\N	\N	\N
ma_01HCMFCY2F0886XFC9J4P0SP6Q	usd	9	\N	2023-10-13 17:45:22.314586+05:30	2023-10-13 17:45:22.314586+05:30	\N	\N	\N	\N
ma_01HCMFCY41V1F77WCTQQ9P6ASE	eur	9	\N	2023-10-13 17:45:22.314586+05:30	2023-10-13 17:45:22.314586+05:30	\N	\N	\N	\N
ma_01HCMFCY412WP049RSHA908RQR	usd	9	\N	2023-10-13 17:45:22.314586+05:30	2023-10-13 17:45:22.314586+05:30	\N	\N	\N	\N
ma_01HCMFCY4H86GYE9MY2WEY258K	eur	109	\N	2023-10-13 17:45:22.314586+05:30	2023-10-13 17:45:22.314586+05:30	\N	\N	\N	\N
ma_01HCMFCY4HDMEN2MZ3YKZDA30V	usd	109	\N	2023-10-13 17:45:22.314586+05:30	2023-10-13 17:45:22.314586+05:30	\N	\N	\N	\N
ma_01HCMFCY5253Y5EV0TW524ARW2	eur	199	\N	2023-10-13 17:45:22.314586+05:30	2023-10-13 17:45:22.314586+05:30	\N	\N	\N	\N
ma_01HCMFCY52W6SW7PYSV45ZKNN1	usd	199	\N	2023-10-13 17:45:22.314586+05:30	2023-10-13 17:45:22.314586+05:30	\N	\N	\N	\N
ma_01HCMFCY5N2D96JBSW055NYCD4	eur	19	\N	2023-10-13 17:45:22.314586+05:30	2023-10-13 17:45:22.314586+05:30	\N	\N	\N	\N
ma_01HCMFCY5NCGEQZQBQ1DRP8EBS	usd	19	\N	2023-10-13 17:45:22.314586+05:30	2023-10-13 17:45:22.314586+05:30	\N	\N	\N	\N
ma_01HCMFCY6FVYVQ7PQBT9KK2786	eur	101	\N	2023-10-13 17:45:22.314586+05:30	2023-10-13 17:45:22.314586+05:30	\N	\N	\N	\N
ma_01HCMFCY6FSBF4J3VGVS31MFJX	usd	101	\N	2023-10-13 17:45:22.314586+05:30	2023-10-13 17:45:22.314586+05:30	\N	\N	\N	\N
ma_01HCMFCY6ZT69JAEZAX17SKDC2	eur	29	\N	2023-10-13 17:45:22.314586+05:30	2023-10-13 17:45:22.314586+05:30	\N	\N	\N	\N
ma_01HCMFCY6ZECE9C9TGJYFJ8PME	usd	29	\N	2023-10-13 17:45:22.314586+05:30	2023-10-13 17:45:22.314586+05:30	\N	\N	\N	\N
ma_01HCMFCY7GXA88AQBRKV51QVM8	eur	9	\N	2023-10-13 17:45:22.314586+05:30	2023-10-13 17:45:22.314586+05:30	\N	\N	\N	\N
ma_01HCMFCY7G123NSJ8P79NSMNP5	usd	9	\N	2023-10-13 17:45:22.314586+05:30	2023-10-13 17:45:22.314586+05:30	\N	\N	\N	\N
ma_01HCMFCY7ZZ8NS6V1PM09QA0FA	eur	9	\N	2023-10-13 17:45:22.314586+05:30	2023-10-13 17:45:22.314586+05:30	\N	\N	\N	\N
ma_01HCMFCY7ZSQAHG4GVV9DE6B9M	usd	9	\N	2023-10-13 17:45:22.314586+05:30	2023-10-13 17:45:22.314586+05:30	\N	\N	\N	\N
ma_01HCMFCY8DQXQ4TXTMGV31M2A4	eur	20	\N	2023-10-13 17:45:22.314586+05:30	2023-10-13 17:45:22.314586+05:30	\N	\N	\N	\N
ma_01HCMFCY8D2G2SP1AYA0R1C3DC	usd	20	\N	2023-10-13 17:45:22.314586+05:30	2023-10-13 17:45:22.314586+05:30	\N	\N	\N	\N
ma_01HCMFCY8Y6EVKQDBPAPY03Y1M	eur	111	\N	2023-10-13 17:45:22.314586+05:30	2023-10-13 17:45:22.314586+05:30	\N	\N	\N	\N
ma_01HCMFCY8YCH2P69R40P5GWMG2	usd	111	\N	2023-10-13 17:45:22.314586+05:30	2023-10-13 17:45:22.314586+05:30	\N	\N	\N	\N
ma_01HCMFCY9CZEHCQERYYHZJR5EM	eur	18	\N	2023-10-13 17:45:22.314586+05:30	2023-10-13 17:45:22.314586+05:30	\N	\N	\N	\N
ma_01HCMFCY9CHJ5YR6B21EZ9D9DW	usd	18	\N	2023-10-13 17:45:22.314586+05:30	2023-10-13 17:45:22.314586+05:30	\N	\N	\N	\N
ma_01HCMFCY9V1BR6W0BMDN86AWRF	eur	18	\N	2023-10-13 17:45:22.314586+05:30	2023-10-13 17:45:22.314586+05:30	\N	\N	\N	\N
ma_01HCMFCY9VPPXX0GN7FVQ8VNF6	usd	18	\N	2023-10-13 17:45:22.314586+05:30	2023-10-13 17:45:22.314586+05:30	\N	\N	\N	\N
ma_01HCMFCYABBW7EPMEEHT7V8DHN	eur	18	\N	2023-10-13 17:45:22.314586+05:30	2023-10-13 17:45:22.314586+05:30	\N	\N	\N	\N
ma_01HCMFCYABES335ZW2VVQW8C4M	usd	18	\N	2023-10-13 17:45:22.314586+05:30	2023-10-13 17:45:22.314586+05:30	\N	\N	\N	\N
ma_01HCMFCYASBDDZYJ036YJ51DDF	eur	12	\N	2023-10-13 17:45:22.314586+05:30	2023-10-13 17:45:22.314586+05:30	\N	\N	\N	\N
ma_01HCMFCYAS909V6JV9B87VHSDN	usd	12	\N	2023-10-13 17:45:22.314586+05:30	2023-10-13 17:45:22.314586+05:30	\N	\N	\N	\N
ma_01HCMFCYB78GZPX6WGZ1S07RT7	eur	18	\N	2023-10-13 17:45:22.314586+05:30	2023-10-13 17:45:22.314586+05:30	\N	\N	\N	\N
ma_01HCMFCYB7CFCV4EQE3MGHYA3V	usd	18	\N	2023-10-13 17:45:22.314586+05:30	2023-10-13 17:45:22.314586+05:30	\N	\N	\N	\N
ma_01HCMFCYBKSATGA0WTDDA9R8V7	eur	28	\N	2023-10-13 17:45:22.314586+05:30	2023-10-13 17:45:22.314586+05:30	\N	\N	\N	\N
ma_01HCMFCYBKKWNCHFXSK8F4BAVW	usd	28	\N	2023-10-13 17:45:22.314586+05:30	2023-10-13 17:45:22.314586+05:30	\N	\N	\N	\N
ma_01HCMFCYC2GQRKMQ3YJ8583749	eur	28	\N	2023-10-13 17:45:22.314586+05:30	2023-10-13 17:45:22.314586+05:30	\N	\N	\N	\N
ma_01HCMFCYC22Y2V6CTRWR8NW5NB	usd	28	\N	2023-10-13 17:45:22.314586+05:30	2023-10-13 17:45:22.314586+05:30	\N	\N	\N	\N
ma_01HCMFCYCKESBA7YVKSKS4CNQN	eur	63	\N	2023-10-13 17:45:22.314586+05:30	2023-10-13 17:45:22.314586+05:30	\N	\N	\N	\N
ma_01HCMFCYCK5BQEX4XBE23GZB66	usd	63	\N	2023-10-13 17:45:22.314586+05:30	2023-10-13 17:45:22.314586+05:30	\N	\N	\N	\N
ma_01HCMFCYD3M8DAJR1KGT5JW5KC	eur	18	\N	2023-10-13 17:45:22.314586+05:30	2023-10-13 17:45:22.314586+05:30	\N	\N	\N	\N
ma_01HCMFCYD3TM91J9N7V1DGMSAJ	usd	18	\N	2023-10-13 17:45:22.314586+05:30	2023-10-13 17:45:22.314586+05:30	\N	\N	\N	\N
\.


--
-- Data for Name: note; Type: TABLE DATA; Schema: public; Owner: mukesh
--

COPY public.note (id, value, resource_type, resource_id, author_id, created_at, updated_at, deleted_at, metadata) FROM stdin;
\.


--
-- Data for Name: notification; Type: TABLE DATA; Schema: public; Owner: mukesh
--

COPY public.notification (id, event_name, resource_type, resource_id, customer_id, "to", data, parent_id, provider_id, created_at, updated_at) FROM stdin;
\.


--
-- Data for Name: notification_provider; Type: TABLE DATA; Schema: public; Owner: mukesh
--

COPY public.notification_provider (id, is_installed) FROM stdin;
\.


--
-- Data for Name: oauth; Type: TABLE DATA; Schema: public; Owner: mukesh
--

COPY public.oauth (id, display_name, application_name, install_url, uninstall_url, data) FROM stdin;
\.


--
-- Data for Name: onboarding_state; Type: TABLE DATA; Schema: public; Owner: mukesh
--

COPY public.onboarding_state (id, created_at, updated_at, current_step, is_complete, product_id) FROM stdin;
onboarding_01HCMFCVR2NBCPNB20WFZA08KE	2023-10-13 17:45:19.656888+05:30	2023-10-13 17:45:19.656888+05:30	\N	f	\N
\.


--
-- Data for Name: order; Type: TABLE DATA; Schema: public; Owner: mukesh
--

COPY public."order" (id, status, fulfillment_status, payment_status, display_id, cart_id, customer_id, email, billing_address_id, shipping_address_id, region_id, currency_code, tax_rate, canceled_at, created_at, updated_at, metadata, idempotency_key, draft_order_id, no_notification, external_id, sales_channel_id) FROM stdin;
\.


--
-- Data for Name: order_discounts; Type: TABLE DATA; Schema: public; Owner: mukesh
--

COPY public.order_discounts (order_id, discount_id) FROM stdin;
\.


--
-- Data for Name: order_edit; Type: TABLE DATA; Schema: public; Owner: mukesh
--

COPY public.order_edit (id, created_at, updated_at, order_id, internal_note, created_by, requested_by, requested_at, confirmed_by, confirmed_at, declined_by, declined_reason, declined_at, canceled_by, canceled_at, payment_collection_id) FROM stdin;
\.


--
-- Data for Name: order_gift_cards; Type: TABLE DATA; Schema: public; Owner: mukesh
--

COPY public.order_gift_cards (order_id, gift_card_id) FROM stdin;
\.


--
-- Data for Name: order_item_change; Type: TABLE DATA; Schema: public; Owner: mukesh
--

COPY public.order_item_change (id, created_at, updated_at, deleted_at, type, order_edit_id, original_line_item_id, line_item_id) FROM stdin;
\.


--
-- Data for Name: payment; Type: TABLE DATA; Schema: public; Owner: mukesh
--

COPY public.payment (id, swap_id, cart_id, order_id, amount, currency_code, amount_refunded, provider_id, data, captured_at, canceled_at, created_at, updated_at, metadata, idempotency_key) FROM stdin;
\.


--
-- Data for Name: payment_collection; Type: TABLE DATA; Schema: public; Owner: mukesh
--

COPY public.payment_collection (id, created_at, updated_at, deleted_at, type, status, description, amount, authorized_amount, region_id, currency_code, metadata, created_by) FROM stdin;
\.


--
-- Data for Name: payment_collection_payments; Type: TABLE DATA; Schema: public; Owner: mukesh
--

COPY public.payment_collection_payments (payment_collection_id, payment_id) FROM stdin;
\.


--
-- Data for Name: payment_collection_sessions; Type: TABLE DATA; Schema: public; Owner: mukesh
--

COPY public.payment_collection_sessions (payment_collection_id, payment_session_id) FROM stdin;
\.


--
-- Data for Name: payment_provider; Type: TABLE DATA; Schema: public; Owner: mukesh
--

COPY public.payment_provider (id, is_installed) FROM stdin;
manual	t
razorpay	t
stripe-przelewy24	t
stripe	t
stripe-ideal	t
stripe-giropay	t
stripe-blik	t
stripe-bancontact	t
\.


--
-- Data for Name: payment_session; Type: TABLE DATA; Schema: public; Owner: mukesh
--

COPY public.payment_session (id, cart_id, provider_id, is_selected, status, data, created_at, updated_at, idempotency_key, payment_authorized_at, amount, is_initiated) FROM stdin;
\.


--
-- Data for Name: price_list; Type: TABLE DATA; Schema: public; Owner: mukesh
--

COPY public.price_list (id, name, description, type, status, starts_at, ends_at, created_at, updated_at, deleted_at) FROM stdin;
\.


--
-- Data for Name: price_list_customer_groups; Type: TABLE DATA; Schema: public; Owner: mukesh
--

COPY public.price_list_customer_groups (price_list_id, customer_group_id) FROM stdin;
\.


--
-- Data for Name: product; Type: TABLE DATA; Schema: public; Owner: mukesh
--

COPY public.product (id, title, subtitle, description, handle, is_giftcard, thumbnail, weight, length, height, width, hs_code, origin_country, mid_code, material, created_at, updated_at, deleted_at, metadata, collection_id, type_id, discountable, status, external_id) FROM stdin;
prod_01HCMFCX9HW44GHJRKK4RN4RT0	10inch Anime Cute Digital Monster Digimon Koromon Soft Plush Toy Doll Pillow	\N	Covered with soft and smooth plush, for comfortable touch. A great addition to child's alpaca collection. 	10inch-anime-cute-digital-monster-digimon-koromon-soft-plush-toy-doll-pillow	f	https://cdn.shopify.com/s/files/1/0806/6577/2308/products/db3fd016e2307b39865de8a25d9dac03.jpg?v=1691345392	0	\N	\N	\N	\N	\N	\N	\N	2023-10-13 17:45:22.314586+05:30	2023-10-13 17:45:22.314586+05:30	\N	\N	\N	\N	t	published	\N
prod_01HCMFCXB6PZQ89F3EXNVCM4RK	2014 Holiday Barbie Ornament African-American	\N	2014 Holiday Barbie OrnamentbAfrican-American	2014-holiday-barbie-ornament-african-american	f	https://cdn.shopify.com/s/files/1/0806/6577/2308/products/5e7199acf47f527cdad1fdbcf5d85655.jpg?v=1691345833	0	\N	\N	\N	\N	\N	\N	\N	2023-10-13 17:45:22.314586+05:30	2023-10-13 17:45:22.314586+05:30	\N	\N	\N	\N	t	published	\N
prod_01HCMFCXC2QK20W51WVKSBSNMB	4"10cm Digimon Tailmon Plush Toy	\N	4"10cm Digimon Tailmon Plush Toy Kawaii Digimon Adventure Tailmon Plush Toys Doll Soft Stuffed Toys Gift for Kids Children	410cm-digimon-tailmon-plush-toy	f	https://cdn.shopify.com/s/files/1/0806/6577/2308/products/c67a583655208237acd890e440921d49.jpg?v=1691345396	0	\N	\N	\N	\N	\N	\N	\N	2023-10-13 17:45:22.314586+05:30	2023-10-13 17:45:22.314586+05:30	\N	\N	\N	\N	t	published	\N
prod_01HCMFCXCSC122JTVM2HAZSRWB	Activity Auto	\N	Lots of fun activities to keep little minds and little hands active! Includes a working key, steering wheel, horn, window and doors plus shape sorting.	activity-auto	f	https://cdn.shopify.com/s/files/1/0806/6577/2308/products/e53f487d4e5c781e65b936c1e96d2eea.jpg?v=1691345835	0	\N	\N	\N	\N	\N	\N	\N	2023-10-13 17:45:22.314586+05:30	2023-10-13 17:45:22.314586+05:30	\N	\N	\N	\N	t	published	\N
prod_01HCMFCXDG86SEAW5EDRGWZWG8	ADIDAS | CLASSIC BACKPACK	\N	This women's backpack has a glam look, thanks to a faux-leather build with an allover fur print. The front zip pocket keeps small things within reach, while an interior divider reins in potential chaos.	adidas-classic-backpack	f	https://cdn.shopify.com/s/files/1/0806/6577/2308/products/85cc58608bf138a50036bcfe86a3a362.jpg?v=1691345287	0	\N	\N	\N	\N	\N	\N	\N	2023-10-13 17:45:22.314586+05:30	2023-10-13 17:45:22.314586+05:30	\N	\N	\N	\N	t	published	\N
prod_01HCMFCXE95PGG0DZWYGRSJ4HX	ADIDAS | CLASSIC BACKPACK	\N	This women's backpack has a glam look, thanks to a faux-leather build with an allover fur print. The front zip pocket keeps small things within reach, while an interior divider reins in potential chaos.	adidas-classic-backpack-1	f	https://cdn.shopify.com/s/files/1/0806/6577/2308/products/85cc58608bf138a50036bcfe86a3a362_7e74465d-1d82-4816-bc2a-b7daa809d594.jpg?v=1691345651	0	\N	\N	\N	\N	\N	\N	\N	2023-10-13 17:45:22.314586+05:30	2023-10-13 17:45:22.314586+05:30	\N	\N	\N	\N	t	published	\N
prod_01HCMFCXEW19GJPJVQRJ24N24D	ADIDAS | CLASSIC BACKPACK | LEGEND INK MULTICOLOUR	\N	The adidas BP Classic Cap features a pre-curved brim to keep your face shaded, while a hook-and-loop adjustable closure provides a comfortable fit. With a 3-Stripes design and reflective accents. The perfect piece to top off any outfit.	adidas-classic-backpack-legend-ink-multicolour	f	https://cdn.shopify.com/s/files/1/0806/6577/2308/products/8072c8b5718306d4be25aac21836ce16.jpg?v=1691345290	0	\N	\N	\N	\N	\N	\N	\N	2023-10-13 17:45:22.314586+05:30	2023-10-13 17:45:22.314586+05:30	\N	\N	\N	\N	t	published	\N
prod_01HCMFCXFE7QVBD13D1KRPK1T7	ADIDAS | CLASSIC BACKPACK | LEGEND INK MULTICOLOUR	\N	The adidas BP Classic Cap features a pre-curved brim to keep your face shaded, while a hook-and-loop adjustable closure provides a comfortable fit. With a 3-Stripes design and reflective accents. The perfect piece to top off any outfit.	adidas-classic-backpack-legend-ink-multicolour-1	f	https://cdn.shopify.com/s/files/1/0806/6577/2308/products/8072c8b5718306d4be25aac21836ce16_4298a50c-d4a4-47ba-83a2-d26710d4e410.jpg?v=1691345653	0	\N	\N	\N	\N	\N	\N	\N	2023-10-13 17:45:22.314586+05:30	2023-10-13 17:45:22.314586+05:30	\N	\N	\N	\N	t	published	\N
prod_01HCMFCXG4X5TEXYAE03ZJSGWW	ADIDAS | KID'S STAN SMITH	\N	The Stan Smith owned the tennis court in the '70s. Today it runs the streets with the same clean, classic style. These kids' shoes preserve the iconic look of the original, made in leather with punched 3-Stripes, heel and tongue logos and lightweight step-in cushioning.	adidas-kids-stan-smith	f	https://cdn.shopify.com/s/files/1/0806/6577/2308/products/7883dc186e15bf29dad696e1e989e914.jpg?v=1691345270	0	\N	\N	\N	\N	\N	\N	\N	2023-10-13 17:45:22.314586+05:30	2023-10-13 17:45:22.314586+05:30	\N	\N	\N	\N	t	published	\N
prod_01HCMFCXH5HHA7WHY4DGK9XQ1W	ADIDAS | KID'S STAN SMITH	\N	The Stan Smith owned the tennis court in the '70s. Today it runs the streets with the same clean, classic style. These kids' shoes preserve the iconic look of the original, made in leather with punched 3-Stripes, heel and tongue logos and lightweight step-in cushioning.	adidas-kids-stan-smith-1	f	https://cdn.shopify.com/s/files/1/0806/6577/2308/products/7883dc186e15bf29dad696e1e989e914_2baf3c8a-2844-4509-bd8c-424f9c89d3cf.jpg?v=1691345634	0	\N	\N	\N	\N	\N	\N	\N	2023-10-13 17:45:22.314586+05:30	2023-10-13 17:45:22.314586+05:30	\N	\N	\N	\N	t	published	\N
prod_01HCMFCXJ89TQXAYGXVS98FGFX	ADIDAS | SUPERSTAR 80S	\N	There's a shell toe for every season, and the adidas Originals Superstar 80s shoes have a full grain leather upper with a shiny badge on the tongue that makes these shoes ready for any time of year.	adidas-superstar-80s	f	https://cdn.shopify.com/s/files/1/0806/6577/2308/products/44694ee386818f3276566210464cf341.jpg?v=1691345205	0	\N	\N	\N	\N	\N	\N	\N	2023-10-13 17:45:22.314586+05:30	2023-10-13 17:45:22.314586+05:30	\N	\N	\N	\N	t	published	\N
prod_01HCMFCXMYSEANEJZ1FBZ8K21S	ADIDAS | SUPERSTAR 80S	\N	There's a shell toe for every season, and the adidas Originals Superstar 80s shoes have a full grain leather upper with a shiny badge on the tongue that makes these shoes ready for any time of year.	adidas-superstar-80s-1	f	https://cdn.shopify.com/s/files/1/0806/6577/2308/products/44694ee386818f3276566210464cf341_3d657784-0703-4ab5-a228-cc430f0ab8c7.jpg?v=1691345571	0	\N	\N	\N	\N	\N	\N	\N	2023-10-13 17:45:22.314586+05:30	2023-10-13 17:45:22.314586+05:30	\N	\N	\N	\N	t	published	\N
prod_01HCMFCXQCN5E1FZJVNWFAV6JQ	Animal Zone Foam T-Rex	\N	Animal Zone Foam T-Rex	animal-zone-foam-t-rex	f	https://cdn.shopify.com/s/files/1/0806/6577/2308/products/b20e2bd10609cdfdf8c6239b96d609de.jpg?v=1691345335	0	\N	\N	\N	\N	\N	\N	\N	2023-10-13 17:45:22.314586+05:30	2023-10-13 17:45:22.314586+05:30	\N	\N	\N	\N	t	published	\N
prod_01HCMFCXQWFTQM4RMNEXGY401K	Animal Zone Stegosaurus	\N	Animal Zone Stegosaurus	animal-zone-stegosaurus	f	https://cdn.shopify.com/s/files/1/0806/6577/2308/products/fb5b58f3868911f414f54aab5d00b604.jpg?v=1691345338	0	\N	\N	\N	\N	\N	\N	\N	2023-10-13 17:45:22.314586+05:30	2023-10-13 17:45:22.314586+05:30	\N	\N	\N	\N	t	published	\N
prod_01HCMFCXRAA4PVDKC5CT2D4QJS	Anime Cartoon Digimon Digital Monsters	\N	Anime Cartoon Digimon Digital Monsters Yagami Hikari Plotmon Plush Toy Stuffed Animals Kids Soft Toys	anime-cartoon-digimon-digital-monsters	f	https://cdn.shopify.com/s/files/1/0806/6577/2308/products/b5194ae37dbb1c47d9ffc865d6a21ac9.jpg?v=1691345398	0	\N	\N	\N	\N	\N	\N	\N	2023-10-13 17:45:22.314586+05:30	2023-10-13 17:45:22.314586+05:30	\N	\N	\N	\N	t	published	\N
prod_01HCMFCXRTPGQMDFYRHXF5DT1B	Anime Digimon Adventure Patamon Stuffed Toy Plush Toys	\N	Not only sot and beautiful but also strong decorative function. Very Simple &amp; Cute , Attacting. 	anime-digimon-adventure-patamon-stuffed-toy-plush-toys	f	https://cdn.shopify.com/s/files/1/0806/6577/2308/products/dbd3fe46b7c6881fff4d14b020f9c004.jpg?v=1691345387	0	\N	\N	\N	\N	\N	\N	\N	2023-10-13 17:45:22.314586+05:30	2023-10-13 17:45:22.314586+05:30	\N	\N	\N	\N	t	published	\N
prod_01HCMFCXSCTCPP9E7S4JDK0C4J	Anime Digimons Digital Monster Tanemon Plush Toys	\N	Not only sot and beautiful but also strong decorative function. Very Simple &amp; Cute , Attacting. 	anime-digimons-digital-monster-tanemon-plush-toys	f	https://cdn.shopify.com/s/files/1/0806/6577/2308/products/1450f9bdea13c822ec386236d417d9d7.jpg?v=1691345386	0	\N	\N	\N	\N	\N	\N	\N	2023-10-13 17:45:22.314586+05:30	2023-10-13 17:45:22.314586+05:30	\N	\N	\N	\N	t	published	\N
prod_01HCMFCY5T8ENBD5HJYRPCN9GJ	Barbie Pet Pals Gift Set	\N	Barbie is a true friend to animals everywhere, whether it's an adorable dog about to welcome three new puppies into the world, or a horse that's ready to take Barbie on a ride into imagination!	barbie-pet-pals-gift-set	f	https://cdn.shopify.com/s/files/1/0806/6577/2308/products/11f6df278459411fc771fe5def3e1978.jpg?v=1691345448	0	\N	\N	\N	\N	\N	\N	\N	2023-10-13 17:45:22.314586+05:30	2023-10-13 17:45:22.314586+05:30	\N	\N	\N	\N	t	published	\N
prod_01HCMFCXSY9MPPP9Q7KE1XX0X7	ASICS TIGER | GEL-LYTE V '30 YEARS OF GEL' PACK	\N	The iconic ASICS Tiger GEL-Lyte III was originally released in 1990. Having over two decades of performance heritage, it offers fine design detailing and a padded split tongue to eliminate tongue movement, built on a sleek silhouette. It comes as no surprise the Gel-Lyte III is a fast growing popular choice for sneaker enthusiasts all over the world.	asics-tiger-gel-lyte-v-30-years-of-gel-pack	f	https://cdn.shopify.com/s/files/1/0806/6577/2308/products/343bfbfc1a10a39a528a3d34367669c2.jpg?v=1691345189	0	\N	\N	\N	\N	\N	\N	\N	2023-10-13 17:45:22.314586+05:30	2023-10-13 17:45:22.314586+05:30	\N	\N	\N	\N	t	published	\N
prod_01HCMFCXV5BJFSTP0GV8V7VQVH	ASICS TIGER | GEL-LYTE V '30 YEARS OF GEL' PACK	\N	The iconic ASICS Tiger GEL-Lyte III was originally released in 1990. Having over two decades of performance heritage, it offers fine design detailing and a padded split tongue to eliminate tongue movement, built on a sleek silhouette. It comes as no surprise the Gel-Lyte III is a fast growing popular choice for sneaker enthusiasts all over the world.	asics-tiger-gel-lyte-v-30-years-of-gel-pack-1	f	https://cdn.shopify.com/s/files/1/0806/6577/2308/products/343bfbfc1a10a39a528a3d34367669c2_6d1499c6-3be8-4bdb-bc3c-9c7339f32eac.jpg?v=1691345556	0	\N	\N	\N	\N	\N	\N	\N	2023-10-13 17:45:22.314586+05:30	2023-10-13 17:45:22.314586+05:30	\N	\N	\N	\N	t	published	\N
prod_01HCMFCXWA16CGDMKZ1XA5R2NA	Authentic Hatchimals CollEGGtibles 12-Pack Egg Carton	\N	Authentic Hatchimals CollEGGtibles 12-Pack Egg Carton	authentic-hatchimals-colleggtibles-12-pack-egg-carton	f	https://cdn.shopify.com/s/files/1/0806/6577/2308/products/33b763e8de049e82f775258c593ff1b2.jpg?v=1691345517	0	\N	\N	\N	\N	\N	\N	\N	2023-10-13 17:45:22.314586+05:30	2023-10-13 17:45:22.314586+05:30	\N	\N	\N	\N	t	published	\N
prod_01HCMFCXWVGJ8Q0T1JMY3SMENQ	BANPRESTO BWFC DRAGON BALL Z V6 Trunks	\N	BANPRESTO BWFC DRAGON BALL Z V6 Trunks	banpresto-bwfc-dragon-ball-z-v6-trunks	f	https://cdn.shopify.com/s/files/1/0806/6577/2308/products/d20c29101e0da47c04e045f1435eddb6.jpg?v=1691345408	0	\N	\N	\N	\N	\N	\N	\N	2023-10-13 17:45:22.314586+05:30	2023-10-13 17:45:22.314586+05:30	\N	\N	\N	\N	t	published	\N
prod_01HCMFCXXB50T0QA8DYDWA180J	Banpresto Dxf Dragon Ball Z 5.9-Inch Raditz Action Figure	\N	Banpresto Dxf Dragon Ball Z 5.9-Inch Raditz Action Figure	banpresto-dxf-dragon-ball-z-5-9-inch-raditz-action-figure	f	https://cdn.shopify.com/s/files/1/0806/6577/2308/products/d86a108fdcd90e3b335a0b80f99d1368.jpg?v=1691345407	0	\N	\N	\N	\N	\N	\N	\N	2023-10-13 17:45:22.314586+05:30	2023-10-13 17:45:22.314586+05:30	\N	\N	\N	\N	t	published	\N
prod_01HCMFCXXWYHW3EBJPPRP8TXNS	Banpresto Resolution of Soldiers Dragon Ball Z Mr. Satan Hercule	\N	Banpresto Resolution of Soldiers Dragon Ball Z Mr. Satan Hercule	banpresto-resolution-of-soldiers-dragon-ball-z-mr-satan-hercule	f	https://cdn.shopify.com/s/files/1/0806/6577/2308/products/24a2d1268229442c56cfe31bca72433a.jpg?v=1691345411	0	\N	\N	\N	\N	\N	\N	\N	2023-10-13 17:45:22.314586+05:30	2023-10-13 17:45:22.314586+05:30	\N	\N	\N	\N	t	published	\N
prod_01HCMFCXYEF63W8DYJDV8A1K63	Barbie 2-Story House	\N	The Barbie 2-Story House is cute, modern and holds fun surprises! Designed with portability in mind, it unfolds to reveal a two-story home with multiple play spaces.	barbie-2-story-house	f	https://cdn.shopify.com/s/files/1/0806/6577/2308/products/fb81d680d7d2ad2410c82da2dbf177ab.jpg?v=1691345469	0	\N	\N	\N	\N	\N	\N	\N	2023-10-13 17:45:22.314586+05:30	2023-10-13 17:45:22.314586+05:30	\N	\N	\N	\N	t	published	\N
prod_01HCMFCXYZMR83C9A31J5M2SED	Barbie and Ken Dolls	\N	Barbie doll and Ken doll have teamed up to open their own cafe, and they have all the ingredients for fun! 	barbie-and-ken-dolls	f	https://cdn.shopify.com/s/files/1/0806/6577/2308/products/b38ac11fce14bcde8c6b8ad0ad38e071.jpg?v=1691345451	0	\N	\N	\N	\N	\N	\N	\N	2023-10-13 17:45:22.314586+05:30	2023-10-13 17:45:22.314586+05:30	\N	\N	\N	\N	t	published	\N
prod_01HCMFCXZJCD4P04VAGVQA7DZD	Barbie Art Studio Playset	\N	Barbie career dolls and playsets inspire kids to dream big and aim high! Barbie playsets turn the workspace into a play space with job-related furniture and accessories that let young professionals explore their dream aspirations.	barbie-art-studio-playset	f	https://cdn.shopify.com/s/files/1/0806/6577/2308/products/dc54dd57b906c1145b2c81c6ec3355a4.jpg?v=1691345464	0	\N	\N	\N	\N	\N	\N	\N	2023-10-13 17:45:22.314586+05:30	2023-10-13 17:45:22.314586+05:30	\N	\N	\N	\N	t	published	\N
prod_01HCMFCY005Q7YY9QG2HT5G6VX	Barbie Bakery Chef Doll and Playset	\N	Barbie bakery chef doll is ready to bake with an oven play set and food accessories that really rise! An oven sound, rising action and color-change "icing" provide the ingredients for fun with easy-to-use mechanisms.	barbie-bakery-chef-doll-and-playset	f	https://cdn.shopify.com/s/files/1/0806/6577/2308/products/e8e4c183a88fe1f5576f779ac82b2cfe.jpg?v=1691345450	0	\N	\N	\N	\N	\N	\N	\N	2023-10-13 17:45:22.314586+05:30	2023-10-13 17:45:22.314586+05:30	\N	\N	\N	\N	t	published	\N
prod_01HCMFCY0FW331E66A662NT7YC	Barbie Bistro Cart	\N	Roll into career adventure with the Barbie bistro cart -- it has all the ingredients to let young foodies explore their dreams! Bright colors and a unique design on this doll vehicle	barbie-bistro-cart	f	https://cdn.shopify.com/s/files/1/0806/6577/2308/products/d86cb2e125fd2509fc0436c21d12216e.jpg?v=1691345454	0	\N	\N	\N	\N	\N	\N	\N	2023-10-13 17:45:22.314586+05:30	2023-10-13 17:45:22.314586+05:30	\N	\N	\N	\N	t	published	\N
prod_01HCMFCY133PE6JCAXVS5RQ90T	Barbie Color Surprise Doll	\N	Barbie Color Surprise doll is ready to make a bold statement with hair that transforms in an instant! 	barbie-color-surprise-doll	f	https://cdn.shopify.com/s/files/1/0806/6577/2308/products/fc59295a132dfedb12286bd2a266700c.jpg?v=1691345472	0	\N	\N	\N	\N	\N	\N	\N	2023-10-13 17:45:22.314586+05:30	2023-10-13 17:45:22.314586+05:30	\N	\N	\N	\N	t	published	\N
prod_01HCMFCY1H2R9510FCK753M20S	Barbie Crayola Color-In Fashion Doll and Fashions	\N	Color in fun and draw out your creativity with Barbie CRAYOLA Color-In Fashion dolls.	barbie-crayola-color-in-fashion-doll-and-fashions	f	https://cdn.shopify.com/s/files/1/0806/6577/2308/products/942f512165b47354bf4bdb329c52aa96.jpg?v=1691345452	0	\N	\N	\N	\N	\N	\N	\N	2023-10-13 17:45:22.314586+05:30	2023-10-13 17:45:22.314586+05:30	\N	\N	\N	\N	t	published	\N
prod_01HCMFCY245P4HJ46HKTRSC5VF	Barbie Crayola Rainbow Design Fashion Set	\N	Barbie and CRAYOLA help young designers uncover their creativity with fashion design sets that will brighten their day!	barbie-crayola-rainbow-design-fashion-set	f	https://cdn.shopify.com/s/files/1/0806/6577/2308/products/2ee9ed21d148d9477de9848c4d155c67.jpg?v=1691345473	0	\N	\N	\N	\N	\N	\N	\N	2023-10-13 17:45:22.314586+05:30	2023-10-13 17:45:22.314586+05:30	\N	\N	\N	\N	t	published	\N
prod_01HCMFCY3MBPN7GSMWF2FGCA4Z	Barbie Crayola Tie-Dye Fashions	\N	Barbie and CRAYOLA inspire young designers with fashion design sets that will tie their imaginations up with tie dye! The Barbie CRAYOLA	barbie-crayola-tie-dye-fashions	f	https://cdn.shopify.com/s/files/1/0806/6577/2308/products/64ca4854d2947b939b8aa533d981c033.jpg?v=1691345455	0	\N	\N	\N	\N	\N	\N	\N	2023-10-13 17:45:22.314586+05:30	2023-10-13 17:45:22.314586+05:30	\N	\N	\N	\N	t	published	\N
prod_01HCMFCY45AVBS2XR1421TCJZ3	Barbie DreamCamper	\N	This amazing Barbie DreamCamper transforms from a camping RV into a campsite play set with room for Barbie doll and all of her sisters to sleep (dolls sold separately).	barbie-dreamcamper	f	https://cdn.shopify.com/s/files/1/0806/6577/2308/products/09cc2652a2f55a1559450c6ade91d5d1.jpg?v=1691345447	0	\N	\N	\N	\N	\N	\N	\N	2023-10-13 17:45:22.314586+05:30	2023-10-13 17:45:22.314586+05:30	\N	\N	\N	\N	t	published	\N
prod_01HCMFCY4P1EG635Q3Q384RMHD	Barbie Dreamhouse	\N	Move right into the Barbie Dreamhouse and discover a world of possibilities because with Barbie, anything is possible! Three floors, seven rooms and a working elevator let kids dream up all kinds of stories, from a fun night in to getting ready for girls' night out.	barbie-dreamhouse	f	https://cdn.shopify.com/s/files/1/0806/6577/2308/products/aff662adbf0f1c79ef006890fb5c817c.jpg?v=1691345445	0	\N	\N	\N	\N	\N	\N	\N	2023-10-13 17:45:22.314586+05:30	2023-10-13 17:45:22.314586+05:30	\N	\N	\N	\N	t	published	\N
prod_01HCMFCY58N5HW42M30AY48J8E	Barbie Pet Groomer Doll	\N	Barbie career dolls and playsets inspire kids to dream big and aim high! This Barbie playset turns work-time into playtime with Barbie doll, a piece of pet grooming-related furniture and accessories that let young professionals explore their dream careers.	barbie-pet-groomer-doll	f	https://cdn.shopify.com/s/files/1/0806/6577/2308/products/605f896c5ca28739ea36fc3627b19895.jpg?v=1691345465	0	\N	\N	\N	\N	\N	\N	\N	2023-10-13 17:45:22.314586+05:30	2023-10-13 17:45:22.314586+05:30	\N	\N	\N	\N	t	published	\N
prod_01HCMFCY6K9Y78687YHN83YW8C	Barbie Pizza Chef Doll and Playset	\N	Barbie pizza chef doll is ready to cook up fun with a pizza shop play set, three colors of dough and accessories that let kids make their own doll-sized pizzas!	barbie-pizza-chef-doll-and-playset	f	https://cdn.shopify.com/s/files/1/0806/6577/2308/products/3860b802fe7f8cfa3dd363c1cc5edb42.jpg?v=1691345470	0	\N	\N	\N	\N	\N	\N	\N	2023-10-13 17:45:22.314586+05:30	2023-10-13 17:45:22.314586+05:30	\N	\N	\N	\N	t	published	\N
prod_01HCMFCY73NWZ9JSJ8Y547S4Q3	Barbie Skipper Babysitters Inc. Doll	\N	Young kids can be the babysitter with Barbie Skipper Babysitters Inc. doll and accessory sets that include a doll and accessories to play out classic moments.	barbie-skipper-babysitters-inc-doll	f	https://cdn.shopify.com/s/files/1/0806/6577/2308/products/afed693d1a06bb34d0953bd8f8ea6eb9.jpg?v=1691345461	0	\N	\N	\N	\N	\N	\N	\N	2023-10-13 17:45:22.314586+05:30	2023-10-13 17:45:22.314586+05:30	\N	\N	\N	\N	t	published	\N
prod_01HCMFCY7K235907WK5C68W635	Barbie Skipper Babysitters Inc. Doll and Accessory	\N	Young kids can be the babysitter with Barbie Skipper Babysitters Inc. doll and accessory sets that include a doll and accessories to play out classic moments.	barbie-skipper-babysitters-inc-doll-and-accessory	f	https://cdn.shopify.com/s/files/1/0806/6577/2308/products/c4a5dcc170e6456bdfec5efb3073cb21.jpg?v=1691345458	0	\N	\N	\N	\N	\N	\N	\N	2023-10-13 17:45:22.314586+05:30	2023-10-13 17:45:22.314586+05:30	\N	\N	\N	\N	t	published	\N
prod_01HCMFCY82VC0CSCTQP7G3MR5F	Barbie Skipper Babysitters Inc. Doll and Playset	\N	Barbie Skipper Babysitters Inc. dolls and playsets let kids be the babysitter with a Skipper or friend doll, a baby or toddler doll, furniture and accessories matched to classic childhood moments.	barbie-skipper-babysitters-inc-doll-and-playset	f	https://cdn.shopify.com/s/files/1/0806/6577/2308/products/d2d0f15d83801177487f7df4ab262ef3.jpg?v=1691345457	0	\N	\N	\N	\N	\N	\N	\N	2023-10-13 17:45:22.314586+05:30	2023-10-13 17:45:22.314586+05:30	\N	\N	\N	\N	t	published	\N
prod_01HCMFCY8H62NKW6GQB7MS20BZ	Barbie Sweetville Royal Gift Set	\N	The magical, make-believe world imagined by Chelsea comes to regal life in this set! You'll arrive at Sweetville Castle in a colorful carriage and discover that princesses, fairies, and mermaids all exist in one enchanted realm.	barbie-sweetville-royal-gift-set	f	https://cdn.shopify.com/s/files/1/0806/6577/2308/products/8f4146ec42828fe44dffb21eed21f55c.jpg?v=1691345467	0	\N	\N	\N	\N	\N	\N	\N	2023-10-13 17:45:22.314586+05:30	2023-10-13 17:45:22.314586+05:30	\N	\N	\N	\N	t	published	\N
prod_01HCMFCY92HDP6ZBZ8WRB4SXDR	Ben 10 6" Deluxe Power Up Figures - Cannonbolt	\N	"Power Up" Figures are interactive figures that allow you to give your alien a surging burst of energy!	ben-10-6-deluxe-power-up-figures-cannonbolt	f	https://cdn.shopify.com/s/files/1/0806/6577/2308/products/9b279e5f398d3eec85dea16f19561ec4.jpg?v=1691345377	0	\N	\N	\N	\N	\N	\N	\N	2023-10-13 17:45:22.314586+05:30	2023-10-13 17:45:22.314586+05:30	\N	\N	\N	\N	t	published	\N
prod_01HCMFCY9GF774VVEE5217NGJ9	Ben 10 6" Deluxe Power Up Figures - Diamond Head	\N	"Power Up" Figures are interactive figures that allow you to give your alien a surging burst of energy!	ben-10-6-deluxe-power-up-figures-diamond-head	f	https://cdn.shopify.com/s/files/1/0806/6577/2308/products/28aac7a6544bbc1fe288e0c255d1e42d.jpg?v=1691345373	0	\N	\N	\N	\N	\N	\N	\N	2023-10-13 17:45:22.314586+05:30	2023-10-13 17:45:22.314586+05:30	\N	\N	\N	\N	t	published	\N
prod_01HCMFCY9Z2ER381WTH98ZYD5R	Ben 10 6" Deluxe Power Up Figures - Four Arms	\N	"Power Up" Figures are interactive figures that allow you to give your alien a surging burst of energy!	ben-10-6-deluxe-power-up-figures-four-arms	f	https://cdn.shopify.com/s/files/1/0806/6577/2308/products/d2b437858d472299fc9055824e4ab35f.jpg?v=1691345380	0	\N	\N	\N	\N	\N	\N	\N	2023-10-13 17:45:22.314586+05:30	2023-10-13 17:45:22.314586+05:30	\N	\N	\N	\N	t	published	\N
prod_01HCMFCYAFC57JBDHT0ACBRRSY	Ben 10 Omniverse 4 Inch Action Figure Malware	\N	Ben 10 Omniverse 4 Inch Action Figure Malware 	ben-10-omniverse-4-inch-action-figure-malware	f	https://cdn.shopify.com/s/files/1/0806/6577/2308/products/c49c8ea350a5c357c873364f8f92776e.jpg?v=1691345381	0	\N	\N	\N	\N	\N	\N	\N	2023-10-13 17:45:22.314586+05:30	2023-10-13 17:45:22.314586+05:30	\N	\N	\N	\N	t	published	\N
prod_01HCMFCYAW16WGNMPP4ZVNBD4K	Ben 10 Transform-N-Battle Diamond Head Set	\N	The Heatblast Transform-N- Battle Gauntlet and Mask roleplay bundle allows you to become your favorite Ben 10 alien!	ben-10-transform-n-battle-diamond-head-set	f	https://cdn.shopify.com/s/files/1/0806/6577/2308/products/d5eb704d93529e5db8bfebf76057c578.jpg?v=1691345374	0	\N	\N	\N	\N	\N	\N	\N	2023-10-13 17:45:22.314586+05:30	2023-10-13 17:45:22.314586+05:30	\N	\N	\N	\N	t	published	\N
prod_01HCMFCYBA414CE8T22TFAQT19	Ben 10 Transforming Vehicle With Figure - Diamond Head Power Tank	\N	Tracking from Diamondhead's crystalline planet, Petropia, the Power Tank is diamond hard and composed of organic green crystals, just like it's inhabitants.	ben-10-transforming-vehicle-with-figure-diamond-head-power-tank	f	https://cdn.shopify.com/s/files/1/0806/6577/2308/products/0d7bb72cc5cca44b5cceb1711779c96a.jpg?v=1691345379	0	\N	\N	\N	\N	\N	\N	\N	2023-10-13 17:45:22.314586+05:30	2023-10-13 17:45:22.314586+05:30	\N	\N	\N	\N	t	published	\N
prod_01HCMFCYBPDE2JW7WFDPZ932D3	Ben 10 Transforming Vehicle With Figure - Heatblast Rocket Flyer	\N	lazing in from Heatblast's bright planet, Pyros, the Rocket Flyer is the perfect vehicle to navigate through the scorching hot air.	ben-10-transforming-vehicle-with-figure-heatblast-rocket-flyer	f	https://cdn.shopify.com/s/files/1/0806/6577/2308/products/8a3bf927f82fea448d74ed6782286a3a.jpg?v=1691345376	0	\N	\N	\N	\N	\N	\N	\N	2023-10-13 17:45:22.314586+05:30	2023-10-13 17:45:22.314586+05:30	\N	\N	\N	\N	t	published	\N
prod_01HCMFCYC7YNJX1NV9VQ6JR9C0	Ben 10 Upgrade Basic Action Figure	\N	Ben 10 Upgrade Basic Action Figure	ben-10-upgrade-basic-action-figure	f	https://cdn.shopify.com/s/files/1/0806/6577/2308/products/af62bf308fce7ae13a10b4d8c46c2470.jpg?v=1691345383	0	\N	\N	\N	\N	\N	\N	\N	2023-10-13 17:45:22.314586+05:30	2023-10-13 17:45:22.314586+05:30	\N	\N	\N	\N	t	published	\N
prod_01HCMFCYCRVQ2BZ7XKBQJ3HKN3	BEN10 style Projector Watch Worldwide	\N	PlasticBEN 10 style projector watch Just inserts the card and press the side-button to see the image	ben10-style-projector-watch-worldwide	f	https://cdn.shopify.com/s/files/1/0806/6577/2308/products/e5d0de0b64180ac106379a04a908852e.jpg?v=1691345371	0	\N	\N	\N	\N	\N	\N	\N	2023-10-13 17:45:22.314586+05:30	2023-10-13 17:45:22.314586+05:30	\N	\N	\N	\N	t	published	\N
\.


--
-- Data for Name: product_category; Type: TABLE DATA; Schema: public; Owner: mukesh
--

COPY public.product_category (id, name, handle, parent_category_id, mpath, is_active, is_internal, created_at, updated_at, rank, description) FROM stdin;
pcat_toys	TOYS	toys	\N	pcat_toys.	t	f	2023-10-13 17:45:22.314586+05:30	2023-10-13 17:45:22.314586+05:30	0	
pcat_accessories	ACCESSORIES	accessories	\N	pcat_accessories.	t	f	2023-10-13 17:45:22.314586+05:30	2023-10-13 17:45:22.314586+05:30	1	
pcat_shoes	SHOES	shoes	\N	pcat_shoes.	t	f	2023-10-13 17:45:22.314586+05:30	2023-10-13 17:45:22.314586+05:30	2	
\.


--
-- Data for Name: product_category_product; Type: TABLE DATA; Schema: public; Owner: mukesh
--

COPY public.product_category_product (product_category_id, product_id) FROM stdin;
pcat_toys	prod_01HCMFCX9HW44GHJRKK4RN4RT0
pcat_toys	prod_01HCMFCXB6PZQ89F3EXNVCM4RK
pcat_toys	prod_01HCMFCXC2QK20W51WVKSBSNMB
pcat_toys	prod_01HCMFCXCSC122JTVM2HAZSRWB
pcat_accessories	prod_01HCMFCXDG86SEAW5EDRGWZWG8
pcat_accessories	prod_01HCMFCXE95PGG0DZWYGRSJ4HX
pcat_accessories	prod_01HCMFCXEW19GJPJVQRJ24N24D
pcat_accessories	prod_01HCMFCXFE7QVBD13D1KRPK1T7
pcat_shoes	prod_01HCMFCXG4X5TEXYAE03ZJSGWW
pcat_shoes	prod_01HCMFCXH5HHA7WHY4DGK9XQ1W
pcat_shoes	prod_01HCMFCXJ89TQXAYGXVS98FGFX
pcat_shoes	prod_01HCMFCXMYSEANEJZ1FBZ8K21S
pcat_toys	prod_01HCMFCXQCN5E1FZJVNWFAV6JQ
pcat_toys	prod_01HCMFCXQWFTQM4RMNEXGY401K
pcat_toys	prod_01HCMFCXRAA4PVDKC5CT2D4QJS
pcat_toys	prod_01HCMFCXRTPGQMDFYRHXF5DT1B
pcat_toys	prod_01HCMFCXSCTCPP9E7S4JDK0C4J
pcat_shoes	prod_01HCMFCXSY9MPPP9Q7KE1XX0X7
pcat_shoes	prod_01HCMFCXV5BJFSTP0GV8V7VQVH
pcat_toys	prod_01HCMFCXWA16CGDMKZ1XA5R2NA
pcat_toys	prod_01HCMFCXWVGJ8Q0T1JMY3SMENQ
pcat_toys	prod_01HCMFCXXB50T0QA8DYDWA180J
pcat_toys	prod_01HCMFCXXWYHW3EBJPPRP8TXNS
pcat_toys	prod_01HCMFCXYEF63W8DYJDV8A1K63
pcat_toys	prod_01HCMFCXYZMR83C9A31J5M2SED
pcat_toys	prod_01HCMFCXZJCD4P04VAGVQA7DZD
pcat_toys	prod_01HCMFCY005Q7YY9QG2HT5G6VX
pcat_toys	prod_01HCMFCY0FW331E66A662NT7YC
pcat_toys	prod_01HCMFCY133PE6JCAXVS5RQ90T
pcat_toys	prod_01HCMFCY1H2R9510FCK753M20S
pcat_toys	prod_01HCMFCY245P4HJ46HKTRSC5VF
pcat_toys	prod_01HCMFCY3MBPN7GSMWF2FGCA4Z
pcat_toys	prod_01HCMFCY45AVBS2XR1421TCJZ3
pcat_toys	prod_01HCMFCY4P1EG635Q3Q384RMHD
pcat_toys	prod_01HCMFCY58N5HW42M30AY48J8E
pcat_toys	prod_01HCMFCY5T8ENBD5HJYRPCN9GJ
pcat_toys	prod_01HCMFCY6K9Y78687YHN83YW8C
pcat_toys	prod_01HCMFCY73NWZ9JSJ8Y547S4Q3
pcat_toys	prod_01HCMFCY7K235907WK5C68W635
pcat_toys	prod_01HCMFCY82VC0CSCTQP7G3MR5F
pcat_toys	prod_01HCMFCY8H62NKW6GQB7MS20BZ
pcat_toys	prod_01HCMFCY92HDP6ZBZ8WRB4SXDR
pcat_toys	prod_01HCMFCY9GF774VVEE5217NGJ9
pcat_toys	prod_01HCMFCY9Z2ER381WTH98ZYD5R
pcat_toys	prod_01HCMFCYAFC57JBDHT0ACBRRSY
pcat_toys	prod_01HCMFCYAW16WGNMPP4ZVNBD4K
pcat_toys	prod_01HCMFCYBA414CE8T22TFAQT19
pcat_toys	prod_01HCMFCYBPDE2JW7WFDPZ932D3
pcat_toys	prod_01HCMFCYC7YNJX1NV9VQ6JR9C0
pcat_toys	prod_01HCMFCYCRVQ2BZ7XKBQJ3HKN3
\.


--
-- Data for Name: product_collection; Type: TABLE DATA; Schema: public; Owner: mukesh
--

COPY public.product_collection (id, title, handle, created_at, updated_at, deleted_at, metadata) FROM stdin;
\.


--
-- Data for Name: product_images; Type: TABLE DATA; Schema: public; Owner: mukesh
--

COPY public.product_images (product_id, image_id) FROM stdin;
prod_01HCMFCX9HW44GHJRKK4RN4RT0	img_01HCMFCX9ESW1TNF3JQ3MNWB6H
prod_01HCMFCXB6PZQ89F3EXNVCM4RK	img_01HCMFCXB44RPJ9TCT4T09X8C8
prod_01HCMFCXC2QK20W51WVKSBSNMB	img_01HCMFCXBZTYPW1C9G1Q5KDT2J
prod_01HCMFCXCSC122JTVM2HAZSRWB	img_01HCMFCXCQC4D0F5SBPFFZF6BX
prod_01HCMFCXDG86SEAW5EDRGWZWG8	img_01HCMFCXDDVTCDBRP11B6N5F4A
prod_01HCMFCXDG86SEAW5EDRGWZWG8	img_01HCMFCXDD41NMME8MR8JWCNJX
prod_01HCMFCXDG86SEAW5EDRGWZWG8	img_01HCMFCXDDRWGNMTZ5B5CPM9JW
prod_01HCMFCXE95PGG0DZWYGRSJ4HX	img_01HCMFCXE72D45H9AGZ6S18K85
prod_01HCMFCXE95PGG0DZWYGRSJ4HX	img_01HCMFCXE72SMDB300V7W8KCK0
prod_01HCMFCXE95PGG0DZWYGRSJ4HX	img_01HCMFCXE7JJPETC70VE5WEG2M
prod_01HCMFCXEW19GJPJVQRJ24N24D	img_01HCMFCXESBFT08D6HMFWKPNWS
prod_01HCMFCXEW19GJPJVQRJ24N24D	img_01HCMFCXESRCWJD3EXVC2J8QHY
prod_01HCMFCXEW19GJPJVQRJ24N24D	img_01HCMFCXES5R0F67WAJNZX4VT7
prod_01HCMFCXFE7QVBD13D1KRPK1T7	img_01HCMFCXFCXKFHD8V48DXBQ9FZ
prod_01HCMFCXFE7QVBD13D1KRPK1T7	img_01HCMFCXFC7ARMHQSYVNV92TW8
prod_01HCMFCXFE7QVBD13D1KRPK1T7	img_01HCMFCXFCZ036BWDSW31FNZ3F
prod_01HCMFCXG4X5TEXYAE03ZJSGWW	img_01HCMFCXG135WZ7TA9W899N473
prod_01HCMFCXG4X5TEXYAE03ZJSGWW	img_01HCMFCXG16E6ZDR83VZ82Z8Z7
prod_01HCMFCXG4X5TEXYAE03ZJSGWW	img_01HCMFCXG1DG6EQ3NNSPJH44YJ
prod_01HCMFCXG4X5TEXYAE03ZJSGWW	img_01HCMFCXG128DAGYS3JJPT0DHJ
prod_01HCMFCXG4X5TEXYAE03ZJSGWW	img_01HCMFCXG127MQR71064FEABKC
prod_01HCMFCXH5HHA7WHY4DGK9XQ1W	img_01HCMFCXH2BGSGN1Y3E13MYNAF
prod_01HCMFCXH5HHA7WHY4DGK9XQ1W	img_01HCMFCXH201PTRVMD52X3PPCK
prod_01HCMFCXH5HHA7WHY4DGK9XQ1W	img_01HCMFCXH2CPV36WJ45MG395F8
prod_01HCMFCXH5HHA7WHY4DGK9XQ1W	img_01HCMFCXH21EFF187B8B4VXZDP
prod_01HCMFCXH5HHA7WHY4DGK9XQ1W	img_01HCMFCXH3WK0VCYAJHT17ZT14
prod_01HCMFCXJ89TQXAYGXVS98FGFX	img_01HCMFCXJ584DSVB6CR2RGY8EF
prod_01HCMFCXJ89TQXAYGXVS98FGFX	img_01HCMFCXJ5S390AXE0X6M1WPN6
prod_01HCMFCXJ89TQXAYGXVS98FGFX	img_01HCMFCXJ502PFWECBY1Q5FPEG
prod_01HCMFCXJ89TQXAYGXVS98FGFX	img_01HCMFCXJ5V9KG9XFQZFDFEEW7
prod_01HCMFCXJ89TQXAYGXVS98FGFX	img_01HCMFCXJ5A1MT96STX06D75DY
prod_01HCMFCXMYSEANEJZ1FBZ8K21S	img_01HCMFCXMTZ087B586MNCC7XVA
prod_01HCMFCXMYSEANEJZ1FBZ8K21S	img_01HCMFCXMTKGQ4C015DXNKA6QS
prod_01HCMFCXMYSEANEJZ1FBZ8K21S	img_01HCMFCXMT2WP9C7Q0965ZSK4D
prod_01HCMFCXMYSEANEJZ1FBZ8K21S	img_01HCMFCXMVSA1MDEW3Z04FQN0V
prod_01HCMFCXMYSEANEJZ1FBZ8K21S	img_01HCMFCXMVYXA8DQWPWV43XJXG
prod_01HCMFCXQCN5E1FZJVNWFAV6JQ	img_01HCMFCXQ9QKC7D5KRKDVZFYEW
prod_01HCMFCXQWFTQM4RMNEXGY401K	img_01HCMFCXQT8RNTKNHCC41F55VS
prod_01HCMFCXRAA4PVDKC5CT2D4QJS	img_01HCMFCXR940Y32J35TW1HV7WT
prod_01HCMFCXRTPGQMDFYRHXF5DT1B	img_01HCMFCXRS407TDWN8H9DERHXZ
prod_01HCMFCXSCTCPP9E7S4JDK0C4J	img_01HCMFCXSAPHC257TYQNANZH23
prod_01HCMFCXSY9MPPP9Q7KE1XX0X7	img_01HCMFCXSV6R0CVRDFV64WCGBJ
prod_01HCMFCXSY9MPPP9Q7KE1XX0X7	img_01HCMFCXSV11XVXQGQSNGXGDJG
prod_01HCMFCXSY9MPPP9Q7KE1XX0X7	img_01HCMFCXSVKQ49TEG70KQD48R9
prod_01HCMFCXSY9MPPP9Q7KE1XX0X7	img_01HCMFCXSVSVVDBR0249QMSQ1E
prod_01HCMFCXSY9MPPP9Q7KE1XX0X7	img_01HCMFCXSVT2YFANEM4ZX20QP4
prod_01HCMFCXV5BJFSTP0GV8V7VQVH	img_01HCMFCXV2K34KPC45KV2TYFVD
prod_01HCMFCXV5BJFSTP0GV8V7VQVH	img_01HCMFCXV25XRHX0T5SHRK169Y
prod_01HCMFCXV5BJFSTP0GV8V7VQVH	img_01HCMFCXV2PEXJRX13CBNNZDNV
prod_01HCMFCXV5BJFSTP0GV8V7VQVH	img_01HCMFCXV202WPEHCBRQ0WVDKV
prod_01HCMFCXV5BJFSTP0GV8V7VQVH	img_01HCMFCXV292FY0Y6D8NEXB4S3
prod_01HCMFCXWA16CGDMKZ1XA5R2NA	img_01HCMFCXW84NVC5VPNSJ26ZPT8
prod_01HCMFCXWVGJ8Q0T1JMY3SMENQ	img_01HCMFCXWSQX7XMJDRT7GP6TMG
prod_01HCMFCXXB50T0QA8DYDWA180J	img_01HCMFCXX90S3CEMA7TBZZ6AKT
prod_01HCMFCXXWYHW3EBJPPRP8TXNS	img_01HCMFCXXTTDNYSPFWHGDKZBKQ
prod_01HCMFCXYEF63W8DYJDV8A1K63	img_01HCMFCXYCR9HQ011BT08ZYA1X
prod_01HCMFCXYZMR83C9A31J5M2SED	img_01HCMFCXYX3Y6GC9K1SPJ4K08D
prod_01HCMFCXZJCD4P04VAGVQA7DZD	img_01HCMFCXZG26960FKFFYR4MW1G
prod_01HCMFCY005Q7YY9QG2HT5G6VX	img_01HCMFCXZZQE2513A5FRX0ABMV
prod_01HCMFCY0FW331E66A662NT7YC	img_01HCMFCY0ERDC51M3APZR8NWQR
prod_01HCMFCY133PE6JCAXVS5RQ90T	img_01HCMFCY11VXZCHT9PAQC3SSDS
prod_01HCMFCY1H2R9510FCK753M20S	img_01HCMFCY1GYD1V3TTBF7C88QWG
prod_01HCMFCY245P4HJ46HKTRSC5VF	img_01HCMFCY22XSKRNBHDVQS7SRQ1
prod_01HCMFCY3MBPN7GSMWF2FGCA4Z	img_01HCMFCY3JEW1RP90D7ZDBGW98
prod_01HCMFCY45AVBS2XR1421TCJZ3	img_01HCMFCY43CYNK1YHTCQBAQYMF
prod_01HCMFCY4P1EG635Q3Q384RMHD	img_01HCMFCY4MH6W8Q4W9RJ5DC0TK
prod_01HCMFCY58N5HW42M30AY48J8E	img_01HCMFCY559PEGF5SQZRRBTVB8
prod_01HCMFCY5T8ENBD5HJYRPCN9GJ	img_01HCMFCY5RZ44PHXVTHC7AVAYY
prod_01HCMFCY6K9Y78687YHN83YW8C	img_01HCMFCY6H1P2Z8ZJR638M9NTM
prod_01HCMFCY73NWZ9JSJ8Y547S4Q3	img_01HCMFCY71SSBF523D7R9JNNYG
prod_01HCMFCY7K235907WK5C68W635	img_01HCMFCY7JRM6QH15DE1SQDQRK
prod_01HCMFCY82VC0CSCTQP7G3MR5F	img_01HCMFCY81MNKESPGE13EXWQM3
prod_01HCMFCY8H62NKW6GQB7MS20BZ	img_01HCMFCY8F3DYC994F1NGWZ4KT
prod_01HCMFCY92HDP6ZBZ8WRB4SXDR	img_01HCMFCY9019F8FK8MK6PWWVV4
prod_01HCMFCY9GF774VVEE5217NGJ9	img_01HCMFCY9EW9MM65VJHV8E6YDF
prod_01HCMFCY9Z2ER381WTH98ZYD5R	img_01HCMFCY9XXCX5XRHGAN639ZJE
prod_01HCMFCYAFC57JBDHT0ACBRRSY	img_01HCMFCYADD8EAFX0XAAR7Z373
prod_01HCMFCYAW16WGNMPP4ZVNBD4K	img_01HCMFCYAVXX3T3Y51P6D8JXRA
prod_01HCMFCYBA414CE8T22TFAQT19	img_01HCMFCYB84EYV02G3JKDAZ4TC
prod_01HCMFCYBPDE2JW7WFDPZ932D3	img_01HCMFCYBNC95D9PHHEA5PCFFH
prod_01HCMFCYC7YNJX1NV9VQ6JR9C0	img_01HCMFCYC575PKX20XM10TJ96D
prod_01HCMFCYCRVQ2BZ7XKBQJ3HKN3	img_01HCMFCYCNRF6YN1F6909BFPHW
\.


--
-- Data for Name: product_option; Type: TABLE DATA; Schema: public; Owner: mukesh
--

COPY public.product_option (id, title, created_at, updated_at, deleted_at, metadata, product_id) FROM stdin;
opt_01HCMFCX9SZT2N7S7NRSJ4VPDE	Title	2023-10-13 17:45:22.314586+05:30	2023-10-13 17:45:22.314586+05:30	\N	\N	prod_01HCMFCX9HW44GHJRKK4RN4RT0
opt_01HCMFCXBATWSHFYEQA5DNYZR9	Title	2023-10-13 17:45:22.314586+05:30	2023-10-13 17:45:22.314586+05:30	\N	\N	prod_01HCMFCXB6PZQ89F3EXNVCM4RK
opt_01HCMFCXC7XTYJ6GZP519KMZ09	Title	2023-10-13 17:45:22.314586+05:30	2023-10-13 17:45:22.314586+05:30	\N	\N	prod_01HCMFCXC2QK20W51WVKSBSNMB
opt_01HCMFCXCWCBBJ9AMRV13AQQBQ	Title	2023-10-13 17:45:22.314586+05:30	2023-10-13 17:45:22.314586+05:30	\N	\N	prod_01HCMFCXCSC122JTVM2HAZSRWB
opt_01HCMFCXDMMF33D88RHKMPB1V8	Size	2023-10-13 17:45:22.314586+05:30	2023-10-13 17:45:22.314586+05:30	\N	\N	prod_01HCMFCXDG86SEAW5EDRGWZWG8
opt_01HCMFCXDM8HAVGFE4Z83GPBDQ	Color	2023-10-13 17:45:22.314586+05:30	2023-10-13 17:45:22.314586+05:30	\N	\N	prod_01HCMFCXDG86SEAW5EDRGWZWG8
opt_01HCMFCXEBD5HKJAS1KXYXNE80	Size	2023-10-13 17:45:22.314586+05:30	2023-10-13 17:45:22.314586+05:30	\N	\N	prod_01HCMFCXE95PGG0DZWYGRSJ4HX
opt_01HCMFCXEBDXH6RV1BS9CJJ09H	Color	2023-10-13 17:45:22.314586+05:30	2023-10-13 17:45:22.314586+05:30	\N	\N	prod_01HCMFCXE95PGG0DZWYGRSJ4HX
opt_01HCMFCXEY4661VMT7KVT772ED	Size	2023-10-13 17:45:22.314586+05:30	2023-10-13 17:45:22.314586+05:30	\N	\N	prod_01HCMFCXEW19GJPJVQRJ24N24D
opt_01HCMFCXEYQ57Y31N6F6CPNSQ1	Color	2023-10-13 17:45:22.314586+05:30	2023-10-13 17:45:22.314586+05:30	\N	\N	prod_01HCMFCXEW19GJPJVQRJ24N24D
opt_01HCMFCXFG6XC2VG295B6F3JEY	Size	2023-10-13 17:45:22.314586+05:30	2023-10-13 17:45:22.314586+05:30	\N	\N	prod_01HCMFCXFE7QVBD13D1KRPK1T7
opt_01HCMFCXFHZ1ZVK0SCS0T5Y68D	Color	2023-10-13 17:45:22.314586+05:30	2023-10-13 17:45:22.314586+05:30	\N	\N	prod_01HCMFCXFE7QVBD13D1KRPK1T7
opt_01HCMFCXG6NC15K4J3FT6G9J6K	Size	2023-10-13 17:45:22.314586+05:30	2023-10-13 17:45:22.314586+05:30	\N	\N	prod_01HCMFCXG4X5TEXYAE03ZJSGWW
opt_01HCMFCXG67DNVXDAWRH9347BJ	Color	2023-10-13 17:45:22.314586+05:30	2023-10-13 17:45:22.314586+05:30	\N	\N	prod_01HCMFCXG4X5TEXYAE03ZJSGWW
opt_01HCMFCXH8YT2MM5T9AGHZQ8CD	Size	2023-10-13 17:45:22.314586+05:30	2023-10-13 17:45:22.314586+05:30	\N	\N	prod_01HCMFCXH5HHA7WHY4DGK9XQ1W
opt_01HCMFCXH8BQ8SDT4C82K4WSTZ	Color	2023-10-13 17:45:22.314586+05:30	2023-10-13 17:45:22.314586+05:30	\N	\N	prod_01HCMFCXH5HHA7WHY4DGK9XQ1W
opt_01HCMFCXJBXXSC2SYA61AE8XQ2	Size	2023-10-13 17:45:22.314586+05:30	2023-10-13 17:45:22.314586+05:30	\N	\N	prod_01HCMFCXJ89TQXAYGXVS98FGFX
opt_01HCMFCXJBX4BH26BE09Y0SFCJ	Color	2023-10-13 17:45:22.314586+05:30	2023-10-13 17:45:22.314586+05:30	\N	\N	prod_01HCMFCXJ89TQXAYGXVS98FGFX
opt_01HCMFCXN1QPH8H2YJ5V19GG0H	Size	2023-10-13 17:45:22.314586+05:30	2023-10-13 17:45:22.314586+05:30	\N	\N	prod_01HCMFCXMYSEANEJZ1FBZ8K21S
opt_01HCMFCXN1DEGNKVDAJKJ027TN	Color	2023-10-13 17:45:22.314586+05:30	2023-10-13 17:45:22.314586+05:30	\N	\N	prod_01HCMFCXMYSEANEJZ1FBZ8K21S
opt_01HCMFCXQEX45PM1H4HSJ65MPH	Title	2023-10-13 17:45:22.314586+05:30	2023-10-13 17:45:22.314586+05:30	\N	\N	prod_01HCMFCXQCN5E1FZJVNWFAV6JQ
opt_01HCMFCXQY6CBT85Q0FMR3QJ5S	Title	2023-10-13 17:45:22.314586+05:30	2023-10-13 17:45:22.314586+05:30	\N	\N	prod_01HCMFCXQWFTQM4RMNEXGY401K
opt_01HCMFCXRC2WNMKX9WBYJVY2Y0	Title	2023-10-13 17:45:22.314586+05:30	2023-10-13 17:45:22.314586+05:30	\N	\N	prod_01HCMFCXRAA4PVDKC5CT2D4QJS
opt_01HCMFCXRW82G7S3JXR840Q9QY	Title	2023-10-13 17:45:22.314586+05:30	2023-10-13 17:45:22.314586+05:30	\N	\N	prod_01HCMFCXRTPGQMDFYRHXF5DT1B
opt_01HCMFCXSEY3VMQCCMXYBXEPBT	Title	2023-10-13 17:45:22.314586+05:30	2023-10-13 17:45:22.314586+05:30	\N	\N	prod_01HCMFCXSCTCPP9E7S4JDK0C4J
opt_01HCMFCXT18VN3SK966DFG240B	Size	2023-10-13 17:45:22.314586+05:30	2023-10-13 17:45:22.314586+05:30	\N	\N	prod_01HCMFCXSY9MPPP9Q7KE1XX0X7
opt_01HCMFCXT1GCGGBPWB4PMY3QDX	Color	2023-10-13 17:45:22.314586+05:30	2023-10-13 17:45:22.314586+05:30	\N	\N	prod_01HCMFCXSY9MPPP9Q7KE1XX0X7
opt_01HCMFCXV730GR7NN48S8DVVA5	Size	2023-10-13 17:45:22.314586+05:30	2023-10-13 17:45:22.314586+05:30	\N	\N	prod_01HCMFCXV5BJFSTP0GV8V7VQVH
opt_01HCMFCXV7C6VH7QATH8441B7F	Color	2023-10-13 17:45:22.314586+05:30	2023-10-13 17:45:22.314586+05:30	\N	\N	prod_01HCMFCXV5BJFSTP0GV8V7VQVH
opt_01HCMFCXWCDGPQZWGCXMBN4K5H	Title	2023-10-13 17:45:22.314586+05:30	2023-10-13 17:45:22.314586+05:30	\N	\N	prod_01HCMFCXWA16CGDMKZ1XA5R2NA
opt_01HCMFCXWXSNRVHD2QG8VJSFXJ	Title	2023-10-13 17:45:22.314586+05:30	2023-10-13 17:45:22.314586+05:30	\N	\N	prod_01HCMFCXWVGJ8Q0T1JMY3SMENQ
opt_01HCMFCXXDSC2EBJ5H9Y8GA7MA	Title	2023-10-13 17:45:22.314586+05:30	2023-10-13 17:45:22.314586+05:30	\N	\N	prod_01HCMFCXXB50T0QA8DYDWA180J
opt_01HCMFCXXY6DF6AH0VVQ2Q8K3N	Title	2023-10-13 17:45:22.314586+05:30	2023-10-13 17:45:22.314586+05:30	\N	\N	prod_01HCMFCXXWYHW3EBJPPRP8TXNS
opt_01HCMFCXYG2KKFJ4VH8G25P0CR	Title	2023-10-13 17:45:22.314586+05:30	2023-10-13 17:45:22.314586+05:30	\N	\N	prod_01HCMFCXYEF63W8DYJDV8A1K63
opt_01HCMFCXZ05XT8G92E4FH5FJYH	Title	2023-10-13 17:45:22.314586+05:30	2023-10-13 17:45:22.314586+05:30	\N	\N	prod_01HCMFCXYZMR83C9A31J5M2SED
opt_01HCMFCXZKF60SR819V45Z3FW2	Title	2023-10-13 17:45:22.314586+05:30	2023-10-13 17:45:22.314586+05:30	\N	\N	prod_01HCMFCXZJCD4P04VAGVQA7DZD
opt_01HCMFCY02G8PTSFMSZBMYX43C	Title	2023-10-13 17:45:22.314586+05:30	2023-10-13 17:45:22.314586+05:30	\N	\N	prod_01HCMFCY005Q7YY9QG2HT5G6VX
opt_01HCMFCY0HD47GB5630NE31F36	Title	2023-10-13 17:45:22.314586+05:30	2023-10-13 17:45:22.314586+05:30	\N	\N	prod_01HCMFCY0FW331E66A662NT7YC
opt_01HCMFCY158T53H8CZR6FW89NM	Title	2023-10-13 17:45:22.314586+05:30	2023-10-13 17:45:22.314586+05:30	\N	\N	prod_01HCMFCY133PE6JCAXVS5RQ90T
opt_01HCMFCY1KVCTYTYFXN6HSNMSZ	Title	2023-10-13 17:45:22.314586+05:30	2023-10-13 17:45:22.314586+05:30	\N	\N	prod_01HCMFCY1H2R9510FCK753M20S
opt_01HCMFCY26D36DXWSFMFH8ZCS2	Title	2023-10-13 17:45:22.314586+05:30	2023-10-13 17:45:22.314586+05:30	\N	\N	prod_01HCMFCY245P4HJ46HKTRSC5VF
opt_01HCMFCY3Q3WX624TSEKZVPT40	Title	2023-10-13 17:45:22.314586+05:30	2023-10-13 17:45:22.314586+05:30	\N	\N	prod_01HCMFCY3MBPN7GSMWF2FGCA4Z
opt_01HCMFCY473D308DSF3F6B1J3S	Title	2023-10-13 17:45:22.314586+05:30	2023-10-13 17:45:22.314586+05:30	\N	\N	prod_01HCMFCY45AVBS2XR1421TCJZ3
opt_01HCMFCY4RAD1D3S96ME8H4XR1	Title	2023-10-13 17:45:22.314586+05:30	2023-10-13 17:45:22.314586+05:30	\N	\N	prod_01HCMFCY4P1EG635Q3Q384RMHD
opt_01HCMFCY5AXHNMR9NM5ZPH67SR	Title	2023-10-13 17:45:22.314586+05:30	2023-10-13 17:45:22.314586+05:30	\N	\N	prod_01HCMFCY58N5HW42M30AY48J8E
opt_01HCMFCY5WRYG4BKEEBM9PN00W	Title	2023-10-13 17:45:22.314586+05:30	2023-10-13 17:45:22.314586+05:30	\N	\N	prod_01HCMFCY5T8ENBD5HJYRPCN9GJ
opt_01HCMFCY6QK92JSTC17D1BFE8G	Title	2023-10-13 17:45:22.314586+05:30	2023-10-13 17:45:22.314586+05:30	\N	\N	prod_01HCMFCY6K9Y78687YHN83YW8C
opt_01HCMFCY751B6HVWY780WA2EWG	Title	2023-10-13 17:45:22.314586+05:30	2023-10-13 17:45:22.314586+05:30	\N	\N	prod_01HCMFCY73NWZ9JSJ8Y547S4Q3
opt_01HCMFCY7NF059WF3G6G4NWA1V	Title	2023-10-13 17:45:22.314586+05:30	2023-10-13 17:45:22.314586+05:30	\N	\N	prod_01HCMFCY7K235907WK5C68W635
opt_01HCMFCY84STM3CE90QRT5A5N6	Title	2023-10-13 17:45:22.314586+05:30	2023-10-13 17:45:22.314586+05:30	\N	\N	prod_01HCMFCY82VC0CSCTQP7G3MR5F
opt_01HCMFCY8KJKYTA1SQ0E7YSH2A	Title	2023-10-13 17:45:22.314586+05:30	2023-10-13 17:45:22.314586+05:30	\N	\N	prod_01HCMFCY8H62NKW6GQB7MS20BZ
opt_01HCMFCY94FZAYSF47Q3BRGKJR	Title	2023-10-13 17:45:22.314586+05:30	2023-10-13 17:45:22.314586+05:30	\N	\N	prod_01HCMFCY92HDP6ZBZ8WRB4SXDR
opt_01HCMFCY9H06N0XSV6FD77QRQD	Title	2023-10-13 17:45:22.314586+05:30	2023-10-13 17:45:22.314586+05:30	\N	\N	prod_01HCMFCY9GF774VVEE5217NGJ9
opt_01HCMFCYA0B8JEBBFPPBCYHG4C	Title	2023-10-13 17:45:22.314586+05:30	2023-10-13 17:45:22.314586+05:30	\N	\N	prod_01HCMFCY9Z2ER381WTH98ZYD5R
opt_01HCMFCYAHYZGWVZWD0F9RMZ2M	Title	2023-10-13 17:45:22.314586+05:30	2023-10-13 17:45:22.314586+05:30	\N	\N	prod_01HCMFCYAFC57JBDHT0ACBRRSY
opt_01HCMFCYAY9ETJX31KC5M4QA39	Title	2023-10-13 17:45:22.314586+05:30	2023-10-13 17:45:22.314586+05:30	\N	\N	prod_01HCMFCYAW16WGNMPP4ZVNBD4K
opt_01HCMFCYBBHVZRGMGSVES6RK40	Title	2023-10-13 17:45:22.314586+05:30	2023-10-13 17:45:22.314586+05:30	\N	\N	prod_01HCMFCYBA414CE8T22TFAQT19
opt_01HCMFCYBRRQVZCK9MRADNN58D	Title	2023-10-13 17:45:22.314586+05:30	2023-10-13 17:45:22.314586+05:30	\N	\N	prod_01HCMFCYBPDE2JW7WFDPZ932D3
opt_01HCMFCYC8GG78VP3E7WBYZDD9	Title	2023-10-13 17:45:22.314586+05:30	2023-10-13 17:45:22.314586+05:30	\N	\N	prod_01HCMFCYC7YNJX1NV9VQ6JR9C0
opt_01HCMFCYCTJ6JF754BGQSM0E3K	Title	2023-10-13 17:45:22.314586+05:30	2023-10-13 17:45:22.314586+05:30	\N	\N	prod_01HCMFCYCRVQ2BZ7XKBQJ3HKN3
\.


--
-- Data for Name: product_option_value; Type: TABLE DATA; Schema: public; Owner: mukesh
--

COPY public.product_option_value (id, value, option_id, variant_id, created_at, updated_at, deleted_at, metadata) FROM stdin;
optval_01HCMFCXADACYJA0ZEYNPP8P7F	Default Title	opt_01HCMFCX9SZT2N7S7NRSJ4VPDE	variant_01HCMFCXADP10074NWD8SW49PT	2023-10-13 17:45:22.314586+05:30	2023-10-13 17:45:22.314586+05:30	\N	\N
optval_01HCMFCXBPRWDNQHTCCE6360J9	Default Title	opt_01HCMFCXBATWSHFYEQA5DNYZR9	variant_01HCMFCXBPR8NVZDB4ZMJJMKAY	2023-10-13 17:45:22.314586+05:30	2023-10-13 17:45:22.314586+05:30	\N	\N
optval_01HCMFCXCFQ68D0WBRVR8MVME6	Default Title	opt_01HCMFCXC7XTYJ6GZP519KMZ09	variant_01HCMFCXCFAXCT8ATKK197DH6F	2023-10-13 17:45:22.314586+05:30	2023-10-13 17:45:22.314586+05:30	\N	\N
optval_01HCMFCXD5P8728NRZNYKHVXV2	Default Title	opt_01HCMFCXCWCBBJ9AMRV13AQQBQ	variant_01HCMFCXD50H2V1P39T80SGE27	2023-10-13 17:45:22.314586+05:30	2023-10-13 17:45:22.314586+05:30	\N	\N
optval_01HCMFCXDZG2M4ZMHRPZK0RCSS	OS	opt_01HCMFCXDMMF33D88RHKMPB1V8	variant_01HCMFCXDZP5Q33QVXR6QGV80B	2023-10-13 17:45:22.314586+05:30	2023-10-13 17:45:22.314586+05:30	\N	\N
optval_01HCMFCXDZH92GCHY053QECR9Y	OS	opt_01HCMFCXDM8HAVGFE4Z83GPBDQ	variant_01HCMFCXDZP5Q33QVXR6QGV80B	2023-10-13 17:45:22.314586+05:30	2023-10-13 17:45:22.314586+05:30	\N	\N
optval_01HCMFCXEJH7GCEDZH53X2RASV	OS	opt_01HCMFCXEBD5HKJAS1KXYXNE80	variant_01HCMFCXEJ641A48P373XVRGBJ	2023-10-13 17:45:22.314586+05:30	2023-10-13 17:45:22.314586+05:30	\N	\N
optval_01HCMFCXEJJ5JSP06JXK8WR4F5	OS	opt_01HCMFCXEBDXH6RV1BS9CJJ09H	variant_01HCMFCXEJ641A48P373XVRGBJ	2023-10-13 17:45:22.314586+05:30	2023-10-13 17:45:22.314586+05:30	\N	\N
optval_01HCMFCXF5TS3S5TE172EDSS7C	OS	opt_01HCMFCXEY4661VMT7KVT772ED	variant_01HCMFCXF54PEKR0HG0FY0P7XG	2023-10-13 17:45:22.314586+05:30	2023-10-13 17:45:22.314586+05:30	\N	\N
optval_01HCMFCXF5C0EETSK24D1SDMPJ	OS	opt_01HCMFCXEYQ57Y31N6F6CPNSQ1	variant_01HCMFCXF54PEKR0HG0FY0P7XG	2023-10-13 17:45:22.314586+05:30	2023-10-13 17:45:22.314586+05:30	\N	\N
optval_01HCMFCXFSYH6TX77GQ9FEZ064	OS	opt_01HCMFCXFG6XC2VG295B6F3JEY	variant_01HCMFCXFSSG8M094QC1J9TM2M	2023-10-13 17:45:22.314586+05:30	2023-10-13 17:45:22.314586+05:30	\N	\N
optval_01HCMFCXFS3AF5X0TRKBG389K6	OS	opt_01HCMFCXFHZ1ZVK0SCS0T5Y68D	variant_01HCMFCXFSSG8M094QC1J9TM2M	2023-10-13 17:45:22.314586+05:30	2023-10-13 17:45:22.314586+05:30	\N	\N
optval_01HCMFCXGEBDEEWJ57X4K7KGDZ	1	opt_01HCMFCXG6NC15K4J3FT6G9J6K	variant_01HCMFCXGEHEP32XMGQQ1JR4JQ	2023-10-13 17:45:22.314586+05:30	2023-10-13 17:45:22.314586+05:30	\N	\N
optval_01HCMFCXGED4WTW21BKJ6K9GFP	1	opt_01HCMFCXG67DNVXDAWRH9347BJ	variant_01HCMFCXGEHEP32XMGQQ1JR4JQ	2023-10-13 17:45:22.314586+05:30	2023-10-13 17:45:22.314586+05:30	\N	\N
optval_01HCMFCXGVXVJPDZZDM712QR50	2	opt_01HCMFCXG6NC15K4J3FT6G9J6K	variant_01HCMFCXGVFDFR43SDXXVT2W3Q	2023-10-13 17:45:22.314586+05:30	2023-10-13 17:45:22.314586+05:30	\N	\N
optval_01HCMFCXGVNQY9BBC5BT0QG782	2	opt_01HCMFCXG67DNVXDAWRH9347BJ	variant_01HCMFCXGVFDFR43SDXXVT2W3Q	2023-10-13 17:45:22.314586+05:30	2023-10-13 17:45:22.314586+05:30	\N	\N
optval_01HCMFCXHHPT2DY4KQBKEPHDTX	1	opt_01HCMFCXH8YT2MM5T9AGHZQ8CD	variant_01HCMFCXHHFJCNM69KKZEFS5ZR	2023-10-13 17:45:22.314586+05:30	2023-10-13 17:45:22.314586+05:30	\N	\N
optval_01HCMFCXHHKR874R4NM8PJQ5FZ	1	opt_01HCMFCXH8BQ8SDT4C82K4WSTZ	variant_01HCMFCXHHFJCNM69KKZEFS5ZR	2023-10-13 17:45:22.314586+05:30	2023-10-13 17:45:22.314586+05:30	\N	\N
optval_01HCMFCXHYT6WN062P50RWBCGZ	2	opt_01HCMFCXH8YT2MM5T9AGHZQ8CD	variant_01HCMFCXHYHVBKNV0C5ZCFZVKV	2023-10-13 17:45:22.314586+05:30	2023-10-13 17:45:22.314586+05:30	\N	\N
optval_01HCMFCXHY1BXE75XCKR4KM1GT	2	opt_01HCMFCXH8BQ8SDT4C82K4WSTZ	variant_01HCMFCXHYHVBKNV0C5ZCFZVKV	2023-10-13 17:45:22.314586+05:30	2023-10-13 17:45:22.314586+05:30	\N	\N
optval_01HCMFCXJKGK0JMSAT6J6A5433	5	opt_01HCMFCXJBXXSC2SYA61AE8XQ2	variant_01HCMFCXJKQ1KRSA9ZZ0F7CZ65	2023-10-13 17:45:22.314586+05:30	2023-10-13 17:45:22.314586+05:30	\N	\N
optval_01HCMFCXJK73E5CW20BHZQ17R5	5	opt_01HCMFCXJBX4BH26BE09Y0SFCJ	variant_01HCMFCXJKQ1KRSA9ZZ0F7CZ65	2023-10-13 17:45:22.314586+05:30	2023-10-13 17:45:22.314586+05:30	\N	\N
optval_01HCMFCXJYY0XF7E9NBBW5ZKJ4	6	opt_01HCMFCXJBXXSC2SYA61AE8XQ2	variant_01HCMFCXJY2EX4DXAXE1XD6FYR	2023-10-13 17:45:22.314586+05:30	2023-10-13 17:45:22.314586+05:30	\N	\N
optval_01HCMFCXJYD0BQ0J1Z4CRDJA1F	6	opt_01HCMFCXJBX4BH26BE09Y0SFCJ	variant_01HCMFCXJY2EX4DXAXE1XD6FYR	2023-10-13 17:45:22.314586+05:30	2023-10-13 17:45:22.314586+05:30	\N	\N
optval_01HCMFCXK8FMW59JRQGDCDGGTH	7	opt_01HCMFCXJBXXSC2SYA61AE8XQ2	variant_01HCMFCXK84473PX84K4YPD1K7	2023-10-13 17:45:22.314586+05:30	2023-10-13 17:45:22.314586+05:30	\N	\N
optval_01HCMFCXK8X9TF48M7AGEZQCCA	7	opt_01HCMFCXJBX4BH26BE09Y0SFCJ	variant_01HCMFCXK84473PX84K4YPD1K7	2023-10-13 17:45:22.314586+05:30	2023-10-13 17:45:22.314586+05:30	\N	\N
optval_01HCMFCXKK1MDCMYK7PZ8A3HF6	9	opt_01HCMFCXJBXXSC2SYA61AE8XQ2	variant_01HCMFCXKKVXQNAZ6XBPS3E8W7	2023-10-13 17:45:22.314586+05:30	2023-10-13 17:45:22.314586+05:30	\N	\N
optval_01HCMFCXKK7Q3GJ92K4JB5Z5Y3	9	opt_01HCMFCXJBX4BH26BE09Y0SFCJ	variant_01HCMFCXKKVXQNAZ6XBPS3E8W7	2023-10-13 17:45:22.314586+05:30	2023-10-13 17:45:22.314586+05:30	\N	\N
optval_01HCMFCXKYWVTJBYGKYJZBPE64	10	opt_01HCMFCXJBXXSC2SYA61AE8XQ2	variant_01HCMFCXKY309XBPRKDQAKQFAX	2023-10-13 17:45:22.314586+05:30	2023-10-13 17:45:22.314586+05:30	\N	\N
optval_01HCMFCXKYCPCY0KVSW645C6S0	10	opt_01HCMFCXJBX4BH26BE09Y0SFCJ	variant_01HCMFCXKY309XBPRKDQAKQFAX	2023-10-13 17:45:22.314586+05:30	2023-10-13 17:45:22.314586+05:30	\N	\N
optval_01HCMFCXM9DQ2T2CF3KQHPG1ER	11	opt_01HCMFCXJBXXSC2SYA61AE8XQ2	variant_01HCMFCXM9M87RX1C5GMMJJR58	2023-10-13 17:45:22.314586+05:30	2023-10-13 17:45:22.314586+05:30	\N	\N
optval_01HCMFCXM91PF6PXTX6C0F9DWA	11	opt_01HCMFCXJBX4BH26BE09Y0SFCJ	variant_01HCMFCXM9M87RX1C5GMMJJR58	2023-10-13 17:45:22.314586+05:30	2023-10-13 17:45:22.314586+05:30	\N	\N
optval_01HCMFCXMMB3DZJ472JDTB5Y8Z	12	opt_01HCMFCXJBXXSC2SYA61AE8XQ2	variant_01HCMFCXMM4ZFBJMFW1ZYBF8GQ	2023-10-13 17:45:22.314586+05:30	2023-10-13 17:45:22.314586+05:30	\N	\N
optval_01HCMFCXMM817X94PTSFXQJJ96	12	opt_01HCMFCXJBX4BH26BE09Y0SFCJ	variant_01HCMFCXMM4ZFBJMFW1ZYBF8GQ	2023-10-13 17:45:22.314586+05:30	2023-10-13 17:45:22.314586+05:30	\N	\N
optval_01HCMFCXN8C80367VTWE1BR3B4	5	opt_01HCMFCXN1QPH8H2YJ5V19GG0H	variant_01HCMFCXN8DHSW9WXW3DG2ENG3	2023-10-13 17:45:22.314586+05:30	2023-10-13 17:45:22.314586+05:30	\N	\N
optval_01HCMFCXN9AVP9KTZ2HGA2WC3Q	5	opt_01HCMFCXN1DEGNKVDAJKJ027TN	variant_01HCMFCXN8DHSW9WXW3DG2ENG3	2023-10-13 17:45:22.314586+05:30	2023-10-13 17:45:22.314586+05:30	\N	\N
optval_01HCMFCXNGJNRC2F92STQQCYEF	6	opt_01HCMFCXN1QPH8H2YJ5V19GG0H	variant_01HCMFCXNGRT15HSPMW9BV7PT5	2023-10-13 17:45:22.314586+05:30	2023-10-13 17:45:22.314586+05:30	\N	\N
optval_01HCMFCXNHTC3M4ZJH5424RXY5	6	opt_01HCMFCXN1DEGNKVDAJKJ027TN	variant_01HCMFCXNGRT15HSPMW9BV7PT5	2023-10-13 17:45:22.314586+05:30	2023-10-13 17:45:22.314586+05:30	\N	\N
optval_01HCMFCXNTZEH1CN4J1BNWX92W	7	opt_01HCMFCXN1QPH8H2YJ5V19GG0H	variant_01HCMFCXNTDM305FGDW8MDXAJD	2023-10-13 17:45:22.314586+05:30	2023-10-13 17:45:22.314586+05:30	\N	\N
optval_01HCMFCXNT5E046TG02P7RWPWX	7	opt_01HCMFCXN1DEGNKVDAJKJ027TN	variant_01HCMFCXNTDM305FGDW8MDXAJD	2023-10-13 17:45:22.314586+05:30	2023-10-13 17:45:22.314586+05:30	\N	\N
optval_01HCMFCXP4RSSWBG7565GNG1JF	9	opt_01HCMFCXN1QPH8H2YJ5V19GG0H	variant_01HCMFCXP44H7SZ04DBHYZ6DT9	2023-10-13 17:45:22.314586+05:30	2023-10-13 17:45:22.314586+05:30	\N	\N
optval_01HCMFCXP4R577HF8158VKCG3C	9	opt_01HCMFCXN1DEGNKVDAJKJ027TN	variant_01HCMFCXP44H7SZ04DBHYZ6DT9	2023-10-13 17:45:22.314586+05:30	2023-10-13 17:45:22.314586+05:30	\N	\N
optval_01HCMFCXPEACDK0TJ68SY9X7BS	10	opt_01HCMFCXN1QPH8H2YJ5V19GG0H	variant_01HCMFCXPE4HM7FAVQNJ4YHZ5C	2023-10-13 17:45:22.314586+05:30	2023-10-13 17:45:22.314586+05:30	\N	\N
optval_01HCMFCXPEF4HN29V24NTCYD4J	10	opt_01HCMFCXN1DEGNKVDAJKJ027TN	variant_01HCMFCXPE4HM7FAVQNJ4YHZ5C	2023-10-13 17:45:22.314586+05:30	2023-10-13 17:45:22.314586+05:30	\N	\N
optval_01HCMFCXPRKZV87QT7CCVVTWH4	11	opt_01HCMFCXN1QPH8H2YJ5V19GG0H	variant_01HCMFCXPRNS3QNK4N7ZQ7NJ8S	2023-10-13 17:45:22.314586+05:30	2023-10-13 17:45:22.314586+05:30	\N	\N
optval_01HCMFCXPRA8ZVKTY1F0ACNK75	11	opt_01HCMFCXN1DEGNKVDAJKJ027TN	variant_01HCMFCXPRNS3QNK4N7ZQ7NJ8S	2023-10-13 17:45:22.314586+05:30	2023-10-13 17:45:22.314586+05:30	\N	\N
optval_01HCMFCXQ30XKJ5TMQC04KFPD6	12	opt_01HCMFCXN1QPH8H2YJ5V19GG0H	variant_01HCMFCXQ3NHJSD1SKD020F6RY	2023-10-13 17:45:22.314586+05:30	2023-10-13 17:45:22.314586+05:30	\N	\N
optval_01HCMFCXQ31RNGBMCV0FH03D18	12	opt_01HCMFCXN1DEGNKVDAJKJ027TN	variant_01HCMFCXQ3NHJSD1SKD020F6RY	2023-10-13 17:45:22.314586+05:30	2023-10-13 17:45:22.314586+05:30	\N	\N
optval_01HCMFCXQMFS41F6BNG7XHYTFZ	Default Title	opt_01HCMFCXQEX45PM1H4HSJ65MPH	variant_01HCMFCXQM4N9RCYADTGH9AKH7	2023-10-13 17:45:22.314586+05:30	2023-10-13 17:45:22.314586+05:30	\N	\N
optval_01HCMFCXR3JHJYPVA7FQGM1ZCE	Default Title	opt_01HCMFCXQY6CBT85Q0FMR3QJ5S	variant_01HCMFCXR3JVAC1ZQ40XKM7WNT	2023-10-13 17:45:22.314586+05:30	2023-10-13 17:45:22.314586+05:30	\N	\N
optval_01HCMFCXRJMHT32S93N7X0AP98	Default Title	opt_01HCMFCXRC2WNMKX9WBYJVY2Y0	variant_01HCMFCXRJNNF2308R4ADG6C8V	2023-10-13 17:45:22.314586+05:30	2023-10-13 17:45:22.314586+05:30	\N	\N
optval_01HCMFCXS3NH96W405Z459N53Q	Default Title	opt_01HCMFCXRW82G7S3JXR840Q9QY	variant_01HCMFCXS3R0FF5EX750XAMT4N	2023-10-13 17:45:22.314586+05:30	2023-10-13 17:45:22.314586+05:30	\N	\N
optval_01HCMFCXSNWEN6ZP7DSH4JM7QQ	Default Title	opt_01HCMFCXSEY3VMQCCMXYBXEPBT	variant_01HCMFCXSNW3TWDTXKQ40MHJPN	2023-10-13 17:45:22.314586+05:30	2023-10-13 17:45:22.314586+05:30	\N	\N
optval_01HCMFCXT83Q3N80N124FEFF5V	4	opt_01HCMFCXT18VN3SK966DFG240B	variant_01HCMFCXT8S1W8BJP3V302QCTD	2023-10-13 17:45:22.314586+05:30	2023-10-13 17:45:22.314586+05:30	\N	\N
optval_01HCMFCXT81E2V7MPTVCTQ8QSM	4	opt_01HCMFCXT1GCGGBPWB4PMY3QDX	variant_01HCMFCXT8S1W8BJP3V302QCTD	2023-10-13 17:45:22.314586+05:30	2023-10-13 17:45:22.314586+05:30	\N	\N
optval_01HCMFCXTJS5GH5SEAVGKW4Y7Q	8	opt_01HCMFCXT18VN3SK966DFG240B	variant_01HCMFCXTJC4K4Q24R1CB7TNJS	2023-10-13 17:45:22.314586+05:30	2023-10-13 17:45:22.314586+05:30	\N	\N
optval_01HCMFCXTJ71M1RRRN92Z37X1Y	8	opt_01HCMFCXT1GCGGBPWB4PMY3QDX	variant_01HCMFCXTJC4K4Q24R1CB7TNJS	2023-10-13 17:45:22.314586+05:30	2023-10-13 17:45:22.314586+05:30	\N	\N
optval_01HCMFCXTWCFGSYZQMG356K0H2	14	opt_01HCMFCXT18VN3SK966DFG240B	variant_01HCMFCXTWEQ0624J4358V148E	2023-10-13 17:45:22.314586+05:30	2023-10-13 17:45:22.314586+05:30	\N	\N
optval_01HCMFCXTW5ETWDQXPRVZG5NQ2	14	opt_01HCMFCXT1GCGGBPWB4PMY3QDX	variant_01HCMFCXTWEQ0624J4358V148E	2023-10-13 17:45:22.314586+05:30	2023-10-13 17:45:22.314586+05:30	\N	\N
optval_01HCMFCXVF90RFBRSR5JSZ3F2N	4	opt_01HCMFCXV730GR7NN48S8DVVA5	variant_01HCMFCXVFFWGY83BQ3KE4GW01	2023-10-13 17:45:22.314586+05:30	2023-10-13 17:45:22.314586+05:30	\N	\N
optval_01HCMFCXVFB50BSKNW7G59CSC6	4	opt_01HCMFCXV7C6VH7QATH8441B7F	variant_01HCMFCXVFFWGY83BQ3KE4GW01	2023-10-13 17:45:22.314586+05:30	2023-10-13 17:45:22.314586+05:30	\N	\N
optval_01HCMFCXVRG6V8PN8DPKG6G1B0	8	opt_01HCMFCXV730GR7NN48S8DVVA5	variant_01HCMFCXVRPJKN40PBFHTD24JX	2023-10-13 17:45:22.314586+05:30	2023-10-13 17:45:22.314586+05:30	\N	\N
optval_01HCMFCXVRMQZ7XKCQPXDHN49P	8	opt_01HCMFCXV7C6VH7QATH8441B7F	variant_01HCMFCXVRPJKN40PBFHTD24JX	2023-10-13 17:45:22.314586+05:30	2023-10-13 17:45:22.314586+05:30	\N	\N
optval_01HCMFCXW28A5EW1XRBDHVNC6E	14	opt_01HCMFCXV730GR7NN48S8DVVA5	variant_01HCMFCXW2TG2KB744JSWHZAJA	2023-10-13 17:45:22.314586+05:30	2023-10-13 17:45:22.314586+05:30	\N	\N
optval_01HCMFCXW2GXPB11E6PFD95C9R	14	opt_01HCMFCXV7C6VH7QATH8441B7F	variant_01HCMFCXW2TG2KB744JSWHZAJA	2023-10-13 17:45:22.314586+05:30	2023-10-13 17:45:22.314586+05:30	\N	\N
optval_01HCMFCXWK4YEHH2CMXRJ56DW0	Default Title	opt_01HCMFCXWCDGPQZWGCXMBN4K5H	variant_01HCMFCXWKVH4NTEDMFRJBBF28	2023-10-13 17:45:22.314586+05:30	2023-10-13 17:45:22.314586+05:30	\N	\N
optval_01HCMFCXX3VR4471P77NPGF3WP	Default Title	opt_01HCMFCXWXSNRVHD2QG8VJSFXJ	variant_01HCMFCXX3R42EB7NV9V6T64AQ	2023-10-13 17:45:22.314586+05:30	2023-10-13 17:45:22.314586+05:30	\N	\N
optval_01HCMFCXXM73MDQG8H6BNC9T8R	Default Title	opt_01HCMFCXXDSC2EBJ5H9Y8GA7MA	variant_01HCMFCXXM34EMNGF7FBP2TM01	2023-10-13 17:45:22.314586+05:30	2023-10-13 17:45:22.314586+05:30	\N	\N
optval_01HCMFCXY5TA7B9CAH6FTEV66G	Default Title	opt_01HCMFCXXY6DF6AH0VVQ2Q8K3N	variant_01HCMFCXY5550EF0ATSTRAA715	2023-10-13 17:45:22.314586+05:30	2023-10-13 17:45:22.314586+05:30	\N	\N
optval_01HCMFCXYQEXQ729GY46QKQSV9	Default Title	opt_01HCMFCXYG2KKFJ4VH8G25P0CR	variant_01HCMFCXYQ7P054Q51HZY55MPY	2023-10-13 17:45:22.314586+05:30	2023-10-13 17:45:22.314586+05:30	\N	\N
optval_01HCMFCXZ7YCS0GWG7DZDVPHGY	Default Title	opt_01HCMFCXZ05XT8G92E4FH5FJYH	variant_01HCMFCXZ7GH891G4CVS16HZVH	2023-10-13 17:45:22.314586+05:30	2023-10-13 17:45:22.314586+05:30	\N	\N
optval_01HCMFCXZTTXS9SX7708DR77J8	Default Title	opt_01HCMFCXZKF60SR819V45Z3FW2	variant_01HCMFCXZTPW82HCHBB0D9QQ31	2023-10-13 17:45:22.314586+05:30	2023-10-13 17:45:22.314586+05:30	\N	\N
optval_01HCMFCY09T0FQ4MNSQ9WQZ92T	Default Title	opt_01HCMFCY02G8PTSFMSZBMYX43C	variant_01HCMFCY09R18WE53KZM163P9C	2023-10-13 17:45:22.314586+05:30	2023-10-13 17:45:22.314586+05:30	\N	\N
optval_01HCMFCY0PQ48E2TB36A0QYEXX	Default Title	opt_01HCMFCY0HD47GB5630NE31F36	variant_01HCMFCY0PBZ2TMC3SCZRGTV21	2023-10-13 17:45:22.314586+05:30	2023-10-13 17:45:22.314586+05:30	\N	\N
optval_01HCMFCY1A83JXB4H8ZX81KAWX	Default Title	opt_01HCMFCY158T53H8CZR6FW89NM	variant_01HCMFCY1AMFNFTSMER1FCFH6T	2023-10-13 17:45:22.314586+05:30	2023-10-13 17:45:22.314586+05:30	\N	\N
optval_01HCMFCY1VEPESG2XGJKFTENTK	Default Title	opt_01HCMFCY1KVCTYTYFXN6HSNMSZ	variant_01HCMFCY1VCZAJ7X8F8WVMFBP6	2023-10-13 17:45:22.314586+05:30	2023-10-13 17:45:22.314586+05:30	\N	\N
optval_01HCMFCY2C7QGRENSZE9V2PJA5	Default Title	opt_01HCMFCY26D36DXWSFMFH8ZCS2	variant_01HCMFCY2CZQY24WYN0VKXY2FV	2023-10-13 17:45:22.314586+05:30	2023-10-13 17:45:22.314586+05:30	\N	\N
optval_01HCMFCY3Y0WNH7GZ6SHKJFSV4	Default Title	opt_01HCMFCY3Q3WX624TSEKZVPT40	variant_01HCMFCY3Y118PR9CGACT668CF	2023-10-13 17:45:22.314586+05:30	2023-10-13 17:45:22.314586+05:30	\N	\N
optval_01HCMFCY4D1KFZ9VKRP4DTFSZK	Default Title	opt_01HCMFCY473D308DSF3F6B1J3S	variant_01HCMFCY4D31N3CEAYBC0WE1WM	2023-10-13 17:45:22.314586+05:30	2023-10-13 17:45:22.314586+05:30	\N	\N
optval_01HCMFCY4ZG3GHR6GJTM6DEN5T	Default Title	opt_01HCMFCY4RAD1D3S96ME8H4XR1	variant_01HCMFCY4ZE0CY7KWS4RGECDJW	2023-10-13 17:45:22.314586+05:30	2023-10-13 17:45:22.314586+05:30	\N	\N
optval_01HCMFCY5HG0YSMTWXN55415QY	Default Title	opt_01HCMFCY5AXHNMR9NM5ZPH67SR	variant_01HCMFCY5HA5PNZM9TS1X77390	2023-10-13 17:45:22.314586+05:30	2023-10-13 17:45:22.314586+05:30	\N	\N
optval_01HCMFCY611K0R47DRB8EV2592	Default Title	opt_01HCMFCY5WRYG4BKEEBM9PN00W	variant_01HCMFCY61RV8RTJ9WZBY8MS86	2023-10-13 17:45:22.314586+05:30	2023-10-13 17:45:22.314586+05:30	\N	\N
optval_01HCMFCY6W3QX6FSCV3KRM5BDV	Default Title	opt_01HCMFCY6QK92JSTC17D1BFE8G	variant_01HCMFCY6WC63GZRHF8K02RY7V	2023-10-13 17:45:22.314586+05:30	2023-10-13 17:45:22.314586+05:30	\N	\N
optval_01HCMFCY7CN38X57SDT9WPPF1C	Default Title	opt_01HCMFCY751B6HVWY780WA2EWG	variant_01HCMFCY7C5S9CH80STJRHJBW0	2023-10-13 17:45:22.314586+05:30	2023-10-13 17:45:22.314586+05:30	\N	\N
optval_01HCMFCY7WGYEN27M6YM0835VW	Default Title	opt_01HCMFCY7NF059WF3G6G4NWA1V	variant_01HCMFCY7WSK4P6GNH2S4YBA5Z	2023-10-13 17:45:22.314586+05:30	2023-10-13 17:45:22.314586+05:30	\N	\N
optval_01HCMFCY8A1B9BTQ9G9R06PAMC	Default Title	opt_01HCMFCY84STM3CE90QRT5A5N6	variant_01HCMFCY8AADB594K5KSBTZWCX	2023-10-13 17:45:22.314586+05:30	2023-10-13 17:45:22.314586+05:30	\N	\N
optval_01HCMFCY8T8PFA01KQEQFVXSSJ	Default Title	opt_01HCMFCY8KJKYTA1SQ0E7YSH2A	variant_01HCMFCY8SAJ2A2C3CPQFVTQMS	2023-10-13 17:45:22.314586+05:30	2023-10-13 17:45:22.314586+05:30	\N	\N
optval_01HCMFCY99M8T395R0CPE23G2Y	Default Title	opt_01HCMFCY94FZAYSF47Q3BRGKJR	variant_01HCMFCY99QTBERF2NF1GJX4HG	2023-10-13 17:45:22.314586+05:30	2023-10-13 17:45:22.314586+05:30	\N	\N
optval_01HCMFCY9RFANV0QS1B17EJECX	Default Title	opt_01HCMFCY9H06N0XSV6FD77QRQD	variant_01HCMFCY9RKAMN5NHZJFPEW0E5	2023-10-13 17:45:22.314586+05:30	2023-10-13 17:45:22.314586+05:30	\N	\N
optval_01HCMFCYA60K79091PQQ17M7KS	Default Title	opt_01HCMFCYA0B8JEBBFPPBCYHG4C	variant_01HCMFCYA6D14A4E8K81QBAZN8	2023-10-13 17:45:22.314586+05:30	2023-10-13 17:45:22.314586+05:30	\N	\N
optval_01HCMFCYAPHDH5HJ6F7SPW8540	Default Title	opt_01HCMFCYAHYZGWVZWD0F9RMZ2M	variant_01HCMFCYAP9C55PSNGQFVATDE6	2023-10-13 17:45:22.314586+05:30	2023-10-13 17:45:22.314586+05:30	\N	\N
optval_01HCMFCYB3261CSK33Z7AKR4YA	Default Title	opt_01HCMFCYAY9ETJX31KC5M4QA39	variant_01HCMFCYB34K6TGY4V3T1624K9	2023-10-13 17:45:22.314586+05:30	2023-10-13 17:45:22.314586+05:30	\N	\N
optval_01HCMFCYBF4MFG74T7ZN66PT6M	Default Title	opt_01HCMFCYBBHVZRGMGSVES6RK40	variant_01HCMFCYBFVPYAMVE02E9XWS50	2023-10-13 17:45:22.314586+05:30	2023-10-13 17:45:22.314586+05:30	\N	\N
optval_01HCMFCYBY09PM37SJNQ9X8SW1	Default Title	opt_01HCMFCYBRRQVZCK9MRADNN58D	variant_01HCMFCYBY00JFV6AJ6FCD5RTW	2023-10-13 17:45:22.314586+05:30	2023-10-13 17:45:22.314586+05:30	\N	\N
optval_01HCMFCYCFTG3MMBMVQ973X5P5	Default Title	opt_01HCMFCYC8GG78VP3E7WBYZDD9	variant_01HCMFCYCFNT079T53Q9SBXXQR	2023-10-13 17:45:22.314586+05:30	2023-10-13 17:45:22.314586+05:30	\N	\N
optval_01HCMFCYCZE8GJBJ3WKD4DE5SC	Default Title	opt_01HCMFCYCTJ6JF754BGQSM0E3K	variant_01HCMFCYCZ13CPVRGJ3GZ2N91V	2023-10-13 17:45:22.314586+05:30	2023-10-13 17:45:22.314586+05:30	\N	\N
\.


--
-- Data for Name: product_review; Type: TABLE DATA; Schema: public; Owner: mukesh
--

COPY public.product_review (id, product_id, title, user_name, rating, content, created_at, updated_at) FROM stdin;
\.


--
-- Data for Name: product_sales_channel; Type: TABLE DATA; Schema: public; Owner: mukesh
--

COPY public.product_sales_channel (product_id, sales_channel_id) FROM stdin;
prod_01HCMFCX9HW44GHJRKK4RN4RT0	sc_01HCMFCX4XRKVB60GPNP2R3M5X
prod_01HCMFCXB6PZQ89F3EXNVCM4RK	sc_01HCMFCX4XRKVB60GPNP2R3M5X
prod_01HCMFCXC2QK20W51WVKSBSNMB	sc_01HCMFCX4XRKVB60GPNP2R3M5X
prod_01HCMFCXCSC122JTVM2HAZSRWB	sc_01HCMFCX4XRKVB60GPNP2R3M5X
prod_01HCMFCXDG86SEAW5EDRGWZWG8	sc_01HCMFCX4XRKVB60GPNP2R3M5X
prod_01HCMFCXE95PGG0DZWYGRSJ4HX	sc_01HCMFCX4XRKVB60GPNP2R3M5X
prod_01HCMFCXEW19GJPJVQRJ24N24D	sc_01HCMFCX4XRKVB60GPNP2R3M5X
prod_01HCMFCXFE7QVBD13D1KRPK1T7	sc_01HCMFCX4XRKVB60GPNP2R3M5X
prod_01HCMFCXG4X5TEXYAE03ZJSGWW	sc_01HCMFCX4XRKVB60GPNP2R3M5X
prod_01HCMFCXH5HHA7WHY4DGK9XQ1W	sc_01HCMFCX4XRKVB60GPNP2R3M5X
prod_01HCMFCXJ89TQXAYGXVS98FGFX	sc_01HCMFCX4XRKVB60GPNP2R3M5X
prod_01HCMFCXMYSEANEJZ1FBZ8K21S	sc_01HCMFCX4XRKVB60GPNP2R3M5X
prod_01HCMFCXQCN5E1FZJVNWFAV6JQ	sc_01HCMFCX4XRKVB60GPNP2R3M5X
prod_01HCMFCXQWFTQM4RMNEXGY401K	sc_01HCMFCX4XRKVB60GPNP2R3M5X
prod_01HCMFCXRAA4PVDKC5CT2D4QJS	sc_01HCMFCX4XRKVB60GPNP2R3M5X
prod_01HCMFCXRTPGQMDFYRHXF5DT1B	sc_01HCMFCX4XRKVB60GPNP2R3M5X
prod_01HCMFCXSCTCPP9E7S4JDK0C4J	sc_01HCMFCX4XRKVB60GPNP2R3M5X
prod_01HCMFCXSY9MPPP9Q7KE1XX0X7	sc_01HCMFCX4XRKVB60GPNP2R3M5X
prod_01HCMFCXV5BJFSTP0GV8V7VQVH	sc_01HCMFCX4XRKVB60GPNP2R3M5X
prod_01HCMFCXWA16CGDMKZ1XA5R2NA	sc_01HCMFCX4XRKVB60GPNP2R3M5X
prod_01HCMFCXWVGJ8Q0T1JMY3SMENQ	sc_01HCMFCX4XRKVB60GPNP2R3M5X
prod_01HCMFCXXB50T0QA8DYDWA180J	sc_01HCMFCX4XRKVB60GPNP2R3M5X
prod_01HCMFCXXWYHW3EBJPPRP8TXNS	sc_01HCMFCX4XRKVB60GPNP2R3M5X
prod_01HCMFCXYEF63W8DYJDV8A1K63	sc_01HCMFCX4XRKVB60GPNP2R3M5X
prod_01HCMFCXYZMR83C9A31J5M2SED	sc_01HCMFCX4XRKVB60GPNP2R3M5X
prod_01HCMFCXZJCD4P04VAGVQA7DZD	sc_01HCMFCX4XRKVB60GPNP2R3M5X
prod_01HCMFCY005Q7YY9QG2HT5G6VX	sc_01HCMFCX4XRKVB60GPNP2R3M5X
prod_01HCMFCY0FW331E66A662NT7YC	sc_01HCMFCX4XRKVB60GPNP2R3M5X
prod_01HCMFCY133PE6JCAXVS5RQ90T	sc_01HCMFCX4XRKVB60GPNP2R3M5X
prod_01HCMFCY1H2R9510FCK753M20S	sc_01HCMFCX4XRKVB60GPNP2R3M5X
prod_01HCMFCY245P4HJ46HKTRSC5VF	sc_01HCMFCX4XRKVB60GPNP2R3M5X
prod_01HCMFCY3MBPN7GSMWF2FGCA4Z	sc_01HCMFCX4XRKVB60GPNP2R3M5X
prod_01HCMFCY45AVBS2XR1421TCJZ3	sc_01HCMFCX4XRKVB60GPNP2R3M5X
prod_01HCMFCY4P1EG635Q3Q384RMHD	sc_01HCMFCX4XRKVB60GPNP2R3M5X
prod_01HCMFCY58N5HW42M30AY48J8E	sc_01HCMFCX4XRKVB60GPNP2R3M5X
prod_01HCMFCY5T8ENBD5HJYRPCN9GJ	sc_01HCMFCX4XRKVB60GPNP2R3M5X
prod_01HCMFCY6K9Y78687YHN83YW8C	sc_01HCMFCX4XRKVB60GPNP2R3M5X
prod_01HCMFCY73NWZ9JSJ8Y547S4Q3	sc_01HCMFCX4XRKVB60GPNP2R3M5X
prod_01HCMFCY7K235907WK5C68W635	sc_01HCMFCX4XRKVB60GPNP2R3M5X
prod_01HCMFCY82VC0CSCTQP7G3MR5F	sc_01HCMFCX4XRKVB60GPNP2R3M5X
prod_01HCMFCY8H62NKW6GQB7MS20BZ	sc_01HCMFCX4XRKVB60GPNP2R3M5X
prod_01HCMFCY92HDP6ZBZ8WRB4SXDR	sc_01HCMFCX4XRKVB60GPNP2R3M5X
prod_01HCMFCY9GF774VVEE5217NGJ9	sc_01HCMFCX4XRKVB60GPNP2R3M5X
prod_01HCMFCY9Z2ER381WTH98ZYD5R	sc_01HCMFCX4XRKVB60GPNP2R3M5X
prod_01HCMFCYAFC57JBDHT0ACBRRSY	sc_01HCMFCX4XRKVB60GPNP2R3M5X
prod_01HCMFCYAW16WGNMPP4ZVNBD4K	sc_01HCMFCX4XRKVB60GPNP2R3M5X
prod_01HCMFCYBA414CE8T22TFAQT19	sc_01HCMFCX4XRKVB60GPNP2R3M5X
prod_01HCMFCYBPDE2JW7WFDPZ932D3	sc_01HCMFCX4XRKVB60GPNP2R3M5X
prod_01HCMFCYC7YNJX1NV9VQ6JR9C0	sc_01HCMFCX4XRKVB60GPNP2R3M5X
prod_01HCMFCYCRVQ2BZ7XKBQJ3HKN3	sc_01HCMFCX4XRKVB60GPNP2R3M5X
\.


--
-- Data for Name: product_shipping_profile; Type: TABLE DATA; Schema: public; Owner: mukesh
--

COPY public.product_shipping_profile (profile_id, product_id) FROM stdin;
sp_01HCMFCX3TXJ3P311DK4AY5SSD	prod_01HCMFCX9HW44GHJRKK4RN4RT0
sp_01HCMFCX3TXJ3P311DK4AY5SSD	prod_01HCMFCXB6PZQ89F3EXNVCM4RK
sp_01HCMFCX3TXJ3P311DK4AY5SSD	prod_01HCMFCXC2QK20W51WVKSBSNMB
sp_01HCMFCX3TXJ3P311DK4AY5SSD	prod_01HCMFCXCSC122JTVM2HAZSRWB
sp_01HCMFCX3TXJ3P311DK4AY5SSD	prod_01HCMFCXDG86SEAW5EDRGWZWG8
sp_01HCMFCX3TXJ3P311DK4AY5SSD	prod_01HCMFCXE95PGG0DZWYGRSJ4HX
sp_01HCMFCX3TXJ3P311DK4AY5SSD	prod_01HCMFCXEW19GJPJVQRJ24N24D
sp_01HCMFCX3TXJ3P311DK4AY5SSD	prod_01HCMFCXFE7QVBD13D1KRPK1T7
sp_01HCMFCX3TXJ3P311DK4AY5SSD	prod_01HCMFCXG4X5TEXYAE03ZJSGWW
sp_01HCMFCX3TXJ3P311DK4AY5SSD	prod_01HCMFCXH5HHA7WHY4DGK9XQ1W
sp_01HCMFCX3TXJ3P311DK4AY5SSD	prod_01HCMFCXJ89TQXAYGXVS98FGFX
sp_01HCMFCX3TXJ3P311DK4AY5SSD	prod_01HCMFCXMYSEANEJZ1FBZ8K21S
sp_01HCMFCX3TXJ3P311DK4AY5SSD	prod_01HCMFCXQCN5E1FZJVNWFAV6JQ
sp_01HCMFCX3TXJ3P311DK4AY5SSD	prod_01HCMFCXQWFTQM4RMNEXGY401K
sp_01HCMFCX3TXJ3P311DK4AY5SSD	prod_01HCMFCXRAA4PVDKC5CT2D4QJS
sp_01HCMFCX3TXJ3P311DK4AY5SSD	prod_01HCMFCXRTPGQMDFYRHXF5DT1B
sp_01HCMFCX3TXJ3P311DK4AY5SSD	prod_01HCMFCXSCTCPP9E7S4JDK0C4J
sp_01HCMFCX3TXJ3P311DK4AY5SSD	prod_01HCMFCXSY9MPPP9Q7KE1XX0X7
sp_01HCMFCX3TXJ3P311DK4AY5SSD	prod_01HCMFCXV5BJFSTP0GV8V7VQVH
sp_01HCMFCX3TXJ3P311DK4AY5SSD	prod_01HCMFCXWA16CGDMKZ1XA5R2NA
sp_01HCMFCX3TXJ3P311DK4AY5SSD	prod_01HCMFCXWVGJ8Q0T1JMY3SMENQ
sp_01HCMFCX3TXJ3P311DK4AY5SSD	prod_01HCMFCXXB50T0QA8DYDWA180J
sp_01HCMFCX3TXJ3P311DK4AY5SSD	prod_01HCMFCXXWYHW3EBJPPRP8TXNS
sp_01HCMFCX3TXJ3P311DK4AY5SSD	prod_01HCMFCXYEF63W8DYJDV8A1K63
sp_01HCMFCX3TXJ3P311DK4AY5SSD	prod_01HCMFCXYZMR83C9A31J5M2SED
sp_01HCMFCX3TXJ3P311DK4AY5SSD	prod_01HCMFCXZJCD4P04VAGVQA7DZD
sp_01HCMFCX3TXJ3P311DK4AY5SSD	prod_01HCMFCY005Q7YY9QG2HT5G6VX
sp_01HCMFCX3TXJ3P311DK4AY5SSD	prod_01HCMFCY0FW331E66A662NT7YC
sp_01HCMFCX3TXJ3P311DK4AY5SSD	prod_01HCMFCY133PE6JCAXVS5RQ90T
sp_01HCMFCX3TXJ3P311DK4AY5SSD	prod_01HCMFCY1H2R9510FCK753M20S
sp_01HCMFCX3TXJ3P311DK4AY5SSD	prod_01HCMFCY245P4HJ46HKTRSC5VF
sp_01HCMFCX3TXJ3P311DK4AY5SSD	prod_01HCMFCY3MBPN7GSMWF2FGCA4Z
sp_01HCMFCX3TXJ3P311DK4AY5SSD	prod_01HCMFCY45AVBS2XR1421TCJZ3
sp_01HCMFCX3TXJ3P311DK4AY5SSD	prod_01HCMFCY4P1EG635Q3Q384RMHD
sp_01HCMFCX3TXJ3P311DK4AY5SSD	prod_01HCMFCY58N5HW42M30AY48J8E
sp_01HCMFCX3TXJ3P311DK4AY5SSD	prod_01HCMFCY5T8ENBD5HJYRPCN9GJ
sp_01HCMFCX3TXJ3P311DK4AY5SSD	prod_01HCMFCY6K9Y78687YHN83YW8C
sp_01HCMFCX3TXJ3P311DK4AY5SSD	prod_01HCMFCY73NWZ9JSJ8Y547S4Q3
sp_01HCMFCX3TXJ3P311DK4AY5SSD	prod_01HCMFCY7K235907WK5C68W635
sp_01HCMFCX3TXJ3P311DK4AY5SSD	prod_01HCMFCY82VC0CSCTQP7G3MR5F
sp_01HCMFCX3TXJ3P311DK4AY5SSD	prod_01HCMFCY8H62NKW6GQB7MS20BZ
sp_01HCMFCX3TXJ3P311DK4AY5SSD	prod_01HCMFCY92HDP6ZBZ8WRB4SXDR
sp_01HCMFCX3TXJ3P311DK4AY5SSD	prod_01HCMFCY9GF774VVEE5217NGJ9
sp_01HCMFCX3TXJ3P311DK4AY5SSD	prod_01HCMFCY9Z2ER381WTH98ZYD5R
sp_01HCMFCX3TXJ3P311DK4AY5SSD	prod_01HCMFCYAFC57JBDHT0ACBRRSY
sp_01HCMFCX3TXJ3P311DK4AY5SSD	prod_01HCMFCYAW16WGNMPP4ZVNBD4K
sp_01HCMFCX3TXJ3P311DK4AY5SSD	prod_01HCMFCYBA414CE8T22TFAQT19
sp_01HCMFCX3TXJ3P311DK4AY5SSD	prod_01HCMFCYBPDE2JW7WFDPZ932D3
sp_01HCMFCX3TXJ3P311DK4AY5SSD	prod_01HCMFCYC7YNJX1NV9VQ6JR9C0
sp_01HCMFCX3TXJ3P311DK4AY5SSD	prod_01HCMFCYCRVQ2BZ7XKBQJ3HKN3
\.


--
-- Data for Name: product_tag; Type: TABLE DATA; Schema: public; Owner: mukesh
--

COPY public.product_tag (id, value, created_at, updated_at, deleted_at, metadata) FROM stdin;
\.


--
-- Data for Name: product_tags; Type: TABLE DATA; Schema: public; Owner: mukesh
--

COPY public.product_tags (product_id, product_tag_id) FROM stdin;
\.


--
-- Data for Name: product_tax_rate; Type: TABLE DATA; Schema: public; Owner: mukesh
--

COPY public.product_tax_rate (product_id, rate_id, created_at, updated_at, metadata) FROM stdin;
\.


--
-- Data for Name: product_type; Type: TABLE DATA; Schema: public; Owner: mukesh
--

COPY public.product_type (id, value, created_at, updated_at, deleted_at, metadata) FROM stdin;
\.


--
-- Data for Name: product_type_tax_rate; Type: TABLE DATA; Schema: public; Owner: mukesh
--

COPY public.product_type_tax_rate (product_type_id, rate_id, created_at, updated_at, metadata) FROM stdin;
\.


--
-- Data for Name: product_variant; Type: TABLE DATA; Schema: public; Owner: mukesh
--

COPY public.product_variant (id, title, product_id, sku, barcode, ean, upc, inventory_quantity, allow_backorder, manage_inventory, hs_code, origin_country, mid_code, material, weight, length, height, width, created_at, updated_at, deleted_at, metadata, variant_rank) FROM stdin;
variant_01HCMFCXADP10074NWD8SW49PT	Default Title	prod_01HCMFCX9HW44GHJRKK4RN4RT0	\N	\N	\N	\N	11	f	t	\N	\N	\N	\N	\N	\N	\N	\N	2023-10-13 17:45:22.314586+05:30	2023-10-13 17:45:22.314586+05:30	\N	\N	0
variant_01HCMFCXBPR8NVZDB4ZMJJMKAY	Default Title	prod_01HCMFCXB6PZQ89F3EXNVCM4RK	\N	\N	\N	\N	19	f	t	\N	\N	\N	\N	\N	\N	\N	\N	2023-10-13 17:45:22.314586+05:30	2023-10-13 17:45:22.314586+05:30	\N	\N	0
variant_01HCMFCXCFAXCT8ATKK197DH6F	Default Title	prod_01HCMFCXC2QK20W51WVKSBSNMB	\N	\N	\N	\N	3	f	t	\N	\N	\N	\N	\N	\N	\N	\N	2023-10-13 17:45:22.314586+05:30	2023-10-13 17:45:22.314586+05:30	\N	\N	0
variant_01HCMFCXD50H2V1P39T80SGE27	Default Title	prod_01HCMFCXCSC122JTVM2HAZSRWB	\N	\N	\N	\N	8	f	t	\N	\N	\N	\N	\N	\N	\N	\N	2023-10-13 17:45:22.314586+05:30	2023-10-13 17:45:22.314586+05:30	\N	\N	0
variant_01HCMFCXDZP5Q33QVXR6QGV80B	OS / black	prod_01HCMFCXDG86SEAW5EDRGWZWG8	\N	\N	\N	\N	5	f	t	\N	\N	\N	\N	\N	\N	\N	\N	2023-10-13 17:45:22.314586+05:30	2023-10-13 17:45:22.314586+05:30	\N	\N	0
variant_01HCMFCXEJ641A48P373XVRGBJ	OS / black	prod_01HCMFCXE95PGG0DZWYGRSJ4HX	\N	\N	\N	\N	5	f	t	\N	\N	\N	\N	\N	\N	\N	\N	2023-10-13 17:45:22.314586+05:30	2023-10-13 17:45:22.314586+05:30	\N	\N	0
variant_01HCMFCXF54PEKR0HG0FY0P7XG	OS / blue	prod_01HCMFCXEW19GJPJVQRJ24N24D	\N	\N	\N	\N	3	f	t	\N	\N	\N	\N	\N	\N	\N	\N	2023-10-13 17:45:22.314586+05:30	2023-10-13 17:45:22.314586+05:30	\N	\N	0
variant_01HCMFCXFSSG8M094QC1J9TM2M	OS / blue	prod_01HCMFCXFE7QVBD13D1KRPK1T7	\N	\N	\N	\N	0	f	t	\N	\N	\N	\N	\N	\N	\N	\N	2023-10-13 17:45:22.314586+05:30	2023-10-13 17:45:22.314586+05:30	\N	\N	0
variant_01HCMFCXGEHEP32XMGQQ1JR4JQ	1 / white	prod_01HCMFCXG4X5TEXYAE03ZJSGWW	\N	\N	\N	\N	6	f	t	\N	\N	\N	\N	\N	\N	\N	\N	2023-10-13 17:45:22.314586+05:30	2023-10-13 17:45:22.314586+05:30	\N	\N	0
variant_01HCMFCXGVFDFR43SDXXVT2W3Q	2 / white	prod_01HCMFCXG4X5TEXYAE03ZJSGWW	\N	\N	\N	\N	1	f	t	\N	\N	\N	\N	\N	\N	\N	\N	2023-10-13 17:45:22.314586+05:30	2023-10-13 17:45:22.314586+05:30	\N	\N	1
variant_01HCMFCXHHFJCNM69KKZEFS5ZR	1 / white	prod_01HCMFCXH5HHA7WHY4DGK9XQ1W	\N	\N	\N	\N	6	f	t	\N	\N	\N	\N	\N	\N	\N	\N	2023-10-13 17:45:22.314586+05:30	2023-10-13 17:45:22.314586+05:30	\N	\N	0
variant_01HCMFCXHYHVBKNV0C5ZCFZVKV	2 / white	prod_01HCMFCXH5HHA7WHY4DGK9XQ1W	\N	\N	\N	\N	7	f	t	\N	\N	\N	\N	\N	\N	\N	\N	2023-10-13 17:45:22.314586+05:30	2023-10-13 17:45:22.314586+05:30	\N	\N	1
variant_01HCMFCXJKQ1KRSA9ZZ0F7CZ65	5 / white	prod_01HCMFCXJ89TQXAYGXVS98FGFX	\N	\N	\N	\N	4	f	t	\N	\N	\N	\N	\N	\N	\N	\N	2023-10-13 17:45:22.314586+05:30	2023-10-13 17:45:22.314586+05:30	\N	\N	0
variant_01HCMFCXJY2EX4DXAXE1XD6FYR	6 / white	prod_01HCMFCXJ89TQXAYGXVS98FGFX	\N	\N	\N	\N	11	f	t	\N	\N	\N	\N	\N	\N	\N	\N	2023-10-13 17:45:22.314586+05:30	2023-10-13 17:45:22.314586+05:30	\N	\N	1
variant_01HCMFCXK84473PX84K4YPD1K7	7 / white	prod_01HCMFCXJ89TQXAYGXVS98FGFX	\N	\N	\N	\N	6	f	t	\N	\N	\N	\N	\N	\N	\N	\N	2023-10-13 17:45:22.314586+05:30	2023-10-13 17:45:22.314586+05:30	\N	\N	2
variant_01HCMFCXKKVXQNAZ6XBPS3E8W7	9 / white	prod_01HCMFCXJ89TQXAYGXVS98FGFX	\N	\N	\N	\N	12	f	t	\N	\N	\N	\N	\N	\N	\N	\N	2023-10-13 17:45:22.314586+05:30	2023-10-13 17:45:22.314586+05:30	\N	\N	3
variant_01HCMFCXKY309XBPRKDQAKQFAX	10 / white	prod_01HCMFCXJ89TQXAYGXVS98FGFX	\N	\N	\N	\N	20	f	t	\N	\N	\N	\N	\N	\N	\N	\N	2023-10-13 17:45:22.314586+05:30	2023-10-13 17:45:22.314586+05:30	\N	\N	4
variant_01HCMFCXM9M87RX1C5GMMJJR58	11 / white	prod_01HCMFCXJ89TQXAYGXVS98FGFX	\N	\N	\N	\N	16	f	t	\N	\N	\N	\N	\N	\N	\N	\N	2023-10-13 17:45:22.314586+05:30	2023-10-13 17:45:22.314586+05:30	\N	\N	5
variant_01HCMFCXMM4ZFBJMFW1ZYBF8GQ	12 / white	prod_01HCMFCXJ89TQXAYGXVS98FGFX	\N	\N	\N	\N	13	f	t	\N	\N	\N	\N	\N	\N	\N	\N	2023-10-13 17:45:22.314586+05:30	2023-10-13 17:45:22.314586+05:30	\N	\N	6
variant_01HCMFCXN8DHSW9WXW3DG2ENG3	5 / white	prod_01HCMFCXMYSEANEJZ1FBZ8K21S	\N	\N	\N	\N	6	f	t	\N	\N	\N	\N	\N	\N	\N	\N	2023-10-13 17:45:22.314586+05:30	2023-10-13 17:45:22.314586+05:30	\N	\N	0
variant_01HCMFCXNGRT15HSPMW9BV7PT5	6 / white	prod_01HCMFCXMYSEANEJZ1FBZ8K21S	\N	\N	\N	\N	19	f	t	\N	\N	\N	\N	\N	\N	\N	\N	2023-10-13 17:45:22.314586+05:30	2023-10-13 17:45:22.314586+05:30	\N	\N	1
variant_01HCMFCXNTDM305FGDW8MDXAJD	7 / white	prod_01HCMFCXMYSEANEJZ1FBZ8K21S	\N	\N	\N	\N	15	f	t	\N	\N	\N	\N	\N	\N	\N	\N	2023-10-13 17:45:22.314586+05:30	2023-10-13 17:45:22.314586+05:30	\N	\N	2
variant_01HCMFCXP44H7SZ04DBHYZ6DT9	9 / white	prod_01HCMFCXMYSEANEJZ1FBZ8K21S	\N	\N	\N	\N	4	f	t	\N	\N	\N	\N	\N	\N	\N	\N	2023-10-13 17:45:22.314586+05:30	2023-10-13 17:45:22.314586+05:30	\N	\N	3
variant_01HCMFCXPE4HM7FAVQNJ4YHZ5C	10 / white	prod_01HCMFCXMYSEANEJZ1FBZ8K21S	\N	\N	\N	\N	16	f	t	\N	\N	\N	\N	\N	\N	\N	\N	2023-10-13 17:45:22.314586+05:30	2023-10-13 17:45:22.314586+05:30	\N	\N	4
variant_01HCMFCXPRNS3QNK4N7ZQ7NJ8S	11 / white	prod_01HCMFCXMYSEANEJZ1FBZ8K21S	\N	\N	\N	\N	1	f	t	\N	\N	\N	\N	\N	\N	\N	\N	2023-10-13 17:45:22.314586+05:30	2023-10-13 17:45:22.314586+05:30	\N	\N	5
variant_01HCMFCXQ3NHJSD1SKD020F6RY	12 / white	prod_01HCMFCXMYSEANEJZ1FBZ8K21S	\N	\N	\N	\N	9	f	t	\N	\N	\N	\N	\N	\N	\N	\N	2023-10-13 17:45:22.314586+05:30	2023-10-13 17:45:22.314586+05:30	\N	\N	6
variant_01HCMFCXQM4N9RCYADTGH9AKH7	Default Title	prod_01HCMFCXQCN5E1FZJVNWFAV6JQ	\N	\N	\N	\N	16	f	t	\N	\N	\N	\N	\N	\N	\N	\N	2023-10-13 17:45:22.314586+05:30	2023-10-13 17:45:22.314586+05:30	\N	\N	0
variant_01HCMFCXR3JVAC1ZQ40XKM7WNT	Default Title	prod_01HCMFCXQWFTQM4RMNEXGY401K	\N	\N	\N	\N	2	f	t	\N	\N	\N	\N	\N	\N	\N	\N	2023-10-13 17:45:22.314586+05:30	2023-10-13 17:45:22.314586+05:30	\N	\N	0
variant_01HCMFCXRJNNF2308R4ADG6C8V	Default Title	prod_01HCMFCXRAA4PVDKC5CT2D4QJS	\N	\N	\N	\N	5	f	t	\N	\N	\N	\N	\N	\N	\N	\N	2023-10-13 17:45:22.314586+05:30	2023-10-13 17:45:22.314586+05:30	\N	\N	0
variant_01HCMFCXS3R0FF5EX750XAMT4N	Default Title	prod_01HCMFCXRTPGQMDFYRHXF5DT1B	\N	\N	\N	\N	15	f	t	\N	\N	\N	\N	\N	\N	\N	\N	2023-10-13 17:45:22.314586+05:30	2023-10-13 17:45:22.314586+05:30	\N	\N	0
variant_01HCMFCXSNW3TWDTXKQ40MHJPN	Default Title	prod_01HCMFCXSCTCPP9E7S4JDK0C4J	\N	\N	\N	\N	0	f	t	\N	\N	\N	\N	\N	\N	\N	\N	2023-10-13 17:45:22.314586+05:30	2023-10-13 17:45:22.314586+05:30	\N	\N	0
variant_01HCMFCXT8S1W8BJP3V302QCTD	4 / black	prod_01HCMFCXSY9MPPP9Q7KE1XX0X7	\N	\N	\N	\N	10	f	t	\N	\N	\N	\N	\N	\N	\N	\N	2023-10-13 17:45:22.314586+05:30	2023-10-13 17:45:22.314586+05:30	\N	\N	0
variant_01HCMFCXTJC4K4Q24R1CB7TNJS	8 / black	prod_01HCMFCXSY9MPPP9Q7KE1XX0X7	\N	\N	\N	\N	19	f	t	\N	\N	\N	\N	\N	\N	\N	\N	2023-10-13 17:45:22.314586+05:30	2023-10-13 17:45:22.314586+05:30	\N	\N	1
variant_01HCMFCXTWEQ0624J4358V148E	14 / black	prod_01HCMFCXSY9MPPP9Q7KE1XX0X7	\N	\N	\N	\N	7	f	t	\N	\N	\N	\N	\N	\N	\N	\N	2023-10-13 17:45:22.314586+05:30	2023-10-13 17:45:22.314586+05:30	\N	\N	2
variant_01HCMFCXVFFWGY83BQ3KE4GW01	4 / black	prod_01HCMFCXV5BJFSTP0GV8V7VQVH	\N	\N	\N	\N	19	f	t	\N	\N	\N	\N	\N	\N	\N	\N	2023-10-13 17:45:22.314586+05:30	2023-10-13 17:45:22.314586+05:30	\N	\N	0
variant_01HCMFCXVRPJKN40PBFHTD24JX	8 / black	prod_01HCMFCXV5BJFSTP0GV8V7VQVH	\N	\N	\N	\N	12	f	t	\N	\N	\N	\N	\N	\N	\N	\N	2023-10-13 17:45:22.314586+05:30	2023-10-13 17:45:22.314586+05:30	\N	\N	1
variant_01HCMFCXW2TG2KB744JSWHZAJA	14 / black	prod_01HCMFCXV5BJFSTP0GV8V7VQVH	\N	\N	\N	\N	18	f	t	\N	\N	\N	\N	\N	\N	\N	\N	2023-10-13 17:45:22.314586+05:30	2023-10-13 17:45:22.314586+05:30	\N	\N	2
variant_01HCMFCXWKVH4NTEDMFRJBBF28	Default Title	prod_01HCMFCXWA16CGDMKZ1XA5R2NA	\N	\N	\N	\N	11	f	t	\N	\N	\N	\N	\N	\N	\N	\N	2023-10-13 17:45:22.314586+05:30	2023-10-13 17:45:22.314586+05:30	\N	\N	0
variant_01HCMFCXX3R42EB7NV9V6T64AQ	Default Title	prod_01HCMFCXWVGJ8Q0T1JMY3SMENQ	\N	\N	\N	\N	8	f	t	\N	\N	\N	\N	\N	\N	\N	\N	2023-10-13 17:45:22.314586+05:30	2023-10-13 17:45:22.314586+05:30	\N	\N	0
variant_01HCMFCXXM34EMNGF7FBP2TM01	Default Title	prod_01HCMFCXXB50T0QA8DYDWA180J	\N	\N	\N	\N	19	f	t	\N	\N	\N	\N	\N	\N	\N	\N	2023-10-13 17:45:22.314586+05:30	2023-10-13 17:45:22.314586+05:30	\N	\N	0
variant_01HCMFCXY5550EF0ATSTRAA715	Default Title	prod_01HCMFCXXWYHW3EBJPPRP8TXNS	\N	\N	\N	\N	12	f	t	\N	\N	\N	\N	\N	\N	\N	\N	2023-10-13 17:45:22.314586+05:30	2023-10-13 17:45:22.314586+05:30	\N	\N	0
variant_01HCMFCXYQ7P054Q51HZY55MPY	Default Title	prod_01HCMFCXYEF63W8DYJDV8A1K63	\N	\N	\N	\N	5	f	t	\N	\N	\N	\N	\N	\N	\N	\N	2023-10-13 17:45:22.314586+05:30	2023-10-13 17:45:22.314586+05:30	\N	\N	0
variant_01HCMFCXZ7GH891G4CVS16HZVH	Default Title	prod_01HCMFCXYZMR83C9A31J5M2SED	\N	\N	\N	\N	6	f	t	\N	\N	\N	\N	\N	\N	\N	\N	2023-10-13 17:45:22.314586+05:30	2023-10-13 17:45:22.314586+05:30	\N	\N	0
variant_01HCMFCXZTPW82HCHBB0D9QQ31	Default Title	prod_01HCMFCXZJCD4P04VAGVQA7DZD	\N	\N	\N	\N	5	f	t	\N	\N	\N	\N	\N	\N	\N	\N	2023-10-13 17:45:22.314586+05:30	2023-10-13 17:45:22.314586+05:30	\N	\N	0
variant_01HCMFCY09R18WE53KZM163P9C	Default Title	prod_01HCMFCY005Q7YY9QG2HT5G6VX	\N	\N	\N	\N	17	f	t	\N	\N	\N	\N	\N	\N	\N	\N	2023-10-13 17:45:22.314586+05:30	2023-10-13 17:45:22.314586+05:30	\N	\N	0
variant_01HCMFCY0PBZ2TMC3SCZRGTV21	Default Title	prod_01HCMFCY0FW331E66A662NT7YC	\N	\N	\N	\N	8	f	t	\N	\N	\N	\N	\N	\N	\N	\N	2023-10-13 17:45:22.314586+05:30	2023-10-13 17:45:22.314586+05:30	\N	\N	0
variant_01HCMFCY1AMFNFTSMER1FCFH6T	Default Title	prod_01HCMFCY133PE6JCAXVS5RQ90T	\N	\N	\N	\N	20	f	t	\N	\N	\N	\N	\N	\N	\N	\N	2023-10-13 17:45:22.314586+05:30	2023-10-13 17:45:22.314586+05:30	\N	\N	0
variant_01HCMFCY1VCZAJ7X8F8WVMFBP6	Default Title	prod_01HCMFCY1H2R9510FCK753M20S	\N	\N	\N	\N	9	f	t	\N	\N	\N	\N	\N	\N	\N	\N	2023-10-13 17:45:22.314586+05:30	2023-10-13 17:45:22.314586+05:30	\N	\N	0
variant_01HCMFCY2CZQY24WYN0VKXY2FV	Default Title	prod_01HCMFCY245P4HJ46HKTRSC5VF	\N	\N	\N	\N	3	f	t	\N	\N	\N	\N	\N	\N	\N	\N	2023-10-13 17:45:22.314586+05:30	2023-10-13 17:45:22.314586+05:30	\N	\N	0
variant_01HCMFCY3Y118PR9CGACT668CF	Default Title	prod_01HCMFCY3MBPN7GSMWF2FGCA4Z	\N	\N	\N	\N	11	f	t	\N	\N	\N	\N	\N	\N	\N	\N	2023-10-13 17:45:22.314586+05:30	2023-10-13 17:45:22.314586+05:30	\N	\N	0
variant_01HCMFCY4D31N3CEAYBC0WE1WM	Default Title	prod_01HCMFCY45AVBS2XR1421TCJZ3	\N	\N	\N	\N	7	f	t	\N	\N	\N	\N	\N	\N	\N	\N	2023-10-13 17:45:22.314586+05:30	2023-10-13 17:45:22.314586+05:30	\N	\N	0
variant_01HCMFCY4ZE0CY7KWS4RGECDJW	Default Title	prod_01HCMFCY4P1EG635Q3Q384RMHD	\N	\N	\N	\N	0	f	t	\N	\N	\N	\N	\N	\N	\N	\N	2023-10-13 17:45:22.314586+05:30	2023-10-13 17:45:22.314586+05:30	\N	\N	0
variant_01HCMFCY5HA5PNZM9TS1X77390	Default Title	prod_01HCMFCY58N5HW42M30AY48J8E	\N	\N	\N	\N	16	f	t	\N	\N	\N	\N	\N	\N	\N	\N	2023-10-13 17:45:22.314586+05:30	2023-10-13 17:45:22.314586+05:30	\N	\N	0
variant_01HCMFCY61RV8RTJ9WZBY8MS86	Default Title	prod_01HCMFCY5T8ENBD5HJYRPCN9GJ	\N	\N	\N	\N	0	f	t	\N	\N	\N	\N	\N	\N	\N	\N	2023-10-13 17:45:22.314586+05:30	2023-10-13 17:45:22.314586+05:30	\N	\N	0
variant_01HCMFCY6WC63GZRHF8K02RY7V	Default Title	prod_01HCMFCY6K9Y78687YHN83YW8C	\N	\N	\N	\N	11	f	t	\N	\N	\N	\N	\N	\N	\N	\N	2023-10-13 17:45:22.314586+05:30	2023-10-13 17:45:22.314586+05:30	\N	\N	0
variant_01HCMFCY7C5S9CH80STJRHJBW0	Default Title	prod_01HCMFCY73NWZ9JSJ8Y547S4Q3	\N	\N	\N	\N	12	f	t	\N	\N	\N	\N	\N	\N	\N	\N	2023-10-13 17:45:22.314586+05:30	2023-10-13 17:45:22.314586+05:30	\N	\N	0
variant_01HCMFCY7WSK4P6GNH2S4YBA5Z	Default Title	prod_01HCMFCY7K235907WK5C68W635	\N	\N	\N	\N	6	f	t	\N	\N	\N	\N	\N	\N	\N	\N	2023-10-13 17:45:22.314586+05:30	2023-10-13 17:45:22.314586+05:30	\N	\N	0
variant_01HCMFCY8AADB594K5KSBTZWCX	Default Title	prod_01HCMFCY82VC0CSCTQP7G3MR5F	\N	\N	\N	\N	11	f	t	\N	\N	\N	\N	\N	\N	\N	\N	2023-10-13 17:45:22.314586+05:30	2023-10-13 17:45:22.314586+05:30	\N	\N	0
variant_01HCMFCY8SAJ2A2C3CPQFVTQMS	Default Title	prod_01HCMFCY8H62NKW6GQB7MS20BZ	\N	\N	\N	\N	2	f	t	\N	\N	\N	\N	\N	\N	\N	\N	2023-10-13 17:45:22.314586+05:30	2023-10-13 17:45:22.314586+05:30	\N	\N	0
variant_01HCMFCY99QTBERF2NF1GJX4HG	Default Title	prod_01HCMFCY92HDP6ZBZ8WRB4SXDR	\N	\N	\N	\N	5	f	t	\N	\N	\N	\N	\N	\N	\N	\N	2023-10-13 17:45:22.314586+05:30	2023-10-13 17:45:22.314586+05:30	\N	\N	0
variant_01HCMFCY9RKAMN5NHZJFPEW0E5	Default Title	prod_01HCMFCY9GF774VVEE5217NGJ9	\N	\N	\N	\N	6	f	t	\N	\N	\N	\N	\N	\N	\N	\N	2023-10-13 17:45:22.314586+05:30	2023-10-13 17:45:22.314586+05:30	\N	\N	0
variant_01HCMFCYA6D14A4E8K81QBAZN8	Default Title	prod_01HCMFCY9Z2ER381WTH98ZYD5R	\N	\N	\N	\N	5	f	t	\N	\N	\N	\N	\N	\N	\N	\N	2023-10-13 17:45:22.314586+05:30	2023-10-13 17:45:22.314586+05:30	\N	\N	0
variant_01HCMFCYAP9C55PSNGQFVATDE6	Default Title	prod_01HCMFCYAFC57JBDHT0ACBRRSY	\N	\N	\N	\N	14	f	t	\N	\N	\N	\N	\N	\N	\N	\N	2023-10-13 17:45:22.314586+05:30	2023-10-13 17:45:22.314586+05:30	\N	\N	0
variant_01HCMFCYB34K6TGY4V3T1624K9	Default Title	prod_01HCMFCYAW16WGNMPP4ZVNBD4K	\N	\N	\N	\N	13	f	t	\N	\N	\N	\N	\N	\N	\N	\N	2023-10-13 17:45:22.314586+05:30	2023-10-13 17:45:22.314586+05:30	\N	\N	0
variant_01HCMFCYBFVPYAMVE02E9XWS50	Default Title	prod_01HCMFCYBA414CE8T22TFAQT19	\N	\N	\N	\N	6	f	t	\N	\N	\N	\N	\N	\N	\N	\N	2023-10-13 17:45:22.314586+05:30	2023-10-13 17:45:22.314586+05:30	\N	\N	0
variant_01HCMFCYBY00JFV6AJ6FCD5RTW	Default Title	prod_01HCMFCYBPDE2JW7WFDPZ932D3	\N	\N	\N	\N	19	f	t	\N	\N	\N	\N	\N	\N	\N	\N	2023-10-13 17:45:22.314586+05:30	2023-10-13 17:45:22.314586+05:30	\N	\N	0
variant_01HCMFCYCFNT079T53Q9SBXXQR	Default Title	prod_01HCMFCYC7YNJX1NV9VQ6JR9C0	\N	\N	\N	\N	18	f	t	\N	\N	\N	\N	\N	\N	\N	\N	2023-10-13 17:45:22.314586+05:30	2023-10-13 17:45:22.314586+05:30	\N	\N	0
variant_01HCMFCYCZ13CPVRGJ3GZ2N91V	Default Title	prod_01HCMFCYCRVQ2BZ7XKBQJ3HKN3	\N	\N	\N	\N	8	f	t	\N	\N	\N	\N	\N	\N	\N	\N	2023-10-13 17:45:22.314586+05:30	2023-10-13 17:45:22.314586+05:30	\N	\N	0
\.


--
-- Data for Name: product_variant_inventory_item; Type: TABLE DATA; Schema: public; Owner: mukesh
--

COPY public.product_variant_inventory_item (id, created_at, updated_at, inventory_item_id, variant_id, required_quantity, deleted_at) FROM stdin;
\.


--
-- Data for Name: product_variant_money_amount; Type: TABLE DATA; Schema: public; Owner: mukesh
--

COPY public.product_variant_money_amount (id, money_amount_id, variant_id, deleted_at, created_at, updated_at) FROM stdin;
pvma__01HCMFCXB05T2MSE9NF5FTQ15Z	ma_01HCMFCXAY1B5SATKAG82TQ38S	variant_01HCMFCXADP10074NWD8SW49PT	\N	2023-10-13 17:45:22.314586+05:30	2023-10-13 17:45:22.314586+05:30
pvma__01HCMFCXB0G3K2PMDCKY75YJJ4	ma_01HCMFCXAYHRMG9SJXARPVAMHR	variant_01HCMFCXADP10074NWD8SW49PT	\N	2023-10-13 17:45:22.314586+05:30	2023-10-13 17:45:22.314586+05:30
pvma__01HCMFCXBWNQ8Y5PSZJM3C7QQX	ma_01HCMFCXBVGVVWD43T40BNJF12	variant_01HCMFCXBPR8NVZDB4ZMJJMKAY	\N	2023-10-13 17:45:22.314586+05:30	2023-10-13 17:45:22.314586+05:30
pvma__01HCMFCXBWR199EY3RQ402M2KA	ma_01HCMFCXBV59BM80WM88SG6XB5	variant_01HCMFCXBPR8NVZDB4ZMJJMKAY	\N	2023-10-13 17:45:22.314586+05:30	2023-10-13 17:45:22.314586+05:30
pvma__01HCMFCXCMZASWVFGDBH6X4WWC	ma_01HCMFCXCKEXP3Z9BYX6FQWWXV	variant_01HCMFCXCFAXCT8ATKK197DH6F	\N	2023-10-13 17:45:22.314586+05:30	2023-10-13 17:45:22.314586+05:30
pvma__01HCMFCXCNCGH8GS16ZW59JQV4	ma_01HCMFCXCK6CMF17DD7MDGHXQC	variant_01HCMFCXCFAXCT8ATKK197DH6F	\N	2023-10-13 17:45:22.314586+05:30	2023-10-13 17:45:22.314586+05:30
pvma__01HCMFCXDB1SQ09JDR3H1N118R	ma_01HCMFCXDAH850TH9NC8820F8W	variant_01HCMFCXD50H2V1P39T80SGE27	\N	2023-10-13 17:45:22.314586+05:30	2023-10-13 17:45:22.314586+05:30
pvma__01HCMFCXDB8K3CME9S0VTWCBT4	ma_01HCMFCXDAZFQJ66020T5AHJ6W	variant_01HCMFCXD50H2V1P39T80SGE27	\N	2023-10-13 17:45:22.314586+05:30	2023-10-13 17:45:22.314586+05:30
pvma__01HCMFCXE50KD3TA18A5RDED93	ma_01HCMFCXE4TSE1CJBD93WV8H64	variant_01HCMFCXDZP5Q33QVXR6QGV80B	\N	2023-10-13 17:45:22.314586+05:30	2023-10-13 17:45:22.314586+05:30
pvma__01HCMFCXE52727YCCCWSRFZM6D	ma_01HCMFCXE4H8P2XZSQJWSTRFHY	variant_01HCMFCXDZP5Q33QVXR6QGV80B	\N	2023-10-13 17:45:22.314586+05:30	2023-10-13 17:45:22.314586+05:30
pvma__01HCMFCXEQ7MSCFN5RATDD8412	ma_01HCMFCXEP95X6V229HTM0A7HA	variant_01HCMFCXEJ641A48P373XVRGBJ	\N	2023-10-13 17:45:22.314586+05:30	2023-10-13 17:45:22.314586+05:30
pvma__01HCMFCXEQ12B9MP8QCGEZAX79	ma_01HCMFCXEP57E0B9WZDY9VNK3F	variant_01HCMFCXEJ641A48P373XVRGBJ	\N	2023-10-13 17:45:22.314586+05:30	2023-10-13 17:45:22.314586+05:30
pvma__01HCMFCXFA82775Q7FYH8NM4BB	ma_01HCMFCXF92KC1SGRTG0V0T28E	variant_01HCMFCXF54PEKR0HG0FY0P7XG	\N	2023-10-13 17:45:22.314586+05:30	2023-10-13 17:45:22.314586+05:30
pvma__01HCMFCXFAYQ9XR4RP0MNX8KVD	ma_01HCMFCXF95RQTZTP182P0KEJG	variant_01HCMFCXF54PEKR0HG0FY0P7XG	\N	2023-10-13 17:45:22.314586+05:30	2023-10-13 17:45:22.314586+05:30
pvma__01HCMFCXFZAAXVVBBN7SBHE1KV	ma_01HCMFCXFYQK6TCPC45ZRA6841	variant_01HCMFCXFSSG8M094QC1J9TM2M	\N	2023-10-13 17:45:22.314586+05:30	2023-10-13 17:45:22.314586+05:30
pvma__01HCMFCXFZSEBFM8A9X5A8C76P	ma_01HCMFCXFY8FJSGB7NXFWZ6ZVR	variant_01HCMFCXFSSG8M094QC1J9TM2M	\N	2023-10-13 17:45:22.314586+05:30	2023-10-13 17:45:22.314586+05:30
pvma__01HCMFCXGN8DE8D5WK7ZXY1QBQ	ma_01HCMFCXGM3RPJ25TX1DYQW70Z	variant_01HCMFCXGEHEP32XMGQQ1JR4JQ	\N	2023-10-13 17:45:22.314586+05:30	2023-10-13 17:45:22.314586+05:30
pvma__01HCMFCXGNXQ2YER9HMFN7RYC7	ma_01HCMFCXGM8ARKXDQW3JCPAF2R	variant_01HCMFCXGEHEP32XMGQQ1JR4JQ	\N	2023-10-13 17:45:22.314586+05:30	2023-10-13 17:45:22.314586+05:30
pvma__01HCMFCXH01SDHADE5FT1DBPPN	ma_01HCMFCXGZPN08RM2T2YMF6V62	variant_01HCMFCXGVFDFR43SDXXVT2W3Q	\N	2023-10-13 17:45:22.314586+05:30	2023-10-13 17:45:22.314586+05:30
pvma__01HCMFCXH0NTW6JZDZ10DYT93D	ma_01HCMFCXGZG5AEPZDKXQC18N6W	variant_01HCMFCXGVFDFR43SDXXVT2W3Q	\N	2023-10-13 17:45:22.314586+05:30	2023-10-13 17:45:22.314586+05:30
pvma__01HCMFCXHRBC7J1ZY5FETQNT6G	ma_01HCMFCXHQMS1E44XHA9TV10Q8	variant_01HCMFCXHHFJCNM69KKZEFS5ZR	\N	2023-10-13 17:45:22.314586+05:30	2023-10-13 17:45:22.314586+05:30
pvma__01HCMFCXHRN4WFA63PN2NS7Y8P	ma_01HCMFCXHQDQV1BG6A6H9K331Z	variant_01HCMFCXHHFJCNM69KKZEFS5ZR	\N	2023-10-13 17:45:22.314586+05:30	2023-10-13 17:45:22.314586+05:30
pvma__01HCMFCXJ35ST0EAM1FR8CV99A	ma_01HCMFCXJ2BEG4VTTG6JZFQJSK	variant_01HCMFCXHYHVBKNV0C5ZCFZVKV	\N	2023-10-13 17:45:22.314586+05:30	2023-10-13 17:45:22.314586+05:30
pvma__01HCMFCXJ34DEGCAJJE936D8B7	ma_01HCMFCXJ3GW8BKMMERQGW5M14	variant_01HCMFCXHYHVBKNV0C5ZCFZVKV	\N	2023-10-13 17:45:22.314586+05:30	2023-10-13 17:45:22.314586+05:30
pvma__01HCMFCXJRRTR8B1MZ3Z9TJYJH	ma_01HCMFCXJRN7EHNW9VQGMZXCYR	variant_01HCMFCXJKQ1KRSA9ZZ0F7CZ65	\N	2023-10-13 17:45:22.314586+05:30	2023-10-13 17:45:22.314586+05:30
pvma__01HCMFCXJRRVM2T79PXR840GBQ	ma_01HCMFCXJRG6S9GS5P40ZN54M8	variant_01HCMFCXJKQ1KRSA9ZZ0F7CZ65	\N	2023-10-13 17:45:22.314586+05:30	2023-10-13 17:45:22.314586+05:30
pvma__01HCMFCXK3WYR9R2EDMP0B3AP0	ma_01HCMFCXK2VQ6ZAXFK3TTJJAY4	variant_01HCMFCXJY2EX4DXAXE1XD6FYR	\N	2023-10-13 17:45:22.314586+05:30	2023-10-13 17:45:22.314586+05:30
pvma__01HCMFCXK3NT52NJN3WM9PTQRS	ma_01HCMFCXK2APRF2FTYX5N2ZH9Z	variant_01HCMFCXJY2EX4DXAXE1XD6FYR	\N	2023-10-13 17:45:22.314586+05:30	2023-10-13 17:45:22.314586+05:30
pvma__01HCMFCXKDB53WVG88S7THCGAQ	ma_01HCMFCXKC54HXEPK9C573AYE2	variant_01HCMFCXK84473PX84K4YPD1K7	\N	2023-10-13 17:45:22.314586+05:30	2023-10-13 17:45:22.314586+05:30
pvma__01HCMFCXKDQ13E7FZZZW9J74KW	ma_01HCMFCXKC9MGJQXMS30WS2JA8	variant_01HCMFCXK84473PX84K4YPD1K7	\N	2023-10-13 17:45:22.314586+05:30	2023-10-13 17:45:22.314586+05:30
pvma__01HCMFCXKRX15E9AQDVNZEAQ2D	ma_01HCMFCXKQKCRFPYERAGJTXM69	variant_01HCMFCXKKVXQNAZ6XBPS3E8W7	\N	2023-10-13 17:45:22.314586+05:30	2023-10-13 17:45:22.314586+05:30
pvma__01HCMFCXKR3VG52WF94KG00XR0	ma_01HCMFCXKQT9NXVVYCJCYT3WF3	variant_01HCMFCXKKVXQNAZ6XBPS3E8W7	\N	2023-10-13 17:45:22.314586+05:30	2023-10-13 17:45:22.314586+05:30
pvma__01HCMFCXM38ZP1W4XZF1SDAHV2	ma_01HCMFCXM321ZN1KVNXR5EK4X3	variant_01HCMFCXKY309XBPRKDQAKQFAX	\N	2023-10-13 17:45:22.314586+05:30	2023-10-13 17:45:22.314586+05:30
pvma__01HCMFCXM3110NP0H8HMHJDV5W	ma_01HCMFCXM3FHANMXPXN6R9GYQX	variant_01HCMFCXKY309XBPRKDQAKQFAX	\N	2023-10-13 17:45:22.314586+05:30	2023-10-13 17:45:22.314586+05:30
pvma__01HCMFCXME1WSDZBCX683EYRQ5	ma_01HCMFCXMD8B1TKBC53M3S34F8	variant_01HCMFCXM9M87RX1C5GMMJJR58	\N	2023-10-13 17:45:22.314586+05:30	2023-10-13 17:45:22.314586+05:30
pvma__01HCMFCXMERQ6N1H7RX4W1S9M5	ma_01HCMFCXMDFRZ52F0X7G09JCMR	variant_01HCMFCXM9M87RX1C5GMMJJR58	\N	2023-10-13 17:45:22.314586+05:30	2023-10-13 17:45:22.314586+05:30
pvma__01HCMFCXMS15YB93GKGTXQ10KB	ma_01HCMFCXMRKKXWQ14C5VJ578WX	variant_01HCMFCXMM4ZFBJMFW1ZYBF8GQ	\N	2023-10-13 17:45:22.314586+05:30	2023-10-13 17:45:22.314586+05:30
pvma__01HCMFCXMSMZQT3405Y89TVGZE	ma_01HCMFCXMR0WCPJJECFEEN89JH	variant_01HCMFCXMM4ZFBJMFW1ZYBF8GQ	\N	2023-10-13 17:45:22.314586+05:30	2023-10-13 17:45:22.314586+05:30
pvma__01HCMFCXNDFHQPZ7B0Q6WAA4TM	ma_01HCMFCXNC6JKZBG87RTSNDQFP	variant_01HCMFCXN8DHSW9WXW3DG2ENG3	\N	2023-10-13 17:45:22.314586+05:30	2023-10-13 17:45:22.314586+05:30
pvma__01HCMFCXNDCP7W0F28N0JYKDG7	ma_01HCMFCXNC1FYJY08GEHGE00VK	variant_01HCMFCXN8DHSW9WXW3DG2ENG3	\N	2023-10-13 17:45:22.314586+05:30	2023-10-13 17:45:22.314586+05:30
pvma__01HCMFCXNNQHPRY7Z18EH1EKZ7	ma_01HCMFCXNMMMZQER3GDW4C9TQ2	variant_01HCMFCXNGRT15HSPMW9BV7PT5	\N	2023-10-13 17:45:22.314586+05:30	2023-10-13 17:45:22.314586+05:30
pvma__01HCMFCXNNV1DMMWBGC3J33BTC	ma_01HCMFCXNNDN4QS6CV3B9XM0V5	variant_01HCMFCXNGRT15HSPMW9BV7PT5	\N	2023-10-13 17:45:22.314586+05:30	2023-10-13 17:45:22.314586+05:30
pvma__01HCMFCXNZ1N7K2G5GNCTNDG1T	ma_01HCMFCXNY5GJ73ZS7D542Q069	variant_01HCMFCXNTDM305FGDW8MDXAJD	\N	2023-10-13 17:45:22.314586+05:30	2023-10-13 17:45:22.314586+05:30
pvma__01HCMFCXNZSS7V39ZATC0PP8Q6	ma_01HCMFCXNYRGXMXTJZ0QVREDMF	variant_01HCMFCXNTDM305FGDW8MDXAJD	\N	2023-10-13 17:45:22.314586+05:30	2023-10-13 17:45:22.314586+05:30
pvma__01HCMFCXP963X79ZNPTZKY6XBA	ma_01HCMFCXP8Z9YNS46H80SKY85B	variant_01HCMFCXP44H7SZ04DBHYZ6DT9	\N	2023-10-13 17:45:22.314586+05:30	2023-10-13 17:45:22.314586+05:30
pvma__01HCMFCXP9ZS2GKTEV3QXH8ADZ	ma_01HCMFCXP80YNND2VQX8NK06D4	variant_01HCMFCXP44H7SZ04DBHYZ6DT9	\N	2023-10-13 17:45:22.314586+05:30	2023-10-13 17:45:22.314586+05:30
pvma__01HCMFCXPKESP7A5Q1ZPKGM4GC	ma_01HCMFCXPJ95TPKWZEQ0FXC70Q	variant_01HCMFCXPE4HM7FAVQNJ4YHZ5C	\N	2023-10-13 17:45:22.314586+05:30	2023-10-13 17:45:22.314586+05:30
pvma__01HCMFCXPK2GMYQ3H1G5Q4K4VV	ma_01HCMFCXPJ16BER3VKAJQ4S00Z	variant_01HCMFCXPE4HM7FAVQNJ4YHZ5C	\N	2023-10-13 17:45:22.314586+05:30	2023-10-13 17:45:22.314586+05:30
pvma__01HCMFCXPXNDV9HPMNJ2CVYSH8	ma_01HCMFCXPW5HS0BZ47RZ0SHMGC	variant_01HCMFCXPRNS3QNK4N7ZQ7NJ8S	\N	2023-10-13 17:45:22.314586+05:30	2023-10-13 17:45:22.314586+05:30
pvma__01HCMFCXPX5K0R6BB50DB6AAVA	ma_01HCMFCXPWP0BDRW33RWY2K7PQ	variant_01HCMFCXPRNS3QNK4N7ZQ7NJ8S	\N	2023-10-13 17:45:22.314586+05:30	2023-10-13 17:45:22.314586+05:30
pvma__01HCMFCXQ85FRG79F8EEP86PSN	ma_01HCMFCXQ7XVR5P3QD2C4APZSP	variant_01HCMFCXQ3NHJSD1SKD020F6RY	\N	2023-10-13 17:45:22.314586+05:30	2023-10-13 17:45:22.314586+05:30
pvma__01HCMFCXQ89VYR3HQ5MPR8V1N0	ma_01HCMFCXQ7FSH7T189KXEK6ZFC	variant_01HCMFCXQ3NHJSD1SKD020F6RY	\N	2023-10-13 17:45:22.314586+05:30	2023-10-13 17:45:22.314586+05:30
pvma__01HCMFCXQS388RY9V820H9PFHR	ma_01HCMFCXQRBPCWFHQ1B5WE83K7	variant_01HCMFCXQM4N9RCYADTGH9AKH7	\N	2023-10-13 17:45:22.314586+05:30	2023-10-13 17:45:22.314586+05:30
pvma__01HCMFCXQSBMG5BMZM5V1W5YCY	ma_01HCMFCXQR0N3R3GA9R2G32GEC	variant_01HCMFCXQM4N9RCYADTGH9AKH7	\N	2023-10-13 17:45:22.314586+05:30	2023-10-13 17:45:22.314586+05:30
pvma__01HCMFCXR7PGBYGPZMR3YCF77A	ma_01HCMFCXR6GRD0Q3QH3YQVR51D	variant_01HCMFCXR3JVAC1ZQ40XKM7WNT	\N	2023-10-13 17:45:22.314586+05:30	2023-10-13 17:45:22.314586+05:30
pvma__01HCMFCXR7YMQBBM5QE0GE4G2Q	ma_01HCMFCXR68JN1S8VAYMNH92F2	variant_01HCMFCXR3JVAC1ZQ40XKM7WNT	\N	2023-10-13 17:45:22.314586+05:30	2023-10-13 17:45:22.314586+05:30
pvma__01HCMFCXRQYYDZ0QBTNK2A9YT0	ma_01HCMFCXRQ6DFCFWPXHQDAQGP1	variant_01HCMFCXRJNNF2308R4ADG6C8V	\N	2023-10-13 17:45:22.314586+05:30	2023-10-13 17:45:22.314586+05:30
pvma__01HCMFCXRQXMP2ENP5Y5BEH66B	ma_01HCMFCXRQY7M2QRD0HT6DCYN1	variant_01HCMFCXRJNNF2308R4ADG6C8V	\N	2023-10-13 17:45:22.314586+05:30	2023-10-13 17:45:22.314586+05:30
pvma__01HCMFCXS8DPZ0XX4YAXNP89X1	ma_01HCMFCXS7K4FHTXWTC7RYM06R	variant_01HCMFCXS3R0FF5EX750XAMT4N	\N	2023-10-13 17:45:22.314586+05:30	2023-10-13 17:45:22.314586+05:30
pvma__01HCMFCXS8F1MC57J2MN2TZ9W2	ma_01HCMFCXS72W0RMPDX1382XPR7	variant_01HCMFCXS3R0FF5EX750XAMT4N	\N	2023-10-13 17:45:22.314586+05:30	2023-10-13 17:45:22.314586+05:30
pvma__01HCMFCXSTQHFB683RQEFQZ4HB	ma_01HCMFCXSS311S01THQTJNRWWV	variant_01HCMFCXSNW3TWDTXKQ40MHJPN	\N	2023-10-13 17:45:22.314586+05:30	2023-10-13 17:45:22.314586+05:30
pvma__01HCMFCXSTYCA0NXMGJEYHMWCK	ma_01HCMFCXSS13Q5NBYRN0PG27T7	variant_01HCMFCXSNW3TWDTXKQ40MHJPN	\N	2023-10-13 17:45:22.314586+05:30	2023-10-13 17:45:22.314586+05:30
pvma__01HCMFCXTDT4TG55GK26RAH1V8	ma_01HCMFCXTDXQD2ZJGEYHGJ6T5Y	variant_01HCMFCXT8S1W8BJP3V302QCTD	\N	2023-10-13 17:45:22.314586+05:30	2023-10-13 17:45:22.314586+05:30
pvma__01HCMFCXTE5J4T6WDC79V72QS3	ma_01HCMFCXTDADAES7TR62QE0W4R	variant_01HCMFCXT8S1W8BJP3V302QCTD	\N	2023-10-13 17:45:22.314586+05:30	2023-10-13 17:45:22.314586+05:30
pvma__01HCMFCXTQRWPTCHR1W037NSRG	ma_01HCMFCXTPXHTX9KH201DCZ7JN	variant_01HCMFCXTJC4K4Q24R1CB7TNJS	\N	2023-10-13 17:45:22.314586+05:30	2023-10-13 17:45:22.314586+05:30
pvma__01HCMFCXTQDMXN7EQY9DWWF5Y8	ma_01HCMFCXTPM10A7HA80Z3C1P2Y	variant_01HCMFCXTJC4K4Q24R1CB7TNJS	\N	2023-10-13 17:45:22.314586+05:30	2023-10-13 17:45:22.314586+05:30
pvma__01HCMFCXV11TDQ84G38JJTMCKJ	ma_01HCMFCXV0V1XQ4D1JF8Z8C3SG	variant_01HCMFCXTWEQ0624J4358V148E	\N	2023-10-13 17:45:22.314586+05:30	2023-10-13 17:45:22.314586+05:30
pvma__01HCMFCXV1WEP91FSTAG26C40X	ma_01HCMFCXV0X5S432JQNG5378WY	variant_01HCMFCXTWEQ0624J4358V148E	\N	2023-10-13 17:45:22.314586+05:30	2023-10-13 17:45:22.314586+05:30
pvma__01HCMFCXVKEY8AK58HTWJ0QAFW	ma_01HCMFCXVK191G131Y14RPYJ9V	variant_01HCMFCXVFFWGY83BQ3KE4GW01	\N	2023-10-13 17:45:22.314586+05:30	2023-10-13 17:45:22.314586+05:30
pvma__01HCMFCXVK26X7E9QHJWMS9NV1	ma_01HCMFCXVKKWFSKBZZ1QD6A7B0	variant_01HCMFCXVFFWGY83BQ3KE4GW01	\N	2023-10-13 17:45:22.314586+05:30	2023-10-13 17:45:22.314586+05:30
pvma__01HCMFCXVXJ1BG75E64H0G473S	ma_01HCMFCXVWWA56YSAPKW741Q27	variant_01HCMFCXVRPJKN40PBFHTD24JX	\N	2023-10-13 17:45:22.314586+05:30	2023-10-13 17:45:22.314586+05:30
pvma__01HCMFCXVXHKVEXYN90VWZK8MZ	ma_01HCMFCXVWM2WQV6DCT3TMBS1H	variant_01HCMFCXVRPJKN40PBFHTD24JX	\N	2023-10-13 17:45:22.314586+05:30	2023-10-13 17:45:22.314586+05:30
pvma__01HCMFCXW65PR21N20HH3NV7JJ	ma_01HCMFCXW66SSA201W3ZCATQP9	variant_01HCMFCXW2TG2KB744JSWHZAJA	\N	2023-10-13 17:45:22.314586+05:30	2023-10-13 17:45:22.314586+05:30
pvma__01HCMFCXW6G00QMMJHBBW6SHJ5	ma_01HCMFCXW6NRT8T52AC5EQ153B	variant_01HCMFCXW2TG2KB744JSWHZAJA	\N	2023-10-13 17:45:22.314586+05:30	2023-10-13 17:45:22.314586+05:30
pvma__01HCMFCXWQS94NMGWKK8BWF9G9	ma_01HCMFCXWQN1AJMRCBC8420FE5	variant_01HCMFCXWKVH4NTEDMFRJBBF28	\N	2023-10-13 17:45:22.314586+05:30	2023-10-13 17:45:22.314586+05:30
pvma__01HCMFCXWQFSNAHTJ0WKTYVRMW	ma_01HCMFCXWQ2ZFPXKH5QJMXD7RR	variant_01HCMFCXWKVH4NTEDMFRJBBF28	\N	2023-10-13 17:45:22.314586+05:30	2023-10-13 17:45:22.314586+05:30
pvma__01HCMFCXX80PK5HSS9SAXP0BJK	ma_01HCMFCXX7S25KS5RS4X06FBYD	variant_01HCMFCXX3R42EB7NV9V6T64AQ	\N	2023-10-13 17:45:22.314586+05:30	2023-10-13 17:45:22.314586+05:30
pvma__01HCMFCXX8M7CJ2NSZTZ04TV75	ma_01HCMFCXX79XSNPW2EM8D5BFYH	variant_01HCMFCXX3R42EB7NV9V6T64AQ	\N	2023-10-13 17:45:22.314586+05:30	2023-10-13 17:45:22.314586+05:30
pvma__01HCMFCXXRMARYNQACWSNQ0SS2	ma_01HCMFCXXR13MC56PSV2YQEXJX	variant_01HCMFCXXM34EMNGF7FBP2TM01	\N	2023-10-13 17:45:22.314586+05:30	2023-10-13 17:45:22.314586+05:30
pvma__01HCMFCXXRTDV8C81BMNTD2T4E	ma_01HCMFCXXR8D8CFNJVF2C1Z556	variant_01HCMFCXXM34EMNGF7FBP2TM01	\N	2023-10-13 17:45:22.314586+05:30	2023-10-13 17:45:22.314586+05:30
pvma__01HCMFCXYA0X5GKGX2PXA41MJT	ma_01HCMFCXYARQ170G45YAAMKF5M	variant_01HCMFCXY5550EF0ATSTRAA715	\N	2023-10-13 17:45:22.314586+05:30	2023-10-13 17:45:22.314586+05:30
pvma__01HCMFCXYADZKRP6ZZF4YCD47B	ma_01HCMFCXYA4CW63KZZE1DQTYH5	variant_01HCMFCXY5550EF0ATSTRAA715	\N	2023-10-13 17:45:22.314586+05:30	2023-10-13 17:45:22.314586+05:30
pvma__01HCMFCXYWYDCNB2S61C8P4YNG	ma_01HCMFCXYVEG6082FXYXFJ1D2V	variant_01HCMFCXYQ7P054Q51HZY55MPY	\N	2023-10-13 17:45:22.314586+05:30	2023-10-13 17:45:22.314586+05:30
pvma__01HCMFCXYWWAFVK5WFXNK2ZTB0	ma_01HCMFCXYV6DZANDH4F0SP9Z9R	variant_01HCMFCXYQ7P054Q51HZY55MPY	\N	2023-10-13 17:45:22.314586+05:30	2023-10-13 17:45:22.314586+05:30
pvma__01HCMFCXZF21P2RV6PHRM8BDGR	ma_01HCMFCXZEX4H871Z8PERK8VBN	variant_01HCMFCXZ7GH891G4CVS16HZVH	\N	2023-10-13 17:45:22.314586+05:30	2023-10-13 17:45:22.314586+05:30
pvma__01HCMFCXZFWD1P55KWJ2REFRWD	ma_01HCMFCXZE9Z9BP8XC8MG9G0HX	variant_01HCMFCXZ7GH891G4CVS16HZVH	\N	2023-10-13 17:45:22.314586+05:30	2023-10-13 17:45:22.314586+05:30
pvma__01HCMFCXZYM2B8BAT5CR1C0MBM	ma_01HCMFCXZX91NR5GKZ86E1MBX8	variant_01HCMFCXZTPW82HCHBB0D9QQ31	\N	2023-10-13 17:45:22.314586+05:30	2023-10-13 17:45:22.314586+05:30
pvma__01HCMFCXZYT2P1VZHBK01CX8GC	ma_01HCMFCXZXVSZ8M6C807427RD7	variant_01HCMFCXZTPW82HCHBB0D9QQ31	\N	2023-10-13 17:45:22.314586+05:30	2023-10-13 17:45:22.314586+05:30
pvma__01HCMFCY0DW0CA1KE5G6YYX1Y9	ma_01HCMFCY0CG1QFV56TM9RTMYEQ	variant_01HCMFCY09R18WE53KZM163P9C	\N	2023-10-13 17:45:22.314586+05:30	2023-10-13 17:45:22.314586+05:30
pvma__01HCMFCY0DB44DACZBHRSM8DF4	ma_01HCMFCY0CPFGFTFWQT6Y4PR3F	variant_01HCMFCY09R18WE53KZM163P9C	\N	2023-10-13 17:45:22.314586+05:30	2023-10-13 17:45:22.314586+05:30
pvma__01HCMFCY10M8Q23V622PBE4C58	ma_01HCMFCY0ZN8MXA4QZFW17QF95	variant_01HCMFCY0PBZ2TMC3SCZRGTV21	\N	2023-10-13 17:45:22.314586+05:30	2023-10-13 17:45:22.314586+05:30
pvma__01HCMFCY10Q7C73EGGARE97BHW	ma_01HCMFCY0Z2PV8B1E44PCAVYZN	variant_01HCMFCY0PBZ2TMC3SCZRGTV21	\N	2023-10-13 17:45:22.314586+05:30	2023-10-13 17:45:22.314586+05:30
pvma__01HCMFCY1E1THFG3Z1H5GMYHDK	ma_01HCMFCY1DJ67Q4071Q5VAKRMN	variant_01HCMFCY1AMFNFTSMER1FCFH6T	\N	2023-10-13 17:45:22.314586+05:30	2023-10-13 17:45:22.314586+05:30
pvma__01HCMFCY1EQX39Y2EFVPDTWX0H	ma_01HCMFCY1DM9GCMYJ74CQ9BYZF	variant_01HCMFCY1AMFNFTSMER1FCFH6T	\N	2023-10-13 17:45:22.314586+05:30	2023-10-13 17:45:22.314586+05:30
pvma__01HCMFCY20Q498HAXGY34Z9MFF	ma_01HCMFCY1ZWK38RRN95BVXGS97	variant_01HCMFCY1VCZAJ7X8F8WVMFBP6	\N	2023-10-13 17:45:22.314586+05:30	2023-10-13 17:45:22.314586+05:30
pvma__01HCMFCY20MHJKK144K7KYQKCV	ma_01HCMFCY1ZY121NXJV4RR40Z5G	variant_01HCMFCY1VCZAJ7X8F8WVMFBP6	\N	2023-10-13 17:45:22.314586+05:30	2023-10-13 17:45:22.314586+05:30
pvma__01HCMFCY2FV3Y85MT6S3YGME1M	ma_01HCMFCY2FYVTQFZV5KEYX39CV	variant_01HCMFCY2CZQY24WYN0VKXY2FV	\N	2023-10-13 17:45:22.314586+05:30	2023-10-13 17:45:22.314586+05:30
pvma__01HCMFCY2F6M1BG3463B52GMZ6	ma_01HCMFCY2F0886XFC9J4P0SP6Q	variant_01HCMFCY2CZQY24WYN0VKXY2FV	\N	2023-10-13 17:45:22.314586+05:30	2023-10-13 17:45:22.314586+05:30
pvma__01HCMFCY424HKPZ7X45QC4V376	ma_01HCMFCY41V1F77WCTQQ9P6ASE	variant_01HCMFCY3Y118PR9CGACT668CF	\N	2023-10-13 17:45:22.314586+05:30	2023-10-13 17:45:22.314586+05:30
pvma__01HCMFCY428QTMW5QT5DP91D4E	ma_01HCMFCY412WP049RSHA908RQR	variant_01HCMFCY3Y118PR9CGACT668CF	\N	2023-10-13 17:45:22.314586+05:30	2023-10-13 17:45:22.314586+05:30
pvma__01HCMFCY4J927BNK2NG5S9A0NB	ma_01HCMFCY4H86GYE9MY2WEY258K	variant_01HCMFCY4D31N3CEAYBC0WE1WM	\N	2023-10-13 17:45:22.314586+05:30	2023-10-13 17:45:22.314586+05:30
pvma__01HCMFCY4JQ4ZDZSDHTYXC23V3	ma_01HCMFCY4HDMEN2MZ3YKZDA30V	variant_01HCMFCY4D31N3CEAYBC0WE1WM	\N	2023-10-13 17:45:22.314586+05:30	2023-10-13 17:45:22.314586+05:30
pvma__01HCMFCY535PBS5TJ608RD3YDW	ma_01HCMFCY5253Y5EV0TW524ARW2	variant_01HCMFCY4ZE0CY7KWS4RGECDJW	\N	2023-10-13 17:45:22.314586+05:30	2023-10-13 17:45:22.314586+05:30
pvma__01HCMFCY539N9CG7GYW4R4HDTS	ma_01HCMFCY52W6SW7PYSV45ZKNN1	variant_01HCMFCY4ZE0CY7KWS4RGECDJW	\N	2023-10-13 17:45:22.314586+05:30	2023-10-13 17:45:22.314586+05:30
pvma__01HCMFCY5P04KY03MWAT1KQZ2P	ma_01HCMFCY5N2D96JBSW055NYCD4	variant_01HCMFCY5HA5PNZM9TS1X77390	\N	2023-10-13 17:45:22.314586+05:30	2023-10-13 17:45:22.314586+05:30
pvma__01HCMFCY5P051PYDH84DWYYEM0	ma_01HCMFCY5NCGEQZQBQ1DRP8EBS	variant_01HCMFCY5HA5PNZM9TS1X77390	\N	2023-10-13 17:45:22.314586+05:30	2023-10-13 17:45:22.314586+05:30
pvma__01HCMFCY6GWF2J9M4G47RRADPR	ma_01HCMFCY6FVYVQ7PQBT9KK2786	variant_01HCMFCY61RV8RTJ9WZBY8MS86	\N	2023-10-13 17:45:22.314586+05:30	2023-10-13 17:45:22.314586+05:30
pvma__01HCMFCY6G949HMJ8A1X2AKX0Z	ma_01HCMFCY6FSBF4J3VGVS31MFJX	variant_01HCMFCY61RV8RTJ9WZBY8MS86	\N	2023-10-13 17:45:22.314586+05:30	2023-10-13 17:45:22.314586+05:30
pvma__01HCMFCY7095BTF7KFN8200THM	ma_01HCMFCY6ZT69JAEZAX17SKDC2	variant_01HCMFCY6WC63GZRHF8K02RY7V	\N	2023-10-13 17:45:22.314586+05:30	2023-10-13 17:45:22.314586+05:30
pvma__01HCMFCY709CCWF4SZ7XQF48MN	ma_01HCMFCY6ZECE9C9TGJYFJ8PME	variant_01HCMFCY6WC63GZRHF8K02RY7V	\N	2023-10-13 17:45:22.314586+05:30	2023-10-13 17:45:22.314586+05:30
pvma__01HCMFCY7G39ZVNS9EDQYKCYQA	ma_01HCMFCY7GXA88AQBRKV51QVM8	variant_01HCMFCY7C5S9CH80STJRHJBW0	\N	2023-10-13 17:45:22.314586+05:30	2023-10-13 17:45:22.314586+05:30
pvma__01HCMFCY7GCDSVCCX2SQKM3B4T	ma_01HCMFCY7G123NSJ8P79NSMNP5	variant_01HCMFCY7C5S9CH80STJRHJBW0	\N	2023-10-13 17:45:22.314586+05:30	2023-10-13 17:45:22.314586+05:30
pvma__01HCMFCY7ZR57SRX49QKBH2Y42	ma_01HCMFCY7ZZ8NS6V1PM09QA0FA	variant_01HCMFCY7WSK4P6GNH2S4YBA5Z	\N	2023-10-13 17:45:22.314586+05:30	2023-10-13 17:45:22.314586+05:30
pvma__01HCMFCY7ZY90FRVJE8T7T4RR7	ma_01HCMFCY7ZSQAHG4GVV9DE6B9M	variant_01HCMFCY7WSK4P6GNH2S4YBA5Z	\N	2023-10-13 17:45:22.314586+05:30	2023-10-13 17:45:22.314586+05:30
pvma__01HCMFCY8E0XJFNCWVB1A6EXAP	ma_01HCMFCY8DQXQ4TXTMGV31M2A4	variant_01HCMFCY8AADB594K5KSBTZWCX	\N	2023-10-13 17:45:22.314586+05:30	2023-10-13 17:45:22.314586+05:30
pvma__01HCMFCY8EATHHG576X519S2BS	ma_01HCMFCY8D2G2SP1AYA0R1C3DC	variant_01HCMFCY8AADB594K5KSBTZWCX	\N	2023-10-13 17:45:22.314586+05:30	2023-10-13 17:45:22.314586+05:30
pvma__01HCMFCY8YRBSMM2G7Y0K0HHDZ	ma_01HCMFCY8Y6EVKQDBPAPY03Y1M	variant_01HCMFCY8SAJ2A2C3CPQFVTQMS	\N	2023-10-13 17:45:22.314586+05:30	2023-10-13 17:45:22.314586+05:30
pvma__01HCMFCY8YQV3T2NVYPBXJ42QV	ma_01HCMFCY8YCH2P69R40P5GWMG2	variant_01HCMFCY8SAJ2A2C3CPQFVTQMS	\N	2023-10-13 17:45:22.314586+05:30	2023-10-13 17:45:22.314586+05:30
pvma__01HCMFCY9DESHVTYE74JPY4SS4	ma_01HCMFCY9CZEHCQERYYHZJR5EM	variant_01HCMFCY99QTBERF2NF1GJX4HG	\N	2023-10-13 17:45:22.314586+05:30	2023-10-13 17:45:22.314586+05:30
pvma__01HCMFCY9D8F6Y25604FGAS98B	ma_01HCMFCY9CHJ5YR6B21EZ9D9DW	variant_01HCMFCY99QTBERF2NF1GJX4HG	\N	2023-10-13 17:45:22.314586+05:30	2023-10-13 17:45:22.314586+05:30
pvma__01HCMFCY9WBQK8PJ0PR55B0Q59	ma_01HCMFCY9V1BR6W0BMDN86AWRF	variant_01HCMFCY9RKAMN5NHZJFPEW0E5	\N	2023-10-13 17:45:22.314586+05:30	2023-10-13 17:45:22.314586+05:30
pvma__01HCMFCY9WP776JPDSKBS6YBNE	ma_01HCMFCY9VPPXX0GN7FVQ8VNF6	variant_01HCMFCY9RKAMN5NHZJFPEW0E5	\N	2023-10-13 17:45:22.314586+05:30	2023-10-13 17:45:22.314586+05:30
pvma__01HCMFCYABCXM4G85J230A8WKR	ma_01HCMFCYABBW7EPMEEHT7V8DHN	variant_01HCMFCYA6D14A4E8K81QBAZN8	\N	2023-10-13 17:45:22.314586+05:30	2023-10-13 17:45:22.314586+05:30
pvma__01HCMFCYABP9P942PQWEYRE3ZW	ma_01HCMFCYABES335ZW2VVQW8C4M	variant_01HCMFCYA6D14A4E8K81QBAZN8	\N	2023-10-13 17:45:22.314586+05:30	2023-10-13 17:45:22.314586+05:30
pvma__01HCMFCYAS9FX4Q6ZDWJ541FGG	ma_01HCMFCYASBDDZYJ036YJ51DDF	variant_01HCMFCYAP9C55PSNGQFVATDE6	\N	2023-10-13 17:45:22.314586+05:30	2023-10-13 17:45:22.314586+05:30
pvma__01HCMFCYASQM5JV0H5WGTWNG4E	ma_01HCMFCYAS909V6JV9B87VHSDN	variant_01HCMFCYAP9C55PSNGQFVATDE6	\N	2023-10-13 17:45:22.314586+05:30	2023-10-13 17:45:22.314586+05:30
pvma__01HCMFCYB70NAPSJZ3TTEKA92T	ma_01HCMFCYB78GZPX6WGZ1S07RT7	variant_01HCMFCYB34K6TGY4V3T1624K9	\N	2023-10-13 17:45:22.314586+05:30	2023-10-13 17:45:22.314586+05:30
pvma__01HCMFCYB7MTS7QH6WCZFBN9SC	ma_01HCMFCYB7CFCV4EQE3MGHYA3V	variant_01HCMFCYB34K6TGY4V3T1624K9	\N	2023-10-13 17:45:22.314586+05:30	2023-10-13 17:45:22.314586+05:30
pvma__01HCMFCYBKAAWC6C07359AXWF1	ma_01HCMFCYBKSATGA0WTDDA9R8V7	variant_01HCMFCYBFVPYAMVE02E9XWS50	\N	2023-10-13 17:45:22.314586+05:30	2023-10-13 17:45:22.314586+05:30
pvma__01HCMFCYBK5Q05YJCE9DVEAXD4	ma_01HCMFCYBKKWNCHFXSK8F4BAVW	variant_01HCMFCYBFVPYAMVE02E9XWS50	\N	2023-10-13 17:45:22.314586+05:30	2023-10-13 17:45:22.314586+05:30
pvma__01HCMFCYC3BA5PFK2ZR0R0JJ8D	ma_01HCMFCYC2GQRKMQ3YJ8583749	variant_01HCMFCYBY00JFV6AJ6FCD5RTW	\N	2023-10-13 17:45:22.314586+05:30	2023-10-13 17:45:22.314586+05:30
pvma__01HCMFCYC3DWSKS9C7GZ1B3Z3W	ma_01HCMFCYC22Y2V6CTRWR8NW5NB	variant_01HCMFCYBY00JFV6AJ6FCD5RTW	\N	2023-10-13 17:45:22.314586+05:30	2023-10-13 17:45:22.314586+05:30
pvma__01HCMFCYCM7BXGEGERDJZSDDD3	ma_01HCMFCYCKESBA7YVKSKS4CNQN	variant_01HCMFCYCFNT079T53Q9SBXXQR	\N	2023-10-13 17:45:22.314586+05:30	2023-10-13 17:45:22.314586+05:30
pvma__01HCMFCYCMV3XQCJJKEJH1HQY3	ma_01HCMFCYCK5BQEX4XBE23GZB66	variant_01HCMFCYCFNT079T53Q9SBXXQR	\N	2023-10-13 17:45:22.314586+05:30	2023-10-13 17:45:22.314586+05:30
pvma__01HCMFCYD47AC991DZ0BVBKKZ9	ma_01HCMFCYD3M8DAJR1KGT5JW5KC	variant_01HCMFCYCZ13CPVRGJ3GZ2N91V	\N	2023-10-13 17:45:22.314586+05:30	2023-10-13 17:45:22.314586+05:30
pvma__01HCMFCYD4N6M1WYEZBQHKJ1FA	ma_01HCMFCYD3TM91J9N7V1DGMSAJ	variant_01HCMFCYCZ13CPVRGJ3GZ2N91V	\N	2023-10-13 17:45:22.314586+05:30	2023-10-13 17:45:22.314586+05:30
\.


--
-- Data for Name: publishable_api_key; Type: TABLE DATA; Schema: public; Owner: mukesh
--

COPY public.publishable_api_key (id, created_at, updated_at, created_by, revoked_by, revoked_at, title) FROM stdin;
\.


--
-- Data for Name: publishable_api_key_sales_channel; Type: TABLE DATA; Schema: public; Owner: mukesh
--

COPY public.publishable_api_key_sales_channel (sales_channel_id, publishable_key_id) FROM stdin;
\.


--
-- Data for Name: refund; Type: TABLE DATA; Schema: public; Owner: mukesh
--

COPY public.refund (id, order_id, amount, note, reason, created_at, updated_at, metadata, idempotency_key, payment_id) FROM stdin;
\.


--
-- Data for Name: region; Type: TABLE DATA; Schema: public; Owner: mukesh
--

COPY public.region (id, name, currency_code, tax_rate, tax_code, created_at, updated_at, deleted_at, metadata, gift_cards_taxable, automatic_taxes, tax_provider_id) FROM stdin;
reg_01HCMFCX7ZJJPJWH7ER0PPW6VR	INR	inr	0	\N	2023-10-13 17:45:22.314586+05:30	2023-10-13 17:45:22.314586+05:30	\N	\N	t	t	\N
\.


--
-- Data for Name: region_fulfillment_providers; Type: TABLE DATA; Schema: public; Owner: mukesh
--

COPY public.region_fulfillment_providers (region_id, provider_id) FROM stdin;
reg_01HCMFCX7ZJJPJWH7ER0PPW6VR	manual
\.


--
-- Data for Name: region_payment_providers; Type: TABLE DATA; Schema: public; Owner: mukesh
--

COPY public.region_payment_providers (region_id, provider_id) FROM stdin;
reg_01HCMFCX7ZJJPJWH7ER0PPW6VR	manual
\.


--
-- Data for Name: return; Type: TABLE DATA; Schema: public; Owner: mukesh
--

COPY public.return (id, status, swap_id, order_id, shipping_data, refund_amount, received_at, created_at, updated_at, metadata, idempotency_key, claim_order_id, no_notification, location_id) FROM stdin;
\.


--
-- Data for Name: return_item; Type: TABLE DATA; Schema: public; Owner: mukesh
--

COPY public.return_item (return_id, item_id, quantity, is_requested, requested_quantity, received_quantity, metadata, reason_id, note) FROM stdin;
\.


--
-- Data for Name: return_reason; Type: TABLE DATA; Schema: public; Owner: mukesh
--

COPY public.return_reason (id, value, label, description, created_at, updated_at, deleted_at, metadata, parent_return_reason_id) FROM stdin;
\.


--
-- Data for Name: sales_channel; Type: TABLE DATA; Schema: public; Owner: mukesh
--

COPY public.sales_channel (id, created_at, updated_at, deleted_at, name, description, is_disabled, metadata) FROM stdin;
sc_01HCMFCX4XRKVB60GPNP2R3M5X	2023-10-13 17:45:22.080669+05:30	2023-10-13 17:45:22.080669+05:30	\N	Default Sales Channel	Created by Medusa	f	\N
\.


--
-- Data for Name: sales_channel_location; Type: TABLE DATA; Schema: public; Owner: mukesh
--

COPY public.sales_channel_location (id, created_at, updated_at, sales_channel_id, location_id, deleted_at) FROM stdin;
\.


--
-- Data for Name: shipping_method; Type: TABLE DATA; Schema: public; Owner: mukesh
--

COPY public.shipping_method (id, shipping_option_id, order_id, cart_id, swap_id, return_id, price, data, claim_order_id) FROM stdin;
\.


--
-- Data for Name: shipping_method_tax_line; Type: TABLE DATA; Schema: public; Owner: mukesh
--

COPY public.shipping_method_tax_line (id, rate, name, code, created_at, updated_at, metadata, shipping_method_id) FROM stdin;
\.


--
-- Data for Name: shipping_option; Type: TABLE DATA; Schema: public; Owner: mukesh
--

COPY public.shipping_option (id, name, region_id, profile_id, provider_id, price_type, amount, is_return, data, created_at, updated_at, deleted_at, metadata, admin_only) FROM stdin;
so_01HCMFCX8ANAJ4N8S2GHV0BZWB	PostFake Standard	reg_01HCMFCX7ZJJPJWH7ER0PPW6VR	sp_01HCMFCX3TXJ3P311DK4AY5SSD	manual	flat_rate	1000	f	{"id": "manual-fulfillment"}	2023-10-13 17:45:22.314586+05:30	2023-10-13 17:45:22.314586+05:30	\N	\N	f
so_01HCMFCX8GX255D4TVSETKTEF6	PostFake Express	reg_01HCMFCX7ZJJPJWH7ER0PPW6VR	sp_01HCMFCX3TXJ3P311DK4AY5SSD	manual	flat_rate	1500	f	{"id": "manual-fulfillment"}	2023-10-13 17:45:22.314586+05:30	2023-10-13 17:45:22.314586+05:30	\N	\N	f
so_01HCMFCX8K41QZGR9T8AHJ64KJ	PostFake Return	reg_01HCMFCX7ZJJPJWH7ER0PPW6VR	sp_01HCMFCX3TXJ3P311DK4AY5SSD	manual	flat_rate	1000	t	{"id": "manual-fulfillment"}	2023-10-13 17:45:22.314586+05:30	2023-10-13 17:45:22.314586+05:30	\N	\N	f
so_01HCMFCX8NFTZE448CESM42BZJ	I want to return it myself	reg_01HCMFCX7ZJJPJWH7ER0PPW6VR	sp_01HCMFCX3TXJ3P311DK4AY5SSD	manual	flat_rate	0	t	{"id": "manual-fulfillment"}	2023-10-13 17:45:22.314586+05:30	2023-10-13 17:45:22.314586+05:30	\N	\N	f
\.


--
-- Data for Name: shipping_option_requirement; Type: TABLE DATA; Schema: public; Owner: mukesh
--

COPY public.shipping_option_requirement (id, shipping_option_id, type, amount, deleted_at) FROM stdin;
\.


--
-- Data for Name: shipping_profile; Type: TABLE DATA; Schema: public; Owner: mukesh
--

COPY public.shipping_profile (id, name, type, created_at, updated_at, deleted_at, metadata) FROM stdin;
sp_01HCMFCX3TXJ3P311DK4AY5SSD	Default Shipping Profile	default	2023-10-13 17:45:22.080669+05:30	2023-10-13 17:45:22.080669+05:30	\N	\N
sp_01HCMFCX3W9RAP3NJG5RQDNRXG	Gift Card Profile	gift_card	2023-10-13 17:45:22.080669+05:30	2023-10-13 17:45:22.080669+05:30	\N	\N
\.


--
-- Data for Name: shipping_tax_rate; Type: TABLE DATA; Schema: public; Owner: mukesh
--

COPY public.shipping_tax_rate (shipping_option_id, rate_id, created_at, updated_at, metadata) FROM stdin;
\.


--
-- Data for Name: staged_job; Type: TABLE DATA; Schema: public; Owner: mukesh
--

COPY public.staged_job (id, event_name, data, options) FROM stdin;
\.


--
-- Data for Name: store; Type: TABLE DATA; Schema: public; Owner: mukesh
--

COPY public.store (id, name, default_currency_code, swap_link_template, created_at, updated_at, metadata, payment_link_template, invite_link_template, default_sales_channel_id, default_location_id) FROM stdin;
store_01HCMFCX0BB64EC91195PDR2K8	Medusa Store	usd	\N	2023-10-13 17:45:22.080669+05:30	2023-10-13 17:45:22.080669+05:30	\N	\N	\N	sc_01HCMFCX4XRKVB60GPNP2R3M5X	\N
\.


--
-- Data for Name: store_currencies; Type: TABLE DATA; Schema: public; Owner: mukesh
--

COPY public.store_currencies (store_id, currency_code) FROM stdin;
store_01HCMFCX0BB64EC91195PDR2K8	usd
store_01HCMFCX0BB64EC91195PDR2K8	inr
\.


--
-- Data for Name: swap; Type: TABLE DATA; Schema: public; Owner: mukesh
--

COPY public.swap (id, fulfillment_status, payment_status, order_id, difference_due, shipping_address_id, cart_id, confirmed_at, created_at, updated_at, deleted_at, metadata, idempotency_key, no_notification, canceled_at, allow_backorder) FROM stdin;
\.


--
-- Data for Name: tax_provider; Type: TABLE DATA; Schema: public; Owner: mukesh
--

COPY public.tax_provider (id, is_installed) FROM stdin;
\.


--
-- Data for Name: tax_rate; Type: TABLE DATA; Schema: public; Owner: mukesh
--

COPY public.tax_rate (id, rate, code, name, region_id, created_at, updated_at, metadata) FROM stdin;
\.


--
-- Data for Name: tracking_link; Type: TABLE DATA; Schema: public; Owner: mukesh
--

COPY public.tracking_link (id, url, tracking_number, fulfillment_id, created_at, updated_at, deleted_at, metadata, idempotency_key) FROM stdin;
\.


--
-- Data for Name: user; Type: TABLE DATA; Schema: public; Owner: mukesh
--

COPY public."user" (id, email, first_name, last_name, password_hash, api_token, created_at, updated_at, deleted_at, metadata, role) FROM stdin;
usr_01HCMFCX7ACF8GXGWJN5BGQ8YX	admin@mayvent.tech	\N	\N	c2NyeXB0AAEAAAABAAAAAd+HhYinzDIt2eyNHqRIXUCoDwdU36fXubINK6+Zq0OU0Hj7SssuV5X9n0bW59rKhfE627k+zfRsMjbdpZTUXAXCSgTDsD16PIS0sfOwHuFX	\N	2023-10-13 17:45:22.314586+05:30	2023-10-13 17:45:22.314586+05:30	\N	\N	member
usr_01HCMFCX7FFGRFWAHYJPQZ0Y70	admin2@mayvent.tech	\N	\N	c2NyeXB0AAEAAAABAAAAAXvghGHgb2gVCOVNLwBvPvSra3TL7Fa1rumAEVDJp4sad+ZjxInozaGWLRK44uAUWLa4Babh3RKALCG9Ao8TQcc3glO1PfK2uRn7hI4GnNlx	\N	2023-10-13 17:45:22.314586+05:30	2023-10-13 17:45:22.314586+05:30	\N	\N	member
usr_01HCMFCX7JW2PG7N5A4P561H9Y	admin3@mayvent.tech	\N	\N	c2NyeXB0AAEAAAABAAAAAXEIt9KZXR+EpdTaqi46XX+w4NxWHy9ZNup5W0wO1shlE8tyLuu8seHL7OF7Ux1fd2Hq67dfGOU4MF0AdaNj6838X2iStI01dIdMrT1jNnHR	\N	2023-10-13 17:45:22.314586+05:30	2023-10-13 17:45:22.314586+05:30	\N	\N	member
\.


--
-- Name: country_id_seq; Type: SEQUENCE SET; Schema: public; Owner: mukesh
--

SELECT pg_catalog.setval('public.country_id_seq', 250, true);


--
-- Name: draft_order_display_id_seq; Type: SEQUENCE SET; Schema: public; Owner: mukesh
--

SELECT pg_catalog.setval('public.draft_order_display_id_seq', 1, false);


--
-- Name: migrations_id_seq; Type: SEQUENCE SET; Schema: public; Owner: mukesh
--

SELECT pg_catalog.setval('public.migrations_id_seq', 76, true);


--
-- Name: order_display_id_seq; Type: SEQUENCE SET; Schema: public; Owner: mukesh
--

SELECT pg_catalog.setval('public.order_display_id_seq', 1, false);


--
-- Name: payment_session OneSelected; Type: CONSTRAINT; Schema: public; Owner: mukesh
--

ALTER TABLE ONLY public.payment_session
    ADD CONSTRAINT "OneSelected" UNIQUE (cart_id, is_selected);


--
-- Name: money_amount PK_022e49a7e21a8dfb820f788778a; Type: CONSTRAINT; Schema: public; Owner: mukesh
--

ALTER TABLE ONLY public.money_amount
    ADD CONSTRAINT "PK_022e49a7e21a8dfb820f788778a" PRIMARY KEY (id);


--
-- Name: notification_provider PK_0425c2423e2ce9fdfd5c23761d9; Type: CONSTRAINT; Schema: public; Owner: mukesh
--

ALTER TABLE ONLY public.notification_provider
    ADD CONSTRAINT "PK_0425c2423e2ce9fdfd5c23761d9" PRIMARY KEY (id);


--
-- Name: store_currencies PK_0f2bff3bccc785c320a4df836de; Type: CONSTRAINT; Schema: public; Owner: mukesh
--

ALTER TABLE ONLY public.store_currencies
    ADD CONSTRAINT "PK_0f2bff3bccc785c320a4df836de" PRIMARY KEY (store_id, currency_code);


--
-- Name: order PK_1031171c13130102495201e3e20; Type: CONSTRAINT; Schema: public; Owner: mukesh
--

ALTER TABLE ONLY public."order"
    ADD CONSTRAINT "PK_1031171c13130102495201e3e20" PRIMARY KEY (id);


--
-- Name: cart_discounts PK_10bd412c9071ccc0cf555afd9bb; Type: CONSTRAINT; Schema: public; Owner: mukesh
--

ALTER TABLE ONLY public.cart_discounts
    ADD CONSTRAINT "PK_10bd412c9071ccc0cf555afd9bb" PRIMARY KEY (cart_id, discount_id);


--
-- Name: product_images PK_10de97980da2e939c4c0e8423f2; Type: CONSTRAINT; Schema: public; Owner: mukesh
--

ALTER TABLE ONLY public.product_images
    ADD CONSTRAINT "PK_10de97980da2e939c4c0e8423f2" PRIMARY KEY (product_id, image_id);


--
-- Name: product_tag PK_1439455c6528caa94fcc8564fda; Type: CONSTRAINT; Schema: public; Owner: mukesh
--

ALTER TABLE ONLY public.product_tag
    ADD CONSTRAINT "PK_1439455c6528caa94fcc8564fda" PRIMARY KEY (id);


--
-- Name: discount_regions PK_15974566a8b6e04a7c754e85b75; Type: CONSTRAINT; Schema: public; Owner: mukesh
--

ALTER TABLE ONLY public.discount_regions
    ADD CONSTRAINT "PK_15974566a8b6e04a7c754e85b75" PRIMARY KEY (discount_id, region_id);


--
-- Name: product_variant PK_1ab69c9935c61f7c70791ae0a9f; Type: CONSTRAINT; Schema: public; Owner: mukesh
--

ALTER TABLE ONLY public.product_variant
    ADD CONSTRAINT "PK_1ab69c9935c61f7c70791ae0a9f" PRIMARY KEY (id);


--
-- Name: price_list_customer_groups PK_1afcbe15cc8782dc80c05707df9; Type: CONSTRAINT; Schema: public; Owner: mukesh
--

ALTER TABLE ONLY public.price_list_customer_groups
    ADD CONSTRAINT "PK_1afcbe15cc8782dc80c05707df9" PRIMARY KEY (price_list_id, customer_group_id);


--
-- Name: product_tags PK_1cf5c9537e7198df494b71b993f; Type: CONSTRAINT; Schema: public; Owner: mukesh
--

ALTER TABLE ONLY public.product_tags
    ADD CONSTRAINT "PK_1cf5c9537e7198df494b71b993f" PRIMARY KEY (product_id, product_tag_id);


--
-- Name: idempotency_key PK_213f125e14469be304f9ff1d452; Type: CONSTRAINT; Schema: public; Owner: mukesh
--

ALTER TABLE ONLY public.idempotency_key
    ADD CONSTRAINT "PK_213f125e14469be304f9ff1d452" PRIMARY KEY (id);


--
-- Name: cart_gift_cards PK_2389be82bf0ef3635e2014c9ef1; Type: CONSTRAINT; Schema: public; Owner: mukesh
--

ALTER TABLE ONLY public.cart_gift_cards
    ADD CONSTRAINT "PK_2389be82bf0ef3635e2014c9ef1" PRIMARY KEY (cart_id, gift_card_id);


--
-- Name: tax_rate PK_23b71b53f650c0b39e99ccef4fd; Type: CONSTRAINT; Schema: public; Owner: mukesh
--

ALTER TABLE ONLY public.tax_rate
    ADD CONSTRAINT "PK_23b71b53f650c0b39e99ccef4fd" PRIMARY KEY (id);


--
-- Name: product_option_value PK_2ab71ed3b21be5800905c621535; Type: CONSTRAINT; Schema: public; Owner: mukesh
--

ALTER TABLE ONLY public.product_option_value
    ADD CONSTRAINT "PK_2ab71ed3b21be5800905c621535" PRIMARY KEY (id);


--
-- Name: line_item_adjustment PK_2b1360103753df2dc8257c2c8c3; Type: CONSTRAINT; Schema: public; Owner: mukesh
--

ALTER TABLE ONLY public.line_item_adjustment
    ADD CONSTRAINT "PK_2b1360103753df2dc8257c2c8c3" PRIMARY KEY (id);


--
-- Name: shipping_option PK_2e56fddaa65f3a26d402e5d786e; Type: CONSTRAINT; Schema: public; Owner: mukesh
--

ALTER TABLE ONLY public.shipping_option
    ADD CONSTRAINT "PK_2e56fddaa65f3a26d402e5d786e" PRIMARY KEY (id);


--
-- Name: product_tax_rate PK_326257ce468df46cd5c8c5922e9; Type: CONSTRAINT; Schema: public; Owner: mukesh
--

ALTER TABLE ONLY public.product_tax_rate
    ADD CONSTRAINT "PK_326257ce468df46cd5c8c5922e9" PRIMARY KEY (product_id, rate_id);


--
-- Name: discount_rule_products PK_351c8c92f5d27283c445cd022ee; Type: CONSTRAINT; Schema: public; Owner: mukesh
--

ALTER TABLE ONLY public.discount_rule_products
    ADD CONSTRAINT "PK_351c8c92f5d27283c445cd022ee" PRIMARY KEY (discount_rule_id, product_id);


--
-- Name: discount_condition_product_type PK_35d538a5a24399d0df978df12ed; Type: CONSTRAINT; Schema: public; Owner: mukesh
--

ALTER TABLE ONLY public.discount_condition_product_type
    ADD CONSTRAINT "PK_35d538a5a24399d0df978df12ed" PRIMARY KEY (product_type_id, condition_id);


--
-- Name: return_item PK_46409dc1dd5f38509b9000c3069; Type: CONSTRAINT; Schema: public; Owner: mukesh
--

ALTER TABLE ONLY public.return_item
    ADD CONSTRAINT "PK_46409dc1dd5f38509b9000c3069" PRIMARY KEY (return_id, item_id);


--
-- Name: order_gift_cards PK_49a8ec66a6625d7c2e3526e05b4; Type: CONSTRAINT; Schema: public; Owner: mukesh
--

ALTER TABLE ONLY public.order_gift_cards
    ADD CONSTRAINT "PK_49a8ec66a6625d7c2e3526e05b4" PRIMARY KEY (order_id, gift_card_id);


--
-- Name: product_collection PK_49d419fc77d3aed46c835c558ac; Type: CONSTRAINT; Schema: public; Owner: mukesh
--

ALTER TABLE ONLY public.product_collection
    ADD CONSTRAINT "PK_49d419fc77d3aed46c835c558ac" PRIMARY KEY (id);


--
-- Name: line_item_tax_line PK_4a0f4322fcd5ce4af85727f89a8; Type: CONSTRAINT; Schema: public; Owner: mukesh
--

ALTER TABLE ONLY public.line_item_tax_line
    ADD CONSTRAINT "PK_4a0f4322fcd5ce4af85727f89a8" PRIMARY KEY (id);


--
-- Name: swap PK_4a10d0f359339acef77e7f986d9; Type: CONSTRAINT; Schema: public; Owner: mukesh
--

ALTER TABLE ONLY public.swap
    ADD CONSTRAINT "PK_4a10d0f359339acef77e7f986d9" PRIMARY KEY (id);


--
-- Name: product_option PK_4cf3c467e9bc764bdd32c4cd938; Type: CONSTRAINT; Schema: public; Owner: mukesh
--

ALTER TABLE ONLY public.product_option
    ADD CONSTRAINT "PK_4cf3c467e9bc764bdd32c4cd938" PRIMARY KEY (id);


--
-- Name: fulfillment PK_50c102da132afffae660585981f; Type: CONSTRAINT; Schema: public; Owner: mukesh
--

ALTER TABLE ONLY public.fulfillment
    ADD CONSTRAINT "PK_50c102da132afffae660585981f" PRIMARY KEY (id);


--
-- Name: price_list PK_52ea7826468b1c889cb2c28df03; Type: CONSTRAINT; Schema: public; Owner: mukesh
--

ALTER TABLE ONLY public.price_list
    ADD CONSTRAINT "PK_52ea7826468b1c889cb2c28df03" PRIMARY KEY (id);


--
-- Name: claim_item_tags PK_54ab8ce0f7e99167068188fbd81; Type: CONSTRAINT; Schema: public; Owner: mukesh
--

ALTER TABLE ONLY public.claim_item_tags
    ADD CONSTRAINT "PK_54ab8ce0f7e99167068188fbd81" PRIMARY KEY (item_id, tag_id);


--
-- Name: shipping_method_tax_line PK_54c94f5908aacbd51cf0a73edb1; Type: CONSTRAINT; Schema: public; Owner: mukesh
--

ALTER TABLE ONLY public.shipping_method_tax_line
    ADD CONSTRAINT "PK_54c94f5908aacbd51cf0a73edb1" PRIMARY KEY (id);


--
-- Name: claim_item PK_5679662039bc4c7c6bc7fa1be2d; Type: CONSTRAINT; Schema: public; Owner: mukesh
--

ALTER TABLE ONLY public.claim_item
    ADD CONSTRAINT "PK_5679662039bc4c7c6bc7fa1be2d" PRIMARY KEY (id);


--
-- Name: order_edit PK_58ab6acf2e84b4e827f5f846f7a; Type: CONSTRAINT; Schema: public; Owner: mukesh
--

ALTER TABLE ONLY public.order_edit
    ADD CONSTRAINT "PK_58ab6acf2e84b4e827f5f846f7a" PRIMARY KEY (id);


--
-- Name: region_fulfillment_providers PK_5b7d928a1fb50d6803868cfab3a; Type: CONSTRAINT; Schema: public; Owner: mukesh
--

ALTER TABLE ONLY public.region_fulfillment_providers
    ADD CONSTRAINT "PK_5b7d928a1fb50d6803868cfab3a" PRIMARY KEY (region_id, provider_id);


--
-- Name: region PK_5f48ffc3af96bc486f5f3f3a6da; Type: CONSTRAINT; Schema: public; Owner: mukesh
--

ALTER TABLE ONLY public.region
    ADD CONSTRAINT "PK_5f48ffc3af96bc486f5f3f3a6da" PRIMARY KEY (id);


--
-- Name: publishable_api_key_sales_channel PK_68eaeb14bdac8954460054c567c; Type: CONSTRAINT; Schema: public; Owner: mukesh
--

ALTER TABLE ONLY public.publishable_api_key_sales_channel
    ADD CONSTRAINT "PK_68eaeb14bdac8954460054c567c" PRIMARY KEY (sales_channel_id, publishable_key_id);


--
-- Name: product_review PK_6c00bd3bbee662e1f7a97dbce9a; Type: CONSTRAINT; Schema: public; Owner: mukesh
--

ALTER TABLE ONLY public.product_review
    ADD CONSTRAINT "PK_6c00bd3bbee662e1f7a97dbce9a" PRIMARY KEY (id);


--
-- Name: notification PK_705b6c7cdf9b2c2ff7ac7872cb7; Type: CONSTRAINT; Schema: public; Owner: mukesh
--

ALTER TABLE ONLY public.notification
    ADD CONSTRAINT "PK_705b6c7cdf9b2c2ff7ac7872cb7" PRIMARY KEY (id);


--
-- Name: currency PK_723472e41cae44beb0763f4039c; Type: CONSTRAINT; Schema: public; Owner: mukesh
--

ALTER TABLE ONLY public.currency
    ADD CONSTRAINT "PK_723472e41cae44beb0763f4039c" PRIMARY KEY (code);


--
-- Name: claim_tag PK_7761180541142a5926501018d34; Type: CONSTRAINT; Schema: public; Owner: mukesh
--

ALTER TABLE ONLY public.claim_tag
    ADD CONSTRAINT "PK_7761180541142a5926501018d34" PRIMARY KEY (id);


--
-- Name: claim_image PK_7c49e44bfe8840ca7d917890101; Type: CONSTRAINT; Schema: public; Owner: mukesh
--

ALTER TABLE ONLY public.claim_image
    ADD CONSTRAINT "PK_7c49e44bfe8840ca7d917890101" PRIMARY KEY (id);


--
-- Name: customer_group PK_88e7da3ff7262d9e0a35aa3664e; Type: CONSTRAINT; Schema: public; Owner: mukesh
--

ALTER TABLE ONLY public.customer_group
    ADD CONSTRAINT "PK_88e7da3ff7262d9e0a35aa3664e" PRIMARY KEY (id);


--
-- Name: onboarding_state PK_891b72628471aada55d7b8c9410; Type: CONSTRAINT; Schema: public; Owner: mukesh
--

ALTER TABLE ONLY public.onboarding_state
    ADD CONSTRAINT "PK_891b72628471aada55d7b8c9410" PRIMARY KEY (id);


--
-- Name: claim_order PK_8981f5595a4424021466aa4c7a4; Type: CONSTRAINT; Schema: public; Owner: mukesh
--

ALTER TABLE ONLY public.claim_order
    ADD CONSTRAINT "PK_8981f5595a4424021466aa4c7a4" PRIMARY KEY (id);


--
-- Name: migrations PK_8c82d7f526340ab734260ea46be; Type: CONSTRAINT; Schema: public; Owner: mukesh
--

ALTER TABLE ONLY public.migrations
    ADD CONSTRAINT "PK_8c82d7f526340ab734260ea46be" PRIMARY KEY (id);


--
-- Name: custom_shipping_option PK_8dfcb5c1172c29eec4a728420cc; Type: CONSTRAINT; Schema: public; Owner: mukesh
--

ALTER TABLE ONLY public.custom_shipping_option
    ADD CONSTRAINT "PK_8dfcb5c1172c29eec4a728420cc" PRIMARY KEY (id);


--
-- Name: analytics_config PK_93505647c5d7cb479becb810b0f; Type: CONSTRAINT; Schema: public; Owner: mukesh
--

ALTER TABLE ONLY public.analytics_config
    ADD CONSTRAINT "PK_93505647c5d7cb479becb810b0f" PRIMARY KEY (id);


--
-- Name: return_reason PK_95fd1172973165790903e65660a; Type: CONSTRAINT; Schema: public; Owner: mukesh
--

ALTER TABLE ONLY public.return_reason
    ADD CONSTRAINT "PK_95fd1172973165790903e65660a" PRIMARY KEY (id);


--
-- Name: note PK_96d0c172a4fba276b1bbed43058; Type: CONSTRAINT; Schema: public; Owner: mukesh
--

ALTER TABLE ONLY public.note
    ADD CONSTRAINT "PK_96d0c172a4fba276b1bbed43058" PRIMARY KEY (id);


--
-- Name: discount_condition_product PK_994eb4529fdbf14450d64ec17e8; Type: CONSTRAINT; Schema: public; Owner: mukesh
--

ALTER TABLE ONLY public.discount_condition_product
    ADD CONSTRAINT "PK_994eb4529fdbf14450d64ec17e8" PRIMARY KEY (product_id, condition_id);


--
-- Name: product_variant_inventory_item PK_9a1188b8d36f4d198303b4f7efa; Type: CONSTRAINT; Schema: public; Owner: mukesh
--

ALTER TABLE ONLY public.product_variant_inventory_item
    ADD CONSTRAINT "PK_9a1188b8d36f4d198303b4f7efa" PRIMARY KEY (id);


--
-- Name: staged_job PK_9a28fb48c46c5509faf43ac8c8d; Type: CONSTRAINT; Schema: public; Owner: mukesh
--

ALTER TABLE ONLY public.staged_job
    ADD CONSTRAINT "PK_9a28fb48c46c5509faf43ac8c8d" PRIMARY KEY (id);


--
-- Name: publishable_api_key PK_9e613278673a87de92c606b4494; Type: CONSTRAINT; Schema: public; Owner: mukesh
--

ALTER TABLE ONLY public.publishable_api_key
    ADD CONSTRAINT "PK_9e613278673a87de92c606b4494" PRIMARY KEY (id);


--
-- Name: region_payment_providers PK_9fa1e69914d3dd752de6b1da407; Type: CONSTRAINT; Schema: public; Owner: mukesh
--

ALTER TABLE ONLY public.region_payment_providers
    ADD CONSTRAINT "PK_9fa1e69914d3dd752de6b1da407" PRIMARY KEY (region_id, provider_id);


--
-- Name: shipping_option_requirement PK_a0ff15442606d9f783602cb23a7; Type: CONSTRAINT; Schema: public; Owner: mukesh
--

ALTER TABLE ONLY public.shipping_option_requirement
    ADD CONSTRAINT "PK_a0ff15442606d9f783602cb23a7" PRIMARY KEY (id);


--
-- Name: payment_session PK_a1a91b20f7f3b1e5afb5485cbcd; Type: CONSTRAINT; Schema: public; Owner: mukesh
--

ALTER TABLE ONLY public.payment_session
    ADD CONSTRAINT "PK_a1a91b20f7f3b1e5afb5485cbcd" PRIMARY KEY (id);


--
-- Name: order_discounts PK_a7418714ffceebc125bf6d8fcfe; Type: CONSTRAINT; Schema: public; Owner: mukesh
--

ALTER TABLE ONLY public.order_discounts
    ADD CONSTRAINT "PK_a7418714ffceebc125bf6d8fcfe" PRIMARY KEY (order_id, discount_id);


--
-- Name: customer PK_a7a13f4cacb744524e44dfdad32; Type: CONSTRAINT; Schema: public; Owner: mukesh
--

ALTER TABLE ONLY public.customer
    ADD CONSTRAINT "PK_a7a13f4cacb744524e44dfdad32" PRIMARY KEY (id);


--
-- Name: discount_condition_product_tag PK_a95382c1e62205b121aa058682b; Type: CONSTRAINT; Schema: public; Owner: mukesh
--

ALTER TABLE ONLY public.discount_condition_product_tag
    ADD CONSTRAINT "PK_a95382c1e62205b121aa058682b" PRIMARY KEY (product_tag_id, condition_id);


--
-- Name: oauth PK_a957b894e50eb16b969c0640a8d; Type: CONSTRAINT; Schema: public; Owner: mukesh
--

ALTER TABLE ONLY public.oauth
    ADD CONSTRAINT "PK_a957b894e50eb16b969c0640a8d" PRIMARY KEY (id);


--
-- Name: discount_rule PK_ac2c280de3701b2d66f6817f760; Type: CONSTRAINT; Schema: public; Owner: mukesh
--

ALTER TABLE ONLY public.discount_rule
    ADD CONSTRAINT "PK_ac2c280de3701b2d66f6817f760" PRIMARY KEY (id);


--
-- Name: gift_card PK_af4e338d2d41035042843ad641f; Type: CONSTRAINT; Schema: public; Owner: mukesh
--

ALTER TABLE ONLY public.gift_card
    ADD CONSTRAINT "PK_af4e338d2d41035042843ad641f" PRIMARY KEY (id);


--
-- Name: sales_channel_location PK_afd2c2c52634bc8280a9c9ee533; Type: CONSTRAINT; Schema: public; Owner: mukesh
--

ALTER TABLE ONLY public.sales_channel_location
    ADD CONSTRAINT "PK_afd2c2c52634bc8280a9c9ee533" PRIMARY KEY (id);


--
-- Name: tax_provider PK_b198bf82ba6a317c11763d99b99; Type: CONSTRAINT; Schema: public; Owner: mukesh
--

ALTER TABLE ONLY public.tax_provider
    ADD CONSTRAINT "PK_b198bf82ba6a317c11763d99b99" PRIMARY KEY (id);


--
-- Name: discount_condition_product_collection PK_b3508fc787aa4a38705866cbb6d; Type: CONSTRAINT; Schema: public; Owner: mukesh
--

ALTER TABLE ONLY public.discount_condition_product_collection
    ADD CONSTRAINT "PK_b3508fc787aa4a38705866cbb6d" PRIMARY KEY (product_collection_id, condition_id);


--
-- Name: shipping_method PK_b9b0adfad3c6b99229c1e7d4865; Type: CONSTRAINT; Schema: public; Owner: mukesh
--

ALTER TABLE ONLY public.shipping_method
    ADD CONSTRAINT "PK_b9b0adfad3c6b99229c1e7d4865" PRIMARY KEY (id);


--
-- Name: fulfillment_item PK_bc3e8a388de75db146a249922e0; Type: CONSTRAINT; Schema: public; Owner: mukesh
--

ALTER TABLE ONLY public.fulfillment_item
    ADD CONSTRAINT "PK_bc3e8a388de75db146a249922e0" PRIMARY KEY (fulfillment_id, item_id);


--
-- Name: shipping_tax_rate PK_bcd93b14d7e2695365d383f5eae; Type: CONSTRAINT; Schema: public; Owner: mukesh
--

ALTER TABLE ONLY public.shipping_tax_rate
    ADD CONSTRAINT "PK_bcd93b14d7e2695365d383f5eae" PRIMARY KEY (shipping_option_id, rate_id);


--
-- Name: fulfillment_provider PK_beb35a6de60a6c4f91d5ae57e44; Type: CONSTRAINT; Schema: public; Owner: mukesh
--

ALTER TABLE ONLY public.fulfillment_provider
    ADD CONSTRAINT "PK_beb35a6de60a6c4f91d5ae57e44" PRIMARY KEY (id);


--
-- Name: product PK_bebc9158e480b949565b4dc7a82; Type: CONSTRAINT; Schema: public; Owner: mukesh
--

ALTER TABLE ONLY public.product
    ADD CONSTRAINT "PK_bebc9158e480b949565b4dc7a82" PRIMARY KEY (id);


--
-- Name: country PK_bf6e37c231c4f4ea56dcd887269; Type: CONSTRAINT; Schema: public; Owner: mukesh
--

ALTER TABLE ONLY public.country
    ADD CONSTRAINT "PK_bf6e37c231c4f4ea56dcd887269" PRIMARY KEY (id);


--
-- Name: cart PK_c524ec48751b9b5bcfbf6e59be7; Type: CONSTRAINT; Schema: public; Owner: mukesh
--

ALTER TABLE ONLY public.cart
    ADD CONSTRAINT "PK_c524ec48751b9b5bcfbf6e59be7" PRIMARY KEY (id);


--
-- Name: shipping_profile PK_c8120e4543a5a3a121f2968a1ec; Type: CONSTRAINT; Schema: public; Owner: mukesh
--

ALTER TABLE ONLY public.shipping_profile
    ADD CONSTRAINT "PK_c8120e4543a5a3a121f2968a1ec" PRIMARY KEY (id);


--
-- Name: return PK_c8ad68d13e76d75d803b5aeebc4; Type: CONSTRAINT; Schema: public; Owner: mukesh
--

ALTER TABLE ONLY public.return
    ADD CONSTRAINT "PK_c8ad68d13e76d75d803b5aeebc4" PRIMARY KEY (id);


--
-- Name: user PK_cace4a159ff9f2512dd42373760; Type: CONSTRAINT; Schema: public; Owner: mukesh
--

ALTER TABLE ONLY public."user"
    ADD CONSTRAINT "PK_cace4a159ff9f2512dd42373760" PRIMARY KEY (id);


--
-- Name: line_item PK_cce6b13e67fa506d1d9618ac68b; Type: CONSTRAINT; Schema: public; Owner: mukesh
--

ALTER TABLE ONLY public.line_item
    ADD CONSTRAINT "PK_cce6b13e67fa506d1d9618ac68b" PRIMARY KEY (id);


--
-- Name: discount_condition_customer_group PK_cdc8b2277169a16b8b7d4c73e0e; Type: CONSTRAINT; Schema: public; Owner: mukesh
--

ALTER TABLE ONLY public.discount_condition_customer_group
    ADD CONSTRAINT "PK_cdc8b2277169a16b8b7d4c73e0e" PRIMARY KEY (customer_group_id, condition_id);


--
-- Name: gift_card_transaction PK_cfb5b4ba5447a507aef87d73fe7; Type: CONSTRAINT; Schema: public; Owner: mukesh
--

ALTER TABLE ONLY public.gift_card_transaction
    ADD CONSTRAINT "PK_cfb5b4ba5447a507aef87d73fe7" PRIMARY KEY (id);


--
-- Name: discount PK_d05d8712e429673e459e7f1cddb; Type: CONSTRAINT; Schema: public; Owner: mukesh
--

ALTER TABLE ONLY public.discount
    ADD CONSTRAINT "PK_d05d8712e429673e459e7f1cddb" PRIMARY KEY (id);


--
-- Name: sales_channel PK_d1eb0b923ea5a0eb1e0916191f1; Type: CONSTRAINT; Schema: public; Owner: mukesh
--

ALTER TABLE ONLY public.sales_channel
    ADD CONSTRAINT "PK_d1eb0b923ea5a0eb1e0916191f1" PRIMARY KEY (id);


--
-- Name: image PK_d6db1ab4ee9ad9dbe86c64e4cc3; Type: CONSTRAINT; Schema: public; Owner: mukesh
--

ALTER TABLE ONLY public.image
    ADD CONSTRAINT "PK_d6db1ab4ee9ad9dbe86c64e4cc3" PRIMARY KEY (id);


--
-- Name: order_item_change PK_d6eb138f77ffdee83567b85af0c; Type: CONSTRAINT; Schema: public; Owner: mukesh
--

ALTER TABLE ONLY public.order_item_change
    ADD CONSTRAINT "PK_d6eb138f77ffdee83567b85af0c" PRIMARY KEY (id);


--
-- Name: address PK_d92de1f82754668b5f5f5dd4fd5; Type: CONSTRAINT; Schema: public; Owner: mukesh
--

ALTER TABLE ONLY public.address
    ADD CONSTRAINT "PK_d92de1f82754668b5f5f5dd4fd5" PRIMARY KEY (id);


--
-- Name: product_type_tax_rate PK_ddc9242de1d99bc7674969289f0; Type: CONSTRAINT; Schema: public; Owner: mukesh
--

ALTER TABLE ONLY public.product_type_tax_rate
    ADD CONSTRAINT "PK_ddc9242de1d99bc7674969289f0" PRIMARY KEY (product_type_id, rate_id);


--
-- Name: product_type PK_e0843930fbb8854fe36ca39dae1; Type: CONSTRAINT; Schema: public; Owner: mukesh
--

ALTER TABLE ONLY public.product_type
    ADD CONSTRAINT "PK_e0843930fbb8854fe36ca39dae1" PRIMARY KEY (id);


--
-- Name: customer_group_customers PK_e28a55e34ad1e2d3df9a0ac86d3; Type: CONSTRAINT; Schema: public; Owner: mukesh
--

ALTER TABLE ONLY public.customer_group_customers
    ADD CONSTRAINT "PK_e28a55e34ad1e2d3df9a0ac86d3" PRIMARY KEY (customer_group_id, customer_id);


--
-- Name: batch_job PK_e57f84d485145d5be96bc6d871e; Type: CONSTRAINT; Schema: public; Owner: mukesh
--

ALTER TABLE ONLY public.batch_job
    ADD CONSTRAINT "PK_e57f84d485145d5be96bc6d871e" PRIMARY KEY (id);


--
-- Name: discount_condition PK_e6b81d83133ddc21a2baf2e2204; Type: CONSTRAINT; Schema: public; Owner: mukesh
--

ALTER TABLE ONLY public.discount_condition
    ADD CONSTRAINT "PK_e6b81d83133ddc21a2baf2e2204" PRIMARY KEY (id);


--
-- Name: payment_provider PK_ea94f42b6c88e9191c3649d7522; Type: CONSTRAINT; Schema: public; Owner: mukesh
--

ALTER TABLE ONLY public.payment_provider
    ADD CONSTRAINT "PK_ea94f42b6c88e9191c3649d7522" PRIMARY KEY (id);


--
-- Name: refund PK_f1cefa2e60d99b206c46c1116e5; Type: CONSTRAINT; Schema: public; Owner: mukesh
--

ALTER TABLE ONLY public.refund
    ADD CONSTRAINT "PK_f1cefa2e60d99b206c46c1116e5" PRIMARY KEY (id);


--
-- Name: store PK_f3172007d4de5ae8e7692759d79; Type: CONSTRAINT; Schema: public; Owner: mukesh
--

ALTER TABLE ONLY public.store
    ADD CONSTRAINT "PK_f3172007d4de5ae8e7692759d79" PRIMARY KEY (id);


--
-- Name: draft_order PK_f478946c183d98f8d88a94cfcd7; Type: CONSTRAINT; Schema: public; Owner: mukesh
--

ALTER TABLE ONLY public.draft_order
    ADD CONSTRAINT "PK_f478946c183d98f8d88a94cfcd7" PRIMARY KEY (id);


--
-- Name: invite PK_fc9fa190e5a3c5d80604a4f63e1; Type: CONSTRAINT; Schema: public; Owner: mukesh
--

ALTER TABLE ONLY public.invite
    ADD CONSTRAINT "PK_fc9fa190e5a3c5d80604a4f63e1" PRIMARY KEY (id);


--
-- Name: payment PK_fcaec7df5adf9cac408c686b2ab; Type: CONSTRAINT; Schema: public; Owner: mukesh
--

ALTER TABLE ONLY public.payment
    ADD CONSTRAINT "PK_fcaec7df5adf9cac408c686b2ab" PRIMARY KEY (id);


--
-- Name: tracking_link PK_fcfd77feb9012ec2126d7c0bfb6; Type: CONSTRAINT; Schema: public; Owner: mukesh
--

ALTER TABLE ONLY public.tracking_link
    ADD CONSTRAINT "PK_fcfd77feb9012ec2126d7c0bfb6" PRIMARY KEY (id);


--
-- Name: product_sales_channel PK_fd29b6a8bd641052628dee19583; Type: CONSTRAINT; Schema: public; Owner: mukesh
--

ALTER TABLE ONLY public.product_sales_channel
    ADD CONSTRAINT "PK_fd29b6a8bd641052628dee19583" PRIMARY KEY (product_id, sales_channel_id);


--
-- Name: payment_collection PK_payment_collection_id; Type: CONSTRAINT; Schema: public; Owner: mukesh
--

ALTER TABLE ONLY public.payment_collection
    ADD CONSTRAINT "PK_payment_collection_id" PRIMARY KEY (id);


--
-- Name: payment_collection_payments PK_payment_collection_payments; Type: CONSTRAINT; Schema: public; Owner: mukesh
--

ALTER TABLE ONLY public.payment_collection_payments
    ADD CONSTRAINT "PK_payment_collection_payments" PRIMARY KEY (payment_collection_id, payment_id);


--
-- Name: payment_collection_sessions PK_payment_collection_sessions; Type: CONSTRAINT; Schema: public; Owner: mukesh
--

ALTER TABLE ONLY public.payment_collection_sessions
    ADD CONSTRAINT "PK_payment_collection_sessions" PRIMARY KEY (payment_collection_id, payment_session_id);


--
-- Name: product_variant_money_amount PK_product_variant_money_amount; Type: CONSTRAINT; Schema: public; Owner: mukesh
--

ALTER TABLE ONLY public.product_variant_money_amount
    ADD CONSTRAINT "PK_product_variant_money_amount" PRIMARY KEY (id);


--
-- Name: product_category PK_qgguwbn1cwstxk93efl0px9oqwt; Type: CONSTRAINT; Schema: public; Owner: mukesh
--

ALTER TABLE ONLY public.product_category
    ADD CONSTRAINT "PK_qgguwbn1cwstxk93efl0px9oqwt" PRIMARY KEY (id);


--
-- Name: shipping_method REL_1d9ad62038998c3a85c77a53cf; Type: CONSTRAINT; Schema: public; Owner: mukesh
--

ALTER TABLE ONLY public.shipping_method
    ADD CONSTRAINT "REL_1d9ad62038998c3a85c77a53cf" UNIQUE (return_id);


--
-- Name: swap REL_402e8182bc553e082f6380020b; Type: CONSTRAINT; Schema: public; Owner: mukesh
--

ALTER TABLE ONLY public.swap
    ADD CONSTRAINT "REL_402e8182bc553e082f6380020b" UNIQUE (cart_id);


--
-- Name: draft_order REL_5bd11d0e2a9628128e2c26fd0a; Type: CONSTRAINT; Schema: public; Owner: mukesh
--

ALTER TABLE ONLY public.draft_order
    ADD CONSTRAINT "REL_5bd11d0e2a9628128e2c26fd0a" UNIQUE (cart_id);


--
-- Name: order_item_change REL_5f9688929761f7df108b630e64; Type: CONSTRAINT; Schema: public; Owner: mukesh
--

ALTER TABLE ONLY public.order_item_change
    ADD CONSTRAINT "REL_5f9688929761f7df108b630e64" UNIQUE (line_item_id);


--
-- Name: customer REL_8abe81b9aac151ae60bf507ad1; Type: CONSTRAINT; Schema: public; Owner: mukesh
--

ALTER TABLE ONLY public.customer
    ADD CONSTRAINT "REL_8abe81b9aac151ae60bf507ad1" UNIQUE (billing_address_id);


--
-- Name: draft_order REL_8f6dd6c49202f1466ebf21e77d; Type: CONSTRAINT; Schema: public; Owner: mukesh
--

ALTER TABLE ONLY public.draft_order
    ADD CONSTRAINT "REL_8f6dd6c49202f1466ebf21e77d" UNIQUE (order_id);


--
-- Name: cart REL_9d1a161434c610aae7c3df2dc7; Type: CONSTRAINT; Schema: public; Owner: mukesh
--

ALTER TABLE ONLY public.cart
    ADD CONSTRAINT "REL_9d1a161434c610aae7c3df2dc7" UNIQUE (payment_id);


--
-- Name: return REL_bad82d7bff2b08b87094bfac3d; Type: CONSTRAINT; Schema: public; Owner: mukesh
--

ALTER TABLE ONLY public.return
    ADD CONSTRAINT "REL_bad82d7bff2b08b87094bfac3d" UNIQUE (swap_id);


--
-- Name: payment REL_c17aff091441b7c25ec3d68d36; Type: CONSTRAINT; Schema: public; Owner: mukesh
--

ALTER TABLE ONLY public.payment
    ADD CONSTRAINT "REL_c17aff091441b7c25ec3d68d36" UNIQUE (swap_id);


--
-- Name: order REL_c99a206eb11ad45f6b7f04f2dc; Type: CONSTRAINT; Schema: public; Owner: mukesh
--

ALTER TABLE ONLY public."order"
    ADD CONSTRAINT "REL_c99a206eb11ad45f6b7f04f2dc" UNIQUE (cart_id);


--
-- Name: custom_shipping_option UQ_0f838b122a9a01d921aa1cdb669; Type: CONSTRAINT; Schema: public; Owner: mukesh
--

ALTER TABLE ONLY public.custom_shipping_option
    ADD CONSTRAINT "UQ_0f838b122a9a01d921aa1cdb669" UNIQUE (shipping_option_id, cart_id);


--
-- Name: line_item_tax_line UQ_3c2af51043ed7243e7d9775a2ad; Type: CONSTRAINT; Schema: public; Owner: mukesh
--

ALTER TABLE ONLY public.line_item_tax_line
    ADD CONSTRAINT "UQ_3c2af51043ed7243e7d9775a2ad" UNIQUE (item_id, code);


--
-- Name: order_item_change UQ_5b7a99181e4db2ea821be0b6196; Type: CONSTRAINT; Schema: public; Owner: mukesh
--

ALTER TABLE ONLY public.order_item_change
    ADD CONSTRAINT "UQ_5b7a99181e4db2ea821be0b6196" UNIQUE (order_edit_id, original_line_item_id);


--
-- Name: store UQ_61b0f48cccbb5f41c750bac7286; Type: CONSTRAINT; Schema: public; Owner: mukesh
--

ALTER TABLE ONLY public.store
    ADD CONSTRAINT "UQ_61b0f48cccbb5f41c750bac7286" UNIQUE (default_sales_channel_id);


--
-- Name: return UQ_71773d56eb2bacb922bc3283398; Type: CONSTRAINT; Schema: public; Owner: mukesh
--

ALTER TABLE ONLY public.return
    ADD CONSTRAINT "UQ_71773d56eb2bacb922bc3283398" UNIQUE (claim_order_id);


--
-- Name: order UQ_727b872f86c7378474a8fa46147; Type: CONSTRAINT; Schema: public; Owner: mukesh
--

ALTER TABLE ONLY public."order"
    ADD CONSTRAINT "UQ_727b872f86c7378474a8fa46147" UNIQUE (draft_order_id);


--
-- Name: product_variant_inventory_item UQ_c9be7c1b11a1a729eb51d1b6bca; Type: CONSTRAINT; Schema: public; Owner: mukesh
--

ALTER TABLE ONLY public.product_variant_inventory_item
    ADD CONSTRAINT "UQ_c9be7c1b11a1a729eb51d1b6bca" UNIQUE (variant_id, inventory_item_id);


--
-- Name: shipping_method_tax_line UQ_cd147fca71e50bc954139fa3104; Type: CONSTRAINT; Schema: public; Owner: mukesh
--

ALTER TABLE ONLY public.shipping_method_tax_line
    ADD CONSTRAINT "UQ_cd147fca71e50bc954139fa3104" UNIQUE (shipping_method_id, code);


--
-- Name: order_item_change UQ_da93cee3ca0dd50a5246268c2e9; Type: CONSTRAINT; Schema: public; Owner: mukesh
--

ALTER TABLE ONLY public.order_item_change
    ADD CONSTRAINT "UQ_da93cee3ca0dd50a5246268c2e9" UNIQUE (order_edit_id, line_item_id);


--
-- Name: customer UQ_unique_email_for_guests_and_customer_accounts; Type: CONSTRAINT; Schema: public; Owner: mukesh
--

ALTER TABLE ONLY public.customer
    ADD CONSTRAINT "UQ_unique_email_for_guests_and_customer_accounts" UNIQUE (email, has_account);


--
-- Name: discount_condition dctypeuniq; Type: CONSTRAINT; Schema: public; Owner: mukesh
--

ALTER TABLE ONLY public.discount_condition
    ADD CONSTRAINT dctypeuniq UNIQUE (type, operator, discount_rule_id);


--
-- Name: gift_card_transaction gcuniq; Type: CONSTRAINT; Schema: public; Owner: mukesh
--

ALTER TABLE ONLY public.gift_card_transaction
    ADD CONSTRAINT gcuniq UNIQUE (gift_card_id, order_id);


--
-- Name: IDX_012a62ba743e427b5ebe9dee18; Type: INDEX; Schema: public; Owner: mukesh
--

CREATE INDEX "IDX_012a62ba743e427b5ebe9dee18" ON public.shipping_option_requirement USING btree (shipping_option_id);


--
-- Name: IDX_01486cc9dc6b36bf658685535f; Type: INDEX; Schema: public; Owner: mukesh
--

CREATE INDEX "IDX_01486cc9dc6b36bf658685535f" ON public.discount_condition_product_tag USING btree (product_tag_id);


--
-- Name: IDX_017d58bf8260c6e1a2588d258e; Type: INDEX; Schema: public; Owner: mukesh
--

CREATE INDEX "IDX_017d58bf8260c6e1a2588d258e" ON public.claim_order USING btree (shipping_address_id);


--
-- Name: IDX_045d4a149c09f4704e0bc08dd4; Type: INDEX; Schema: public; Owner: mukesh
--

CREATE UNIQUE INDEX "IDX_045d4a149c09f4704e0bc08dd4" ON public.product_variant USING btree (barcode) WHERE (deleted_at IS NULL);


--
-- Name: IDX_0fb38b6d167793192bc126d835; Type: INDEX; Schema: public; Owner: mukesh
--

CREATE INDEX "IDX_0fb38b6d167793192bc126d835" ON public.cart_gift_cards USING btree (gift_card_id);


--
-- Name: IDX_0fc1ec4e3db9001ad60c19daf1; Type: INDEX; Schema: public; Owner: mukesh
--

CREATE INDEX "IDX_0fc1ec4e3db9001ad60c19daf1" ON public.order_discounts USING btree (discount_id);


--
-- Name: IDX_118e3c48f09a7728f41023c94e; Type: INDEX; Schema: public; Owner: mukesh
--

CREATE INDEX "IDX_118e3c48f09a7728f41023c94e" ON public.line_item USING btree (claim_order_id);


--
-- Name: IDX_19b0c6293443d1b464f604c331; Type: INDEX; Schema: public; Owner: mukesh
--

CREATE INDEX "IDX_19b0c6293443d1b464f604c331" ON public."order" USING btree (shipping_address_id);


--
-- Name: IDX_1d04aebeabb6a89f87e536a124; Type: INDEX; Schema: public; Owner: mukesh
--

CREATE INDEX "IDX_1d04aebeabb6a89f87e536a124" ON public.product_tax_rate USING btree (product_id);


--
-- Name: IDX_1d9ad62038998c3a85c77a53cf; Type: INDEX; Schema: public; Owner: mukesh
--

CREATE INDEX "IDX_1d9ad62038998c3a85c77a53cf" ON public.shipping_method USING btree (return_id);


--
-- Name: IDX_21683a063fe82dafdf681ecc9c; Type: INDEX; Schema: public; Owner: mukesh
--

CREATE INDEX "IDX_21683a063fe82dafdf681ecc9c" ON public.product_tags USING btree (product_tag_id);


--
-- Name: IDX_21cbfedd83d736d86f4c6f4ce5; Type: INDEX; Schema: public; Owner: mukesh
--

CREATE INDEX "IDX_21cbfedd83d736d86f4c6f4ce5" ON public.claim_image USING btree (claim_item_id);


--
-- Name: IDX_2212515ba306c79f42c46a99db; Type: INDEX; Schema: public; Owner: mukesh
--

CREATE INDEX "IDX_2212515ba306c79f42c46a99db" ON public.product_images USING btree (image_id);


--
-- Name: IDX_242205c81c1152fab1b6e84847; Type: INDEX; Schema: public; Owner: mukesh
--

CREATE INDEX "IDX_242205c81c1152fab1b6e84847" ON public.cart USING btree (customer_id);


--
-- Name: IDX_2484cf14c437a04586b07e7ddd; Type: INDEX; Schema: public; Owner: mukesh
--

CREATE INDEX "IDX_2484cf14c437a04586b07e7ddd" ON public.product_tax_rate USING btree (rate_id);


--
-- Name: IDX_25a3138bb236f63d9bb6c8ff11; Type: INDEX; Schema: public; Owner: mukesh
--

CREATE INDEX "IDX_25a3138bb236f63d9bb6c8ff11" ON public.product_type_tax_rate USING btree (product_type_id);


--
-- Name: IDX_27283ee631862266d0f1c68064; Type: INDEX; Schema: public; Owner: mukesh
--

CREATE INDEX "IDX_27283ee631862266d0f1c68064" ON public.line_item USING btree (cart_id);


--
-- Name: IDX_2ca8cfbdafb998ecfd6d340389; Type: INDEX; Schema: public; Owner: mukesh
--

CREATE UNIQUE INDEX "IDX_2ca8cfbdafb998ecfd6d340389" ON public.product_variant USING btree (sku) WHERE (deleted_at IS NULL);


--
-- Name: IDX_2f41b20a71f30e60471d7e3769; Type: INDEX; Schema: public; Owner: mukesh
--

CREATE INDEX "IDX_2f41b20a71f30e60471d7e3769" ON public.line_item_adjustment USING btree (discount_id);


--
-- Name: IDX_3287f98befad26c3a7dab088cf; Type: INDEX; Schema: public; Owner: mukesh
--

CREATE INDEX "IDX_3287f98befad26c3a7dab088cf" ON public.note USING btree (resource_id);


--
-- Name: IDX_346e0016cf045b998074774764; Type: INDEX; Schema: public; Owner: mukesh
--

CREATE INDEX "IDX_346e0016cf045b998074774764" ON public.shipping_tax_rate USING btree (rate_id);


--
-- Name: IDX_37341bad297fe5cca91f921032; Type: INDEX; Schema: public; Owner: mukesh
--

CREATE INDEX "IDX_37341bad297fe5cca91f921032" ON public.product_sales_channel USING btree (sales_channel_id);


--
-- Name: IDX_379ca70338ce9991f3affdeedf; Type: INDEX; Schema: public; Owner: mukesh
--

CREATE UNIQUE INDEX "IDX_379ca70338ce9991f3affdeedf" ON public.analytics_config USING btree (id, user_id) WHERE (deleted_at IS NULL);


--
-- Name: IDX_37f361c38a18d12a3fa3158d0c; Type: INDEX; Schema: public; Owner: mukesh
--

CREATE INDEX "IDX_37f361c38a18d12a3fa3158d0c" ON public.region_fulfillment_providers USING btree (provider_id);


--
-- Name: IDX_3a6947180aeec283cd92c59ebb; Type: INDEX; Schema: public; Owner: mukesh
--

CREATE INDEX "IDX_3a6947180aeec283cd92c59ebb" ON public.region_payment_providers USING btree (provider_id);


--
-- Name: IDX_3c6412d076292f439269abe1a2; Type: INDEX; Schema: public; Owner: mukesh
--

CREATE INDEX "IDX_3c6412d076292f439269abe1a2" ON public.customer_group_customers USING btree (customer_id);


--
-- Name: IDX_3fa354d8d1233ff81097b2fcb6; Type: INDEX; Schema: public; Owner: mukesh
--

CREATE INDEX "IDX_3fa354d8d1233ff81097b2fcb6" ON public.line_item USING btree (swap_id);


--
-- Name: IDX_43a2b24495fe1d9fc2a9c835bc; Type: INDEX; Schema: public; Owner: mukesh
--

CREATE INDEX "IDX_43a2b24495fe1d9fc2a9c835bc" ON public.line_item USING btree (order_id);


--
-- Name: IDX_44090cb11b06174cbcc667e91c; Type: INDEX; Schema: public; Owner: mukesh
--

CREATE INDEX "IDX_44090cb11b06174cbcc667e91c" ON public.custom_shipping_option USING btree (shipping_option_id);


--
-- Name: IDX_4665f17abc1e81dd58330e5854; Type: INDEX; Schema: public; Owner: mukesh
--

CREATE INDEX "IDX_4665f17abc1e81dd58330e5854" ON public.payment USING btree (cart_id);


--
-- Name: IDX_484c329f4783be4e18e5e2ff09; Type: INDEX; Schema: public; Owner: mukesh
--

CREATE INDEX "IDX_484c329f4783be4e18e5e2ff09" ON public.cart USING btree (region_id);


--
-- Name: IDX_4d5f98645a67545d8dea42e2eb; Type: INDEX; Schema: public; Owner: mukesh
--

CREATE INDEX "IDX_4d5f98645a67545d8dea42e2eb" ON public.discount_condition_customer_group USING btree (customer_group_id);


--
-- Name: IDX_4e0739e5f0244c08d41174ca08; Type: INDEX; Schema: public; Owner: mukesh
--

CREATE INDEX "IDX_4e0739e5f0244c08d41174ca08" ON public.discount_rule_products USING btree (discount_rule_id);


--
-- Name: IDX_4f166bb8c2bfcef2498d97b406; Type: INDEX; Schema: public; Owner: mukesh
--

CREATE INDEX "IDX_4f166bb8c2bfcef2498d97b406" ON public.product_images USING btree (product_id);


--
-- Name: IDX_5077fa54b0d037e984385dfe8a; Type: INDEX; Schema: public; Owner: mukesh
--

CREATE INDEX "IDX_5077fa54b0d037e984385dfe8a" ON public.line_item_tax_line USING btree (item_id);


--
-- Name: IDX_5267705a43d547e232535b656c; Type: INDEX; Schema: public; Owner: mukesh
--

CREATE INDEX "IDX_5267705a43d547e232535b656c" ON public.shipping_method USING btree (order_id);


--
-- Name: IDX_52875734e9dd69064f0041f4d9; Type: INDEX; Schema: public; Owner: mukesh
--

CREATE INDEX "IDX_52875734e9dd69064f0041f4d9" ON public.price_list_customer_groups USING btree (price_list_id);


--
-- Name: IDX_52dd74e8c989aa5665ad2852b8; Type: INDEX; Schema: public; Owner: mukesh
--

CREATE INDEX "IDX_52dd74e8c989aa5665ad2852b8" ON public.swap USING btree (order_id);


--
-- Name: IDX_5371cbaa3be5200f373d24e3d5; Type: INDEX; Schema: public; Owner: mukesh
--

CREATE INDEX "IDX_5371cbaa3be5200f373d24e3d5" ON public.line_item USING btree (variant_id);


--
-- Name: IDX_53cb5605fa42e82b4d47b47bda; Type: INDEX; Schema: public; Owner: mukesh
--

CREATE UNIQUE INDEX "IDX_53cb5605fa42e82b4d47b47bda" ON public.gift_card USING btree (code);


--
-- Name: IDX_5568d3b9ce9f7abeeb37511ecf; Type: INDEX; Schema: public; Owner: mukesh
--

CREATE INDEX "IDX_5568d3b9ce9f7abeeb37511ecf" ON public."order" USING btree (billing_address_id);


--
-- Name: IDX_579e01fb94f4f58db480857e05; Type: INDEX; Schema: public; Owner: mukesh
--

CREATE INDEX "IDX_579e01fb94f4f58db480857e05" ON public."order" USING btree (display_id);


--
-- Name: IDX_5a4d5e1e60f97633547821ec8d; Type: INDEX; Schema: public; Owner: mukesh
--

CREATE INDEX "IDX_5a4d5e1e60f97633547821ec8d" ON public.product_sales_channel USING btree (product_id);


--
-- Name: IDX_5b0c6fc53c574299ecc7f9ee22; Type: INDEX; Schema: public; Owner: mukesh
--

CREATE INDEX "IDX_5b0c6fc53c574299ecc7f9ee22" ON public.product_tags USING btree (product_id);


--
-- Name: IDX_5bd11d0e2a9628128e2c26fd0a; Type: INDEX; Schema: public; Owner: mukesh
--

CREATE INDEX "IDX_5bd11d0e2a9628128e2c26fd0a" ON public.draft_order USING btree (cart_id);


--
-- Name: IDX_5c58105f1752fca0f4ce69f466; Type: INDEX; Schema: public; Owner: mukesh
--

CREATE INDEX "IDX_5c58105f1752fca0f4ce69f466" ON public.shipping_option USING btree (region_id);


--
-- Name: IDX_620330964db8d2999e67b0dbe3; Type: INDEX; Schema: public; Owner: mukesh
--

CREATE INDEX "IDX_620330964db8d2999e67b0dbe3" ON public.customer_group_customers USING btree (customer_group_id);


--
-- Name: IDX_64980511ca32c8e92b417644af; Type: INDEX; Schema: public; Owner: mukesh
--

CREATE INDEX "IDX_64980511ca32c8e92b417644af" ON public.claim_item USING btree (variant_id);


--
-- Name: IDX_6680319ebe1f46d18f106191d5; Type: INDEX; Schema: public; Owner: mukesh
--

CREATE INDEX "IDX_6680319ebe1f46d18f106191d5" ON public.cart_discounts USING btree (cart_id);


--
-- Name: IDX_6b0ce4b4bcfd24491510bf19d1; Type: INDEX; Schema: public; Owner: mukesh
--

CREATE UNIQUE INDEX "IDX_6b0ce4b4bcfd24491510bf19d1" ON public.invite USING btree (user_email);


--
-- Name: IDX_6b9c66b5e36f7c827dfaa092f9; Type: INDEX; Schema: public; Owner: mukesh
--

CREATE INDEX "IDX_6b9c66b5e36f7c827dfaa092f9" ON public.cart USING btree (billing_address_id);


--
-- Name: IDX_6e0cad0daef76bb642675910b9; Type: INDEX; Schema: public; Owner: mukesh
--

CREATE INDEX "IDX_6e0cad0daef76bb642675910b9" ON public.claim_item USING btree (item_id);


--
-- Name: IDX_6ef23ce0b1d9cf9b5b833e52b9; Type: INDEX; Schema: public; Owner: mukesh
--

CREATE INDEX "IDX_6ef23ce0b1d9cf9b5b833e52b9" ON public.discount_condition_product_type USING btree (condition_id);


--
-- Name: IDX_6f234f058bbbea810dce1d04d0; Type: INDEX; Schema: public; Owner: mukesh
--

CREATE UNIQUE INDEX "IDX_6f234f058bbbea810dce1d04d0" ON public.product_collection USING btree (handle) WHERE (deleted_at IS NULL);


--
-- Name: IDX_71773d56eb2bacb922bc328339; Type: INDEX; Schema: public; Owner: mukesh
--

CREATE INDEX "IDX_71773d56eb2bacb922bc328339" ON public.return USING btree (claim_order_id);


--
-- Name: IDX_82a6bbb0b527c20a0002ddcbd6; Type: INDEX; Schema: public; Owner: mukesh
--

CREATE INDEX "IDX_82a6bbb0b527c20a0002ddcbd6" ON public.store_currencies USING btree (currency_code);


--
-- Name: IDX_8486ee16e69013c645d0b8716b; Type: INDEX; Schema: public; Owner: mukesh
--

CREATE INDEX "IDX_8486ee16e69013c645d0b8716b" ON public.discount_condition_customer_group USING btree (condition_id);


--
-- Name: IDX_8aaa78ba90d3802edac317df86; Type: INDEX; Schema: public; Owner: mukesh
--

CREATE INDEX "IDX_8aaa78ba90d3802edac317df86" ON public.region_payment_providers USING btree (region_id);


--
-- Name: IDX_8abe81b9aac151ae60bf507ad1; Type: INDEX; Schema: public; Owner: mukesh
--

CREATE INDEX "IDX_8abe81b9aac151ae60bf507ad1" ON public.customer USING btree (billing_address_id);


--
-- Name: IDX_8df75ef4f35f217768dc113545; Type: INDEX; Schema: public; Owner: mukesh
--

CREATE INDEX "IDX_8df75ef4f35f217768dc113545" ON public.cart_discounts USING btree (discount_id);


--
-- Name: IDX_8f6dd6c49202f1466ebf21e77d; Type: INDEX; Schema: public; Owner: mukesh
--

CREATE INDEX "IDX_8f6dd6c49202f1466ebf21e77d" ON public.draft_order USING btree (order_id);


--
-- Name: IDX_900a9c3834257304396b2b0fe7; Type: INDEX; Schema: public; Owner: mukesh
--

CREATE INDEX "IDX_900a9c3834257304396b2b0fe7" ON public.claim_item USING btree (claim_order_id);


--
-- Name: IDX_926ca9f29014af8091722dede0; Type: INDEX; Schema: public; Owner: mukesh
--

CREATE INDEX "IDX_926ca9f29014af8091722dede0" ON public.shipping_method_tax_line USING btree (shipping_method_id);


--
-- Name: IDX_93caeb1bb70d37c1d36d6701a7; Type: INDEX; Schema: public; Owner: mukesh
--

CREATE INDEX "IDX_93caeb1bb70d37c1d36d6701a7" ON public.custom_shipping_option USING btree (cart_id);


--
-- Name: IDX_9c9614b2f9d01665800ea8dbff; Type: INDEX; Schema: public; Owner: mukesh
--

CREATE INDEX "IDX_9c9614b2f9d01665800ea8dbff" ON public.address USING btree (customer_id);


--
-- Name: IDX_9d1a161434c610aae7c3df2dc7; Type: INDEX; Schema: public; Owner: mukesh
--

CREATE INDEX "IDX_9d1a161434c610aae7c3df2dc7" ON public.cart USING btree (payment_id);


--
-- Name: IDX_a0b05dc4257abe639cb75f8eae; Type: INDEX; Schema: public; Owner: mukesh
--

CREATE INDEX "IDX_a0b05dc4257abe639cb75f8eae" ON public.discount_condition_product_collection USING btree (product_collection_id);


--
-- Name: IDX_a0e206bfaed3cb63c186091734; Type: INDEX; Schema: public; Owner: mukesh
--

CREATE INDEX "IDX_a0e206bfaed3cb63c186091734" ON public.shipping_option USING btree (provider_id);


--
-- Name: IDX_a1c4f9cfb599ad1f0db39cadd5; Type: INDEX; Schema: public; Owner: mukesh
--

CREATE INDEX "IDX_a1c4f9cfb599ad1f0db39cadd5" ON public.discount_condition_product_collection USING btree (condition_id);


--
-- Name: IDX_a21a7ffbe420d492eb46c305fe; Type: INDEX; Schema: public; Owner: mukesh
--

CREATE INDEX "IDX_a21a7ffbe420d492eb46c305fe" ON public.discount_regions USING btree (region_id);


--
-- Name: IDX_a421bf4588d0004a9b0c0fe84f; Type: INDEX; Schema: public; Owner: mukesh
--

CREATE UNIQUE INDEX "IDX_a421bf4588d0004a9b0c0fe84f" ON public.idempotency_key USING btree (idempotency_key);


--
-- Name: IDX_a52e234f729db789cf473297a5; Type: INDEX; Schema: public; Owner: mukesh
--

CREATE INDEX "IDX_a52e234f729db789cf473297a5" ON public.fulfillment USING btree (swap_id);


--
-- Name: IDX_aa16f61348be02dd07ce3fc54e; Type: INDEX; Schema: public; Owner: mukesh
--

CREATE UNIQUE INDEX "IDX_aa16f61348be02dd07ce3fc54e" ON public.product_variant USING btree (upc) WHERE (deleted_at IS NULL);


--
-- Name: IDX_aac4855eadda71aa1e4b6d7684; Type: INDEX; Schema: public; Owner: mukesh
--

CREATE INDEX "IDX_aac4855eadda71aa1e4b6d7684" ON public.payment USING btree (cart_id) WHERE (canceled_at IS NOT NULL);


--
-- Name: IDX_ac2c280de3701b2d66f6817f76; Type: INDEX; Schema: public; Owner: mukesh
--

CREATE INDEX "IDX_ac2c280de3701b2d66f6817f76" ON public.discount USING btree (rule_id);


--
-- Name: IDX_b1aac8314662fa6b25569a575b; Type: INDEX; Schema: public; Owner: mukesh
--

CREATE INDEX "IDX_b1aac8314662fa6b25569a575b" ON public.country USING btree (region_id);


--
-- Name: IDX_b4f4b63d1736689b7008980394; Type: INDEX; Schema: public; Owner: mukesh
--

CREATE INDEX "IDX_b4f4b63d1736689b7008980394" ON public.store_currencies USING btree (store_id);


--
-- Name: IDX_b5b6225539ee8501082fbc0714; Type: INDEX; Schema: public; Owner: mukesh
--

CREATE UNIQUE INDEX "IDX_b5b6225539ee8501082fbc0714" ON public.product_variant USING btree (ean) WHERE (deleted_at IS NULL);


--
-- Name: IDX_b5df0f53a74b9d0c0a2b652c88; Type: INDEX; Schema: public; Owner: mukesh
--

CREATE INDEX "IDX_b5df0f53a74b9d0c0a2b652c88" ON public.notification USING btree (customer_id);


--
-- Name: IDX_b6bcf8c3903097b84e85154eed; Type: INDEX; Schema: public; Owner: mukesh
--

CREATE INDEX "IDX_b6bcf8c3903097b84e85154eed" ON public.gift_card USING btree (region_id);


--
-- Name: IDX_ba8de19442d86957a3aa3b5006; Type: INDEX; Schema: public; Owner: mukesh
--

CREATE UNIQUE INDEX "IDX_ba8de19442d86957a3aa3b5006" ON public."user" USING btree (email) WHERE (deleted_at IS NULL);


--
-- Name: IDX_bad82d7bff2b08b87094bfac3d; Type: INDEX; Schema: public; Owner: mukesh
--

CREATE INDEX "IDX_bad82d7bff2b08b87094bfac3d" ON public.return USING btree (swap_id);


--
-- Name: IDX_be66106a673b88a81c603abe7e; Type: INDEX; Schema: public; Owner: mukesh
--

CREATE INDEX "IDX_be66106a673b88a81c603abe7e" ON public.discount_rule_products USING btree (product_id);


--
-- Name: IDX_be9aea2ccf3567007b6227da4d; Type: INDEX; Schema: public; Owner: mukesh
--

CREATE INDEX "IDX_be9aea2ccf3567007b6227da4d" ON public.line_item_adjustment USING btree (item_id);


--
-- Name: IDX_beb35a6de60a6c4f91d5ae57e4; Type: INDEX; Schema: public; Owner: mukesh
--

CREATE INDEX "IDX_beb35a6de60a6c4f91d5ae57e4" ON public.fulfillment USING btree (provider_id);


--
-- Name: IDX_bf701b88d2041392a288785ada; Type: INDEX; Schema: public; Owner: mukesh
--

CREATE UNIQUE INDEX "IDX_bf701b88d2041392a288785ada" ON public.line_item_adjustment USING btree (discount_id, item_id) WHERE (discount_id IS NOT NULL);


--
-- Name: IDX_c17aff091441b7c25ec3d68d36; Type: INDEX; Schema: public; Owner: mukesh
--

CREATE INDEX "IDX_c17aff091441b7c25ec3d68d36" ON public.payment USING btree (swap_id);


--
-- Name: IDX_c2c0f3edf39515bd15432afe6e; Type: INDEX; Schema: public; Owner: mukesh
--

CREATE INDEX "IDX_c2c0f3edf39515bd15432afe6e" ON public.claim_item_tags USING btree (item_id);


--
-- Name: IDX_c49c061b1a686843c5d673506f; Type: INDEX; Schema: public; Owner: mukesh
--

CREATE UNIQUE INDEX "IDX_c49c061b1a686843c5d673506f" ON public.oauth USING btree (application_name);


--
-- Name: IDX_c4c3a5225a7a1f0af782c40abc; Type: INDEX; Schema: public; Owner: mukesh
--

CREATE UNIQUE INDEX "IDX_c4c3a5225a7a1f0af782c40abc" ON public.customer_group USING btree (name) WHERE (deleted_at IS NULL);


--
-- Name: IDX_c5516f550433c9b1c2630d787a; Type: INDEX; Schema: public; Owner: mukesh
--

CREATE INDEX "IDX_c5516f550433c9b1c2630d787a" ON public.price_list_customer_groups USING btree (customer_group_id);


--
-- Name: IDX_c556e14eff4d6f03db593df955; Type: INDEX; Schema: public; Owner: mukesh
--

CREATE INDEX "IDX_c556e14eff4d6f03db593df955" ON public.region_fulfillment_providers USING btree (region_id);


--
-- Name: IDX_c759f53b2e48e8cfb50638fe4e; Type: INDEX; Schema: public; Owner: mukesh
--

CREATE INDEX "IDX_c759f53b2e48e8cfb50638fe4e" ON public.discount_condition_product USING btree (product_id);


--
-- Name: IDX_c951439af4c98bf2bd7fb8726c; Type: INDEX; Schema: public; Owner: mukesh
--

CREATE INDEX "IDX_c951439af4c98bf2bd7fb8726c" ON public.shipping_option USING btree (profile_id);


--
-- Name: IDX_c99a206eb11ad45f6b7f04f2dc; Type: INDEX; Schema: public; Owner: mukesh
--

CREATE INDEX "IDX_c99a206eb11ad45f6b7f04f2dc" ON public."order" USING btree (cart_id);


--
-- Name: IDX_ca67dd080aac5ecf99609960cd; Type: INDEX; Schema: public; Owner: mukesh
--

CREATE INDEX "IDX_ca67dd080aac5ecf99609960cd" ON public.product_variant USING btree (product_id);


--
-- Name: IDX_cd7812c96209c5bdd48a6b858b; Type: INDEX; Schema: public; Owner: mukesh
--

CREATE INDEX "IDX_cd7812c96209c5bdd48a6b858b" ON public."order" USING btree (customer_id);


--
-- Name: IDX_ced15a9a695d2b5db9dabce763; Type: INDEX; Schema: public; Owner: mukesh
--

CREATE INDEX "IDX_ced15a9a695d2b5db9dabce763" ON public.cart USING btree (shipping_address_id);


--
-- Name: IDX_cf9cc6c3f2e6414b992223fff1; Type: INDEX; Schema: public; Owner: mukesh
--

CREATE UNIQUE INDEX "IDX_cf9cc6c3f2e6414b992223fff1" ON public.product USING btree (handle) WHERE (deleted_at IS NULL);


--
-- Name: IDX_d18ad72f2fb7c87f075825b6f8; Type: INDEX; Schema: public; Owner: mukesh
--

CREATE INDEX "IDX_d18ad72f2fb7c87f075825b6f8" ON public.payment_session USING btree (provider_id);


--
-- Name: IDX_d25ba0787e1510ddc5d442ebcf; Type: INDEX; Schema: public; Owner: mukesh
--

CREATE INDEX "IDX_d25ba0787e1510ddc5d442ebcf" ON public.payment_session USING btree (cart_id);


--
-- Name: IDX_d38047a90f3d42f0be7909e8ae; Type: INDEX; Schema: public; Owner: mukesh
--

CREATE INDEX "IDX_d38047a90f3d42f0be7909e8ae" ON public.cart_gift_cards USING btree (cart_id);


--
-- Name: IDX_d4bd17f918fc6c332b74a368c3; Type: INDEX; Schema: public; Owner: mukesh
--

CREATE INDEX "IDX_d4bd17f918fc6c332b74a368c3" ON public.return USING btree (order_id);


--
-- Name: IDX_d73e55964e0ff2db8f03807d52; Type: INDEX; Schema: public; Owner: mukesh
--

CREATE INDEX "IDX_d73e55964e0ff2db8f03807d52" ON public.fulfillment USING btree (claim_order_id);


--
-- Name: IDX_d783a66d1c91c0858752c933e6; Type: INDEX; Schema: public; Owner: mukesh
--

CREATE INDEX "IDX_d783a66d1c91c0858752c933e6" ON public.shipping_method USING btree (claim_order_id);


--
-- Name: IDX_d7d441b81012f87d4265fa57d2; Type: INDEX; Schema: public; Owner: mukesh
--

CREATE INDEX "IDX_d7d441b81012f87d4265fa57d2" ON public.gift_card_transaction USING btree (order_id);


--
-- Name: IDX_d92993a7d554d84571f4eea1d1; Type: INDEX; Schema: public; Owner: mukesh
--

CREATE INDEX "IDX_d92993a7d554d84571f4eea1d1" ON public.shipping_method USING btree (cart_id);


--
-- Name: IDX_dc9bbf9fcb9ba458d25d512811; Type: INDEX; Schema: public; Owner: mukesh
--

CREATE INDEX "IDX_dc9bbf9fcb9ba458d25d512811" ON public.claim_item_tags USING btree (tag_id);


--
-- Name: IDX_df1494d263740fcfb1d09a98fc; Type: INDEX; Schema: public; Owner: mukesh
--

CREATE INDEX "IDX_df1494d263740fcfb1d09a98fc" ON public.notification USING btree (resource_type);


--
-- Name: IDX_dfc1f02bb0552e79076aa58dbb; Type: INDEX; Schema: public; Owner: mukesh
--

CREATE INDEX "IDX_dfc1f02bb0552e79076aa58dbb" ON public.gift_card USING btree (order_id);


--
-- Name: IDX_e1fcce2b18dbcdbe0a5ba9a68b; Type: INDEX; Schema: public; Owner: mukesh
--

CREATE INDEX "IDX_e1fcce2b18dbcdbe0a5ba9a68b" ON public."order" USING btree (region_id);


--
-- Name: IDX_e62ff11e4730bb3adfead979ee; Type: INDEX; Schema: public; Owner: mukesh
--

CREATE INDEX "IDX_e62ff11e4730bb3adfead979ee" ON public.order_gift_cards USING btree (order_id);


--
-- Name: IDX_e706deb68f52ab2756119b9e70; Type: INDEX; Schema: public; Owner: mukesh
--

CREATE INDEX "IDX_e706deb68f52ab2756119b9e70" ON public.discount_condition_product_type USING btree (product_type_id);


--
-- Name: IDX_e78901b1131eaf8203d9b1cb5f; Type: INDEX; Schema: public; Owner: mukesh
--

CREATE UNIQUE INDEX "IDX_e78901b1131eaf8203d9b1cb5f" ON public.country USING btree (iso_2);


--
-- Name: IDX_e7b488cebe333f449398769b2c; Type: INDEX; Schema: public; Owner: mukesh
--

CREATE INDEX "IDX_e7b488cebe333f449398769b2c" ON public.order_discounts USING btree (order_id);


--
-- Name: IDX_e87cc617a22ef4edce5601edab; Type: INDEX; Schema: public; Owner: mukesh
--

CREATE INDEX "IDX_e87cc617a22ef4edce5601edab" ON public.draft_order USING btree (display_id);


--
-- Name: IDX_ea6a358d9ce41c16499aae55f9; Type: INDEX; Schema: public; Owner: mukesh
--

CREATE INDEX "IDX_ea6a358d9ce41c16499aae55f9" ON public.notification USING btree (resource_id);


--
-- Name: IDX_ea94f42b6c88e9191c3649d752; Type: INDEX; Schema: public; Owner: mukesh
--

CREATE INDEX "IDX_ea94f42b6c88e9191c3649d752" ON public.payment USING btree (provider_id);


--
-- Name: IDX_ec10c54769877840c132260e4a; Type: INDEX; Schema: public; Owner: mukesh
--

CREATE INDEX "IDX_ec10c54769877840c132260e4a" ON public.claim_tag USING btree (value);


--
-- Name: IDX_ece65a774192b34253abc4cd67; Type: INDEX; Schema: public; Owner: mukesh
--

CREATE INDEX "IDX_ece65a774192b34253abc4cd67" ON public.product_type_tax_rate USING btree (rate_id);


--
-- Name: IDX_eec9d9af4ca098e19ea6b499ea; Type: INDEX; Schema: public; Owner: mukesh
--

CREATE INDEX "IDX_eec9d9af4ca098e19ea6b499ea" ON public.refund USING btree (order_id);


--
-- Name: IDX_efff700651718e452ca9580a62; Type: INDEX; Schema: public; Owner: mukesh
--

CREATE INDEX "IDX_efff700651718e452ca9580a62" ON public.discount_condition USING btree (discount_rule_id);


--
-- Name: IDX_f05132301e95bdab4ba1cf29a2; Type: INDEX; Schema: public; Owner: mukesh
--

CREATE INDEX "IDX_f05132301e95bdab4ba1cf29a2" ON public.discount_condition_product USING btree (condition_id);


--
-- Name: IDX_f129acc85e346a10eed12b86fc; Type: INDEX; Schema: public; Owner: mukesh
--

CREATE INDEX "IDX_f129acc85e346a10eed12b86fc" ON public.fulfillment USING btree (order_id);


--
-- Name: IDX_f2bb9f71e95b315eb24b2b84cb; Type: INDEX; Schema: public; Owner: mukesh
--

CREATE INDEX "IDX_f2bb9f71e95b315eb24b2b84cb" ON public.order_gift_cards USING btree (gift_card_id);


--
-- Name: IDX_f4194aa81073f3fab8aa86906f; Type: INDEX; Schema: public; Owner: mukesh
--

CREATE INDEX "IDX_f4194aa81073f3fab8aa86906f" ON public.discount_regions USING btree (discount_id);


--
-- Name: IDX_f49e3974465d3c3a33d449d3f3; Type: INDEX; Schema: public; Owner: mukesh
--

CREATE INDEX "IDX_f49e3974465d3c3a33d449d3f3" ON public.claim_order USING btree (order_id);


--
-- Name: IDX_f5221735ace059250daac9d980; Type: INDEX; Schema: public; Owner: mukesh
--

CREATE INDEX "IDX_f5221735ace059250daac9d980" ON public.payment USING btree (order_id);


--
-- Name: IDX_f65bf52e2239ace276ece2b2f4; Type: INDEX; Schema: public; Owner: mukesh
--

CREATE UNIQUE INDEX "IDX_f65bf52e2239ace276ece2b2f4" ON public.discount USING btree (code) WHERE (deleted_at IS NULL);


--
-- Name: IDX_f672727ab020df6c50fb64c1a7; Type: INDEX; Schema: public; Owner: mukesh
--

CREATE INDEX "IDX_f672727ab020df6c50fb64c1a7" ON public.shipping_tax_rate USING btree (shipping_option_id);


--
-- Name: IDX_f74980b411cf94af523a72af7d; Type: INDEX; Schema: public; Owner: mukesh
--

CREATE INDEX "IDX_f74980b411cf94af523a72af7d" ON public.note USING btree (resource_type);


--
-- Name: IDX_fb94fa8d5ca940daa2a58139f8; Type: INDEX; Schema: public; Owner: mukesh
--

CREATE INDEX "IDX_fb94fa8d5ca940daa2a58139f8" ON public.shipping_method USING btree (swap_id);


--
-- Name: IDX_fbb2499551ed074526f3ee3624; Type: INDEX; Schema: public; Owner: mukesh
--

CREATE INDEX "IDX_fbb2499551ed074526f3ee3624" ON public.discount_condition_product_tag USING btree (condition_id);


--
-- Name: IDX_fc963e94854bff2714ca84cd19; Type: INDEX; Schema: public; Owner: mukesh
--

CREATE INDEX "IDX_fc963e94854bff2714ca84cd19" ON public.shipping_method USING btree (shipping_option_id);


--
-- Name: IDX_money_amount_currency_code; Type: INDEX; Schema: public; Owner: mukesh
--

CREATE INDEX "IDX_money_amount_currency_code" ON public.money_amount USING btree (currency_code);


--
-- Name: IDX_order_currency_code; Type: INDEX; Schema: public; Owner: mukesh
--

CREATE INDEX "IDX_order_currency_code" ON public."order" USING btree (currency_code);


--
-- Name: IDX_order_edit_order_id; Type: INDEX; Schema: public; Owner: mukesh
--

CREATE INDEX "IDX_order_edit_order_id" ON public.order_edit USING btree (order_id);


--
-- Name: IDX_order_edit_payment_collection_id; Type: INDEX; Schema: public; Owner: mukesh
--

CREATE INDEX "IDX_order_edit_payment_collection_id" ON public.order_edit USING btree (payment_collection_id);


--
-- Name: IDX_payment_collection_currency_code; Type: INDEX; Schema: public; Owner: mukesh
--

CREATE INDEX "IDX_payment_collection_currency_code" ON public.payment_collection USING btree (currency_code) WHERE (deleted_at IS NULL);


--
-- Name: IDX_payment_collection_payments_payment_collection_id; Type: INDEX; Schema: public; Owner: mukesh
--

CREATE INDEX "IDX_payment_collection_payments_payment_collection_id" ON public.payment_collection_payments USING btree (payment_collection_id);


--
-- Name: IDX_payment_collection_payments_payment_id; Type: INDEX; Schema: public; Owner: mukesh
--

CREATE INDEX "IDX_payment_collection_payments_payment_id" ON public.payment_collection_payments USING btree (payment_id);


--
-- Name: IDX_payment_collection_region_id; Type: INDEX; Schema: public; Owner: mukesh
--

CREATE INDEX "IDX_payment_collection_region_id" ON public.payment_collection USING btree (region_id) WHERE (deleted_at IS NULL);


--
-- Name: IDX_payment_collection_sessions_payment_collection_id; Type: INDEX; Schema: public; Owner: mukesh
--

CREATE INDEX "IDX_payment_collection_sessions_payment_collection_id" ON public.payment_collection_sessions USING btree (payment_collection_id);


--
-- Name: IDX_payment_collection_sessions_payment_session_id; Type: INDEX; Schema: public; Owner: mukesh
--

CREATE INDEX "IDX_payment_collection_sessions_payment_session_id" ON public.payment_collection_sessions USING btree (payment_session_id);


--
-- Name: IDX_payment_currency_code; Type: INDEX; Schema: public; Owner: mukesh
--

CREATE INDEX "IDX_payment_currency_code" ON public.payment USING btree (currency_code);


--
-- Name: IDX_pcp_product_category_id; Type: INDEX; Schema: public; Owner: mukesh
--

CREATE INDEX "IDX_pcp_product_category_id" ON public.product_category_product USING btree (product_category_id);


--
-- Name: IDX_pcp_product_id; Type: INDEX; Schema: public; Owner: mukesh
--

CREATE INDEX "IDX_pcp_product_id" ON public.product_category_product USING btree (product_id);


--
-- Name: IDX_product_category_active_public; Type: INDEX; Schema: public; Owner: mukesh
--

CREATE INDEX "IDX_product_category_active_public" ON public.product_category USING btree (parent_category_id, is_active, is_internal) WHERE ((is_active IS TRUE) AND (is_internal IS FALSE));


--
-- Name: IDX_product_category_handle; Type: INDEX; Schema: public; Owner: mukesh
--

CREATE UNIQUE INDEX "IDX_product_category_handle" ON public.product_category USING btree (handle);


--
-- Name: IDX_product_category_path; Type: INDEX; Schema: public; Owner: mukesh
--

CREATE INDEX "IDX_product_category_path" ON public.product_category USING btree (mpath);


--
-- Name: IDX_product_variant_inventory_item_inventory_item_id; Type: INDEX; Schema: public; Owner: mukesh
--

CREATE INDEX "IDX_product_variant_inventory_item_inventory_item_id" ON public.product_variant_inventory_item USING btree (inventory_item_id) WHERE (deleted_at IS NULL);


--
-- Name: IDX_product_variant_inventory_item_variant_id; Type: INDEX; Schema: public; Owner: mukesh
--

CREATE INDEX "IDX_product_variant_inventory_item_variant_id" ON public.product_variant_inventory_item USING btree (variant_id) WHERE (deleted_at IS NULL);


--
-- Name: IDX_refund_payment_id; Type: INDEX; Schema: public; Owner: mukesh
--

CREATE INDEX "IDX_refund_payment_id" ON public.refund USING btree (payment_id);


--
-- Name: IDX_region_currency_code; Type: INDEX; Schema: public; Owner: mukesh
--

CREATE INDEX "IDX_region_currency_code" ON public.region USING btree (currency_code);


--
-- Name: IDX_return_reason_value; Type: INDEX; Schema: public; Owner: mukesh
--

CREATE UNIQUE INDEX "IDX_return_reason_value" ON public.return_reason USING btree (value) WHERE (deleted_at IS NULL);


--
-- Name: IDX_sales_channel_location_location_id; Type: INDEX; Schema: public; Owner: mukesh
--

CREATE INDEX "IDX_sales_channel_location_location_id" ON public.sales_channel_location USING btree (location_id) WHERE (deleted_at IS NULL);


--
-- Name: IDX_sales_channel_location_sales_channel_id; Type: INDEX; Schema: public; Owner: mukesh
--

CREATE INDEX "IDX_sales_channel_location_sales_channel_id" ON public.sales_channel_location USING btree (sales_channel_id) WHERE (deleted_at IS NULL);


--
-- Name: IDX_upcp_product_id_product_category_id; Type: INDEX; Schema: public; Owner: mukesh
--

CREATE UNIQUE INDEX "IDX_upcp_product_id_product_category_id" ON public.product_category_product USING btree (product_category_id, product_id);


--
-- Name: UniqPaymentSessionCartIdProviderId; Type: INDEX; Schema: public; Owner: mukesh
--

CREATE UNIQUE INDEX "UniqPaymentSessionCartIdProviderId" ON public.payment_session USING btree (cart_id, provider_id) WHERE (cart_id IS NOT NULL);


--
-- Name: UniqProductCategoryParentIdRank; Type: INDEX; Schema: public; Owner: mukesh
--

CREATE UNIQUE INDEX "UniqProductCategoryParentIdRank" ON public.product_category USING btree (parent_category_id, rank);


--
-- Name: UniquePaymentActive; Type: INDEX; Schema: public; Owner: mukesh
--

CREATE UNIQUE INDEX "UniquePaymentActive" ON public.payment USING btree (cart_id) WHERE (canceled_at IS NULL);


--
-- Name: idx_gin_product_collection; Type: INDEX; Schema: public; Owner: mukesh
--

CREATE INDEX idx_gin_product_collection ON public.product_collection USING gin (title public.gin_trgm_ops) WHERE (deleted_at IS NULL);


--
-- Name: idx_gin_product_description; Type: INDEX; Schema: public; Owner: mukesh
--

CREATE INDEX idx_gin_product_description ON public.product USING gin (description public.gin_trgm_ops) WHERE (deleted_at IS NULL);


--
-- Name: idx_gin_product_title; Type: INDEX; Schema: public; Owner: mukesh
--

CREATE INDEX idx_gin_product_title ON public.product USING gin (title public.gin_trgm_ops) WHERE (deleted_at IS NULL);


--
-- Name: idx_gin_product_variant_sku; Type: INDEX; Schema: public; Owner: mukesh
--

CREATE INDEX idx_gin_product_variant_sku ON public.product_variant USING gin (sku public.gin_trgm_ops) WHERE (deleted_at IS NULL);


--
-- Name: idx_gin_product_variant_title; Type: INDEX; Schema: public; Owner: mukesh
--

CREATE INDEX idx_gin_product_variant_title ON public.product_variant USING gin (title public.gin_trgm_ops) WHERE (deleted_at IS NULL);


--
-- Name: idx_money_amount_region_id; Type: INDEX; Schema: public; Owner: mukesh
--

CREATE INDEX idx_money_amount_region_id ON public.money_amount USING btree (region_id);


--
-- Name: idx_product_option_value_option_id; Type: INDEX; Schema: public; Owner: mukesh
--

CREATE INDEX idx_product_option_value_option_id ON public.product_option_value USING btree (option_id);


--
-- Name: idx_product_option_value_variant_id; Type: INDEX; Schema: public; Owner: mukesh
--

CREATE INDEX idx_product_option_value_variant_id ON public.product_option_value USING btree (variant_id);


--
-- Name: idx_product_shipping_profile_product_id; Type: INDEX; Schema: public; Owner: mukesh
--

CREATE INDEX idx_product_shipping_profile_product_id ON public.product_shipping_profile USING btree (product_id);


--
-- Name: idx_product_shipping_profile_profile_id; Type: INDEX; Schema: public; Owner: mukesh
--

CREATE INDEX idx_product_shipping_profile_profile_id ON public.product_shipping_profile USING btree (profile_id);


--
-- Name: idx_product_shipping_profile_profile_id_product_id_unique; Type: INDEX; Schema: public; Owner: mukesh
--

CREATE UNIQUE INDEX idx_product_shipping_profile_profile_id_product_id_unique ON public.product_shipping_profile USING btree (profile_id, product_id);


--
-- Name: idx_product_variant_money_amount_money_amount_id_unique; Type: INDEX; Schema: public; Owner: mukesh
--

CREATE UNIQUE INDEX idx_product_variant_money_amount_money_amount_id_unique ON public.product_variant_money_amount USING btree (money_amount_id);


--
-- Name: idx_product_variant_money_amount_variant_id; Type: INDEX; Schema: public; Owner: mukesh
--

CREATE INDEX idx_product_variant_money_amount_variant_id ON public.product_variant_money_amount USING btree (variant_id);


--
-- Name: unique_li_original_item_id_order_edit_id; Type: INDEX; Schema: public; Owner: mukesh
--

CREATE UNIQUE INDEX unique_li_original_item_id_order_edit_id ON public.line_item USING btree (order_edit_id, original_item_id) WHERE ((original_item_id IS NOT NULL) AND (order_edit_id IS NOT NULL));


--
-- Name: shipping_option_requirement FK_012a62ba743e427b5ebe9dee18e; Type: FK CONSTRAINT; Schema: public; Owner: mukesh
--

ALTER TABLE ONLY public.shipping_option_requirement
    ADD CONSTRAINT "FK_012a62ba743e427b5ebe9dee18e" FOREIGN KEY (shipping_option_id) REFERENCES public.shipping_option(id);


--
-- Name: discount_condition_product_tag FK_01486cc9dc6b36bf658685535f6; Type: FK CONSTRAINT; Schema: public; Owner: mukesh
--

ALTER TABLE ONLY public.discount_condition_product_tag
    ADD CONSTRAINT "FK_01486cc9dc6b36bf658685535f6" FOREIGN KEY (product_tag_id) REFERENCES public.product_tag(id) ON DELETE CASCADE;


--
-- Name: claim_order FK_017d58bf8260c6e1a2588d258e2; Type: FK CONSTRAINT; Schema: public; Owner: mukesh
--

ALTER TABLE ONLY public.claim_order
    ADD CONSTRAINT "FK_017d58bf8260c6e1a2588d258e2" FOREIGN KEY (shipping_address_id) REFERENCES public.address(id);


--
-- Name: notification FK_0425c2423e2ce9fdfd5c23761d9; Type: FK CONSTRAINT; Schema: public; Owner: mukesh
--

ALTER TABLE ONLY public.notification
    ADD CONSTRAINT "FK_0425c2423e2ce9fdfd5c23761d9" FOREIGN KEY (provider_id) REFERENCES public.notification_provider(id);


--
-- Name: cart_gift_cards FK_0fb38b6d167793192bc126d835e; Type: FK CONSTRAINT; Schema: public; Owner: mukesh
--

ALTER TABLE ONLY public.cart_gift_cards
    ADD CONSTRAINT "FK_0fb38b6d167793192bc126d835e" FOREIGN KEY (gift_card_id) REFERENCES public.gift_card(id) ON DELETE CASCADE;


--
-- Name: order_discounts FK_0fc1ec4e3db9001ad60c19daf16; Type: FK CONSTRAINT; Schema: public; Owner: mukesh
--

ALTER TABLE ONLY public.order_discounts
    ADD CONSTRAINT "FK_0fc1ec4e3db9001ad60c19daf16" FOREIGN KEY (discount_id) REFERENCES public.discount(id) ON DELETE CASCADE;


--
-- Name: line_item FK_118e3c48f09a7728f41023c94ef; Type: FK CONSTRAINT; Schema: public; Owner: mukesh
--

ALTER TABLE ONLY public.line_item
    ADD CONSTRAINT "FK_118e3c48f09a7728f41023c94ef" FOREIGN KEY (claim_order_id) REFERENCES public.claim_order(id);


--
-- Name: order FK_19b0c6293443d1b464f604c3316; Type: FK CONSTRAINT; Schema: public; Owner: mukesh
--

ALTER TABLE ONLY public."order"
    ADD CONSTRAINT "FK_19b0c6293443d1b464f604c3316" FOREIGN KEY (shipping_address_id) REFERENCES public.address(id);


--
-- Name: product_tax_rate FK_1d04aebeabb6a89f87e536a124d; Type: FK CONSTRAINT; Schema: public; Owner: mukesh
--

ALTER TABLE ONLY public.product_tax_rate
    ADD CONSTRAINT "FK_1d04aebeabb6a89f87e536a124d" FOREIGN KEY (product_id) REFERENCES public.product(id) ON DELETE CASCADE;


--
-- Name: shipping_method FK_1d9ad62038998c3a85c77a53cfb; Type: FK CONSTRAINT; Schema: public; Owner: mukesh
--

ALTER TABLE ONLY public.shipping_method
    ADD CONSTRAINT "FK_1d9ad62038998c3a85c77a53cfb" FOREIGN KEY (return_id) REFERENCES public.return(id);


--
-- Name: order_edit FK_1f3a251488a91510f57e1bf93cd; Type: FK CONSTRAINT; Schema: public; Owner: mukesh
--

ALTER TABLE ONLY public.order_edit
    ADD CONSTRAINT "FK_1f3a251488a91510f57e1bf93cd" FOREIGN KEY (order_id) REFERENCES public."order"(id);


--
-- Name: product_tags FK_21683a063fe82dafdf681ecc9c4; Type: FK CONSTRAINT; Schema: public; Owner: mukesh
--

ALTER TABLE ONLY public.product_tags
    ADD CONSTRAINT "FK_21683a063fe82dafdf681ecc9c4" FOREIGN KEY (product_tag_id) REFERENCES public.product_tag(id) ON DELETE CASCADE;


--
-- Name: claim_image FK_21cbfedd83d736d86f4c6f4ce56; Type: FK CONSTRAINT; Schema: public; Owner: mukesh
--

ALTER TABLE ONLY public.claim_image
    ADD CONSTRAINT "FK_21cbfedd83d736d86f4c6f4ce56" FOREIGN KEY (claim_item_id) REFERENCES public.claim_item(id);


--
-- Name: product_images FK_2212515ba306c79f42c46a99db7; Type: FK CONSTRAINT; Schema: public; Owner: mukesh
--

ALTER TABLE ONLY public.product_images
    ADD CONSTRAINT "FK_2212515ba306c79f42c46a99db7" FOREIGN KEY (image_id) REFERENCES public.image(id) ON DELETE CASCADE;


--
-- Name: return_reason FK_2250c5d9e975987ab212f61a657; Type: FK CONSTRAINT; Schema: public; Owner: mukesh
--

ALTER TABLE ONLY public.return_reason
    ADD CONSTRAINT "FK_2250c5d9e975987ab212f61a657" FOREIGN KEY (parent_return_reason_id) REFERENCES public.return_reason(id);


--
-- Name: discount FK_2250c5d9e975987ab212f61a663; Type: FK CONSTRAINT; Schema: public; Owner: mukesh
--

ALTER TABLE ONLY public.discount
    ADD CONSTRAINT "FK_2250c5d9e975987ab212f61a663" FOREIGN KEY (parent_discount_id) REFERENCES public.discount(id);


--
-- Name: cart FK_242205c81c1152fab1b6e848470; Type: FK CONSTRAINT; Schema: public; Owner: mukesh
--

ALTER TABLE ONLY public.cart
    ADD CONSTRAINT "FK_242205c81c1152fab1b6e848470" FOREIGN KEY (customer_id) REFERENCES public.customer(id);


--
-- Name: product_tax_rate FK_2484cf14c437a04586b07e7dddb; Type: FK CONSTRAINT; Schema: public; Owner: mukesh
--

ALTER TABLE ONLY public.product_tax_rate
    ADD CONSTRAINT "FK_2484cf14c437a04586b07e7dddb" FOREIGN KEY (rate_id) REFERENCES public.tax_rate(id) ON DELETE CASCADE;


--
-- Name: product_type_tax_rate FK_25a3138bb236f63d9bb6c8ff111; Type: FK CONSTRAINT; Schema: public; Owner: mukesh
--

ALTER TABLE ONLY public.product_type_tax_rate
    ADD CONSTRAINT "FK_25a3138bb236f63d9bb6c8ff111" FOREIGN KEY (product_type_id) REFERENCES public.product_type(id) ON DELETE CASCADE;


--
-- Name: line_item FK_27283ee631862266d0f1c680646; Type: FK CONSTRAINT; Schema: public; Owner: mukesh
--

ALTER TABLE ONLY public.line_item
    ADD CONSTRAINT "FK_27283ee631862266d0f1c680646" FOREIGN KEY (cart_id) REFERENCES public.cart(id);


--
-- Name: line_item_adjustment FK_2f41b20a71f30e60471d7e3769c; Type: FK CONSTRAINT; Schema: public; Owner: mukesh
--

ALTER TABLE ONLY public.line_item_adjustment
    ADD CONSTRAINT "FK_2f41b20a71f30e60471d7e3769c" FOREIGN KEY (discount_id) REFERENCES public.discount(id);


--
-- Name: shipping_tax_rate FK_346e0016cf045b9980747747645; Type: FK CONSTRAINT; Schema: public; Owner: mukesh
--

ALTER TABLE ONLY public.shipping_tax_rate
    ADD CONSTRAINT "FK_346e0016cf045b9980747747645" FOREIGN KEY (rate_id) REFERENCES public.tax_rate(id) ON DELETE CASCADE;


--
-- Name: notification FK_371db513192c083f48ba63c33be; Type: FK CONSTRAINT; Schema: public; Owner: mukesh
--

ALTER TABLE ONLY public.notification
    ADD CONSTRAINT "FK_371db513192c083f48ba63c33be" FOREIGN KEY (parent_id) REFERENCES public.notification(id);


--
-- Name: product_sales_channel FK_37341bad297fe5cca91f921032b; Type: FK CONSTRAINT; Schema: public; Owner: mukesh
--

ALTER TABLE ONLY public.product_sales_channel
    ADD CONSTRAINT "FK_37341bad297fe5cca91f921032b" FOREIGN KEY (sales_channel_id) REFERENCES public.sales_channel(id) ON UPDATE CASCADE ON DELETE CASCADE;


--
-- Name: region_fulfillment_providers FK_37f361c38a18d12a3fa3158d0cf; Type: FK CONSTRAINT; Schema: public; Owner: mukesh
--

ALTER TABLE ONLY public.region_fulfillment_providers
    ADD CONSTRAINT "FK_37f361c38a18d12a3fa3158d0cf" FOREIGN KEY (provider_id) REFERENCES public.fulfillment_provider(id) ON DELETE CASCADE;


--
-- Name: region_payment_providers FK_3a6947180aeec283cd92c59ebb0; Type: FK CONSTRAINT; Schema: public; Owner: mukesh
--

ALTER TABLE ONLY public.region_payment_providers
    ADD CONSTRAINT "FK_3a6947180aeec283cd92c59ebb0" FOREIGN KEY (provider_id) REFERENCES public.payment_provider(id) ON DELETE CASCADE;


--
-- Name: region FK_3bdd5896ec93be2f1c62a3309a5; Type: FK CONSTRAINT; Schema: public; Owner: mukesh
--

ALTER TABLE ONLY public.region
    ADD CONSTRAINT "FK_3bdd5896ec93be2f1c62a3309a5" FOREIGN KEY (currency_code) REFERENCES public.currency(code);


--
-- Name: customer_group_customers FK_3c6412d076292f439269abe1a23; Type: FK CONSTRAINT; Schema: public; Owner: mukesh
--

ALTER TABLE ONLY public.customer_group_customers
    ADD CONSTRAINT "FK_3c6412d076292f439269abe1a23" FOREIGN KEY (customer_id) REFERENCES public.customer(id) ON DELETE CASCADE;


--
-- Name: line_item FK_3fa354d8d1233ff81097b2fcb6b; Type: FK CONSTRAINT; Schema: public; Owner: mukesh
--

ALTER TABLE ONLY public.line_item
    ADD CONSTRAINT "FK_3fa354d8d1233ff81097b2fcb6b" FOREIGN KEY (swap_id) REFERENCES public.swap(id);


--
-- Name: gift_card_transaction FK_3ff5597f1d7e02bba41541846f4; Type: FK CONSTRAINT; Schema: public; Owner: mukesh
--

ALTER TABLE ONLY public.gift_card_transaction
    ADD CONSTRAINT "FK_3ff5597f1d7e02bba41541846f4" FOREIGN KEY (gift_card_id) REFERENCES public.gift_card(id);


--
-- Name: swap FK_402e8182bc553e082f6380020b4; Type: FK CONSTRAINT; Schema: public; Owner: mukesh
--

ALTER TABLE ONLY public.swap
    ADD CONSTRAINT "FK_402e8182bc553e082f6380020b4" FOREIGN KEY (cart_id) REFERENCES public.cart(id);


--
-- Name: line_item FK_43a2b24495fe1d9fc2a9c835bc7; Type: FK CONSTRAINT; Schema: public; Owner: mukesh
--

ALTER TABLE ONLY public.line_item
    ADD CONSTRAINT "FK_43a2b24495fe1d9fc2a9c835bc7" FOREIGN KEY (order_id) REFERENCES public."order"(id);


--
-- Name: custom_shipping_option FK_44090cb11b06174cbcc667e91ca; Type: FK CONSTRAINT; Schema: public; Owner: mukesh
--

ALTER TABLE ONLY public.custom_shipping_option
    ADD CONSTRAINT "FK_44090cb11b06174cbcc667e91ca" FOREIGN KEY (shipping_option_id) REFERENCES public.shipping_option(id);


--
-- Name: order_item_change FK_44feeebb258bf4cfa4cc4202281; Type: FK CONSTRAINT; Schema: public; Owner: mukesh
--

ALTER TABLE ONLY public.order_item_change
    ADD CONSTRAINT "FK_44feeebb258bf4cfa4cc4202281" FOREIGN KEY (order_edit_id) REFERENCES public.order_edit(id);


--
-- Name: payment FK_4665f17abc1e81dd58330e58542; Type: FK CONSTRAINT; Schema: public; Owner: mukesh
--

ALTER TABLE ONLY public.payment
    ADD CONSTRAINT "FK_4665f17abc1e81dd58330e58542" FOREIGN KEY (cart_id) REFERENCES public.cart(id);


--
-- Name: tracking_link FK_471e9e4c96e02ba209a307db32b; Type: FK CONSTRAINT; Schema: public; Owner: mukesh
--

ALTER TABLE ONLY public.tracking_link
    ADD CONSTRAINT "FK_471e9e4c96e02ba209a307db32b" FOREIGN KEY (fulfillment_id) REFERENCES public.fulfillment(id);


--
-- Name: cart FK_484c329f4783be4e18e5e2ff090; Type: FK CONSTRAINT; Schema: public; Owner: mukesh
--

ALTER TABLE ONLY public.cart
    ADD CONSTRAINT "FK_484c329f4783be4e18e5e2ff090" FOREIGN KEY (region_id) REFERENCES public.region(id);


--
-- Name: product FK_49d419fc77d3aed46c835c558ac; Type: FK CONSTRAINT; Schema: public; Owner: mukesh
--

ALTER TABLE ONLY public.product
    ADD CONSTRAINT "FK_49d419fc77d3aed46c835c558ac" FOREIGN KEY (collection_id) REFERENCES public.product_collection(id);


--
-- Name: discount_condition_customer_group FK_4d5f98645a67545d8dea42e2eb8; Type: FK CONSTRAINT; Schema: public; Owner: mukesh
--

ALTER TABLE ONLY public.discount_condition_customer_group
    ADD CONSTRAINT "FK_4d5f98645a67545d8dea42e2eb8" FOREIGN KEY (customer_group_id) REFERENCES public.customer_group(id) ON DELETE CASCADE;


--
-- Name: discount_rule_products FK_4e0739e5f0244c08d41174ca08a; Type: FK CONSTRAINT; Schema: public; Owner: mukesh
--

ALTER TABLE ONLY public.discount_rule_products
    ADD CONSTRAINT "FK_4e0739e5f0244c08d41174ca08a" FOREIGN KEY (discount_rule_id) REFERENCES public.discount_rule(id) ON DELETE CASCADE;


--
-- Name: product_images FK_4f166bb8c2bfcef2498d97b4068; Type: FK CONSTRAINT; Schema: public; Owner: mukesh
--

ALTER TABLE ONLY public.product_images
    ADD CONSTRAINT "FK_4f166bb8c2bfcef2498d97b4068" FOREIGN KEY (product_id) REFERENCES public.product(id) ON DELETE CASCADE;


--
-- Name: line_item_tax_line FK_5077fa54b0d037e984385dfe8ad; Type: FK CONSTRAINT; Schema: public; Owner: mukesh
--

ALTER TABLE ONLY public.line_item_tax_line
    ADD CONSTRAINT "FK_5077fa54b0d037e984385dfe8ad" FOREIGN KEY (item_id) REFERENCES public.line_item(id) ON DELETE CASCADE;


--
-- Name: shipping_method FK_5267705a43d547e232535b656c2; Type: FK CONSTRAINT; Schema: public; Owner: mukesh
--

ALTER TABLE ONLY public.shipping_method
    ADD CONSTRAINT "FK_5267705a43d547e232535b656c2" FOREIGN KEY (order_id) REFERENCES public."order"(id);


--
-- Name: price_list_customer_groups FK_52875734e9dd69064f0041f4d92; Type: FK CONSTRAINT; Schema: public; Owner: mukesh
--

ALTER TABLE ONLY public.price_list_customer_groups
    ADD CONSTRAINT "FK_52875734e9dd69064f0041f4d92" FOREIGN KEY (price_list_id) REFERENCES public.price_list(id) ON UPDATE CASCADE ON DELETE CASCADE;


--
-- Name: swap FK_52dd74e8c989aa5665ad2852b8b; Type: FK CONSTRAINT; Schema: public; Owner: mukesh
--

ALTER TABLE ONLY public.swap
    ADD CONSTRAINT "FK_52dd74e8c989aa5665ad2852b8b" FOREIGN KEY (order_id) REFERENCES public."order"(id);


--
-- Name: line_item FK_5371cbaa3be5200f373d24e3d5b; Type: FK CONSTRAINT; Schema: public; Owner: mukesh
--

ALTER TABLE ONLY public.line_item
    ADD CONSTRAINT "FK_5371cbaa3be5200f373d24e3d5b" FOREIGN KEY (variant_id) REFERENCES public.product_variant(id);


--
-- Name: order FK_5568d3b9ce9f7abeeb37511ecf2; Type: FK CONSTRAINT; Schema: public; Owner: mukesh
--

ALTER TABLE ONLY public."order"
    ADD CONSTRAINT "FK_5568d3b9ce9f7abeeb37511ecf2" FOREIGN KEY (billing_address_id) REFERENCES public.address(id);


--
-- Name: store FK_55beebaa09e947cccca554af222; Type: FK CONSTRAINT; Schema: public; Owner: mukesh
--

ALTER TABLE ONLY public.store
    ADD CONSTRAINT "FK_55beebaa09e947cccca554af222" FOREIGN KEY (default_currency_code) REFERENCES public.currency(code);


--
-- Name: product_tags FK_5b0c6fc53c574299ecc7f9ee22e; Type: FK CONSTRAINT; Schema: public; Owner: mukesh
--

ALTER TABLE ONLY public.product_tags
    ADD CONSTRAINT "FK_5b0c6fc53c574299ecc7f9ee22e" FOREIGN KEY (product_id) REFERENCES public.product(id) ON DELETE CASCADE;


--
-- Name: draft_order FK_5bd11d0e2a9628128e2c26fd0a6; Type: FK CONSTRAINT; Schema: public; Owner: mukesh
--

ALTER TABLE ONLY public.draft_order
    ADD CONSTRAINT "FK_5bd11d0e2a9628128e2c26fd0a6" FOREIGN KEY (cart_id) REFERENCES public.cart(id);


--
-- Name: shipping_option FK_5c58105f1752fca0f4ce69f4663; Type: FK CONSTRAINT; Schema: public; Owner: mukesh
--

ALTER TABLE ONLY public.shipping_option
    ADD CONSTRAINT "FK_5c58105f1752fca0f4ce69f4663" FOREIGN KEY (region_id) REFERENCES public.region(id);


--
-- Name: order_item_change FK_5f9688929761f7df108b630e64a; Type: FK CONSTRAINT; Schema: public; Owner: mukesh
--

ALTER TABLE ONLY public.order_item_change
    ADD CONSTRAINT "FK_5f9688929761f7df108b630e64a" FOREIGN KEY (line_item_id) REFERENCES public.line_item(id);


--
-- Name: store FK_61b0f48cccbb5f41c750bac7286; Type: FK CONSTRAINT; Schema: public; Owner: mukesh
--

ALTER TABLE ONLY public.store
    ADD CONSTRAINT "FK_61b0f48cccbb5f41c750bac7286" FOREIGN KEY (default_sales_channel_id) REFERENCES public.sales_channel(id);


--
-- Name: customer_group_customers FK_620330964db8d2999e67b0dbe3e; Type: FK CONSTRAINT; Schema: public; Owner: mukesh
--

ALTER TABLE ONLY public.customer_group_customers
    ADD CONSTRAINT "FK_620330964db8d2999e67b0dbe3e" FOREIGN KEY (customer_group_id) REFERENCES public.customer_group(id) ON DELETE CASCADE;


--
-- Name: claim_item FK_64980511ca32c8e92b417644afa; Type: FK CONSTRAINT; Schema: public; Owner: mukesh
--

ALTER TABLE ONLY public.claim_item
    ADD CONSTRAINT "FK_64980511ca32c8e92b417644afa" FOREIGN KEY (variant_id) REFERENCES public.product_variant(id);


--
-- Name: cart_discounts FK_6680319ebe1f46d18f106191d59; Type: FK CONSTRAINT; Schema: public; Owner: mukesh
--

ALTER TABLE ONLY public.cart_discounts
    ADD CONSTRAINT "FK_6680319ebe1f46d18f106191d59" FOREIGN KEY (cart_id) REFERENCES public.cart(id) ON DELETE CASCADE;


--
-- Name: cart FK_6b9c66b5e36f7c827dfaa092f94; Type: FK CONSTRAINT; Schema: public; Owner: mukesh
--

ALTER TABLE ONLY public.cart
    ADD CONSTRAINT "FK_6b9c66b5e36f7c827dfaa092f94" FOREIGN KEY (billing_address_id) REFERENCES public.address(id);


--
-- Name: address FK_6df8c6bf969a51d24c1980c4ff4; Type: FK CONSTRAINT; Schema: public; Owner: mukesh
--

ALTER TABLE ONLY public.address
    ADD CONSTRAINT "FK_6df8c6bf969a51d24c1980c4ff4" FOREIGN KEY (country_code) REFERENCES public.country(iso_2);


--
-- Name: claim_item FK_6e0cad0daef76bb642675910b9d; Type: FK CONSTRAINT; Schema: public; Owner: mukesh
--

ALTER TABLE ONLY public.claim_item
    ADD CONSTRAINT "FK_6e0cad0daef76bb642675910b9d" FOREIGN KEY (item_id) REFERENCES public.line_item(id);


--
-- Name: discount_condition_product_type FK_6ef23ce0b1d9cf9b5b833e52b9d; Type: FK CONSTRAINT; Schema: public; Owner: mukesh
--

ALTER TABLE ONLY public.discount_condition_product_type
    ADD CONSTRAINT "FK_6ef23ce0b1d9cf9b5b833e52b9d" FOREIGN KEY (condition_id) REFERENCES public.discount_condition(id) ON DELETE CASCADE;


--
-- Name: order FK_6ff7e874f01b478c115fdd462eb; Type: FK CONSTRAINT; Schema: public; Owner: mukesh
--

ALTER TABLE ONLY public."order"
    ADD CONSTRAINT "FK_6ff7e874f01b478c115fdd462eb" FOREIGN KEY (sales_channel_id) REFERENCES public.sales_channel(id);


--
-- Name: return FK_71773d56eb2bacb922bc3283398; Type: FK CONSTRAINT; Schema: public; Owner: mukesh
--

ALTER TABLE ONLY public.return
    ADD CONSTRAINT "FK_71773d56eb2bacb922bc3283398" FOREIGN KEY (claim_order_id) REFERENCES public.claim_order(id);


--
-- Name: order FK_717a141f96b76d794d409f38129; Type: FK CONSTRAINT; Schema: public; Owner: mukesh
--

ALTER TABLE ONLY public."order"
    ADD CONSTRAINT "FK_717a141f96b76d794d409f38129" FOREIGN KEY (currency_code) REFERENCES public.currency(code);


--
-- Name: product_option_value FK_7234ed737ff4eb1b6ae6e6d7b01; Type: FK CONSTRAINT; Schema: public; Owner: mukesh
--

ALTER TABLE ONLY public.product_option_value
    ADD CONSTRAINT "FK_7234ed737ff4eb1b6ae6e6d7b01" FOREIGN KEY (variant_id) REFERENCES public.product_variant(id) ON DELETE CASCADE;


--
-- Name: order FK_727b872f86c7378474a8fa46147; Type: FK CONSTRAINT; Schema: public; Owner: mukesh
--

ALTER TABLE ONLY public."order"
    ADD CONSTRAINT "FK_727b872f86c7378474a8fa46147" FOREIGN KEY (draft_order_id) REFERENCES public.draft_order(id);


--
-- Name: return_item FK_7edab75b4fc88ea6d4f2574f087; Type: FK CONSTRAINT; Schema: public; Owner: mukesh
--

ALTER TABLE ONLY public.return_item
    ADD CONSTRAINT "FK_7edab75b4fc88ea6d4f2574f087" FOREIGN KEY (return_id) REFERENCES public.return(id);


--
-- Name: store_currencies FK_82a6bbb0b527c20a0002ddcbd60; Type: FK CONSTRAINT; Schema: public; Owner: mukesh
--

ALTER TABLE ONLY public.store_currencies
    ADD CONSTRAINT "FK_82a6bbb0b527c20a0002ddcbd60" FOREIGN KEY (currency_code) REFERENCES public.currency(code) ON DELETE CASCADE;


--
-- Name: discount_condition_customer_group FK_8486ee16e69013c645d0b8716b6; Type: FK CONSTRAINT; Schema: public; Owner: mukesh
--

ALTER TABLE ONLY public.discount_condition_customer_group
    ADD CONSTRAINT "FK_8486ee16e69013c645d0b8716b6" FOREIGN KEY (condition_id) REFERENCES public.discount_condition(id) ON DELETE CASCADE;


--
-- Name: return_item FK_87774591f44564effd8039d7162; Type: FK CONSTRAINT; Schema: public; Owner: mukesh
--

ALTER TABLE ONLY public.return_item
    ADD CONSTRAINT "FK_87774591f44564effd8039d7162" FOREIGN KEY (item_id) REFERENCES public.line_item(id);


--
-- Name: region_payment_providers FK_8aaa78ba90d3802edac317df869; Type: FK CONSTRAINT; Schema: public; Owner: mukesh
--

ALTER TABLE ONLY public.region_payment_providers
    ADD CONSTRAINT "FK_8aaa78ba90d3802edac317df869" FOREIGN KEY (region_id) REFERENCES public.region(id) ON DELETE CASCADE;


--
-- Name: customer FK_8abe81b9aac151ae60bf507ad15; Type: FK CONSTRAINT; Schema: public; Owner: mukesh
--

ALTER TABLE ONLY public.customer
    ADD CONSTRAINT "FK_8abe81b9aac151ae60bf507ad15" FOREIGN KEY (billing_address_id) REFERENCES public.address(id);


--
-- Name: cart_discounts FK_8df75ef4f35f217768dc1135458; Type: FK CONSTRAINT; Schema: public; Owner: mukesh
--

ALTER TABLE ONLY public.cart_discounts
    ADD CONSTRAINT "FK_8df75ef4f35f217768dc1135458" FOREIGN KEY (discount_id) REFERENCES public.discount(id) ON DELETE CASCADE;


--
-- Name: draft_order FK_8f6dd6c49202f1466ebf21e77da; Type: FK CONSTRAINT; Schema: public; Owner: mukesh
--

ALTER TABLE ONLY public.draft_order
    ADD CONSTRAINT "FK_8f6dd6c49202f1466ebf21e77da" FOREIGN KEY (order_id) REFERENCES public."order"(id);


--
-- Name: claim_item FK_900a9c3834257304396b2b0fe7c; Type: FK CONSTRAINT; Schema: public; Owner: mukesh
--

ALTER TABLE ONLY public.claim_item
    ADD CONSTRAINT "FK_900a9c3834257304396b2b0fe7c" FOREIGN KEY (claim_order_id) REFERENCES public.claim_order(id);


--
-- Name: region FK_91f88052197680f9790272aaf5b; Type: FK CONSTRAINT; Schema: public; Owner: mukesh
--

ALTER TABLE ONLY public.region
    ADD CONSTRAINT "FK_91f88052197680f9790272aaf5b" FOREIGN KEY (tax_provider_id) REFERENCES public.tax_provider(id);


--
-- Name: shipping_method_tax_line FK_926ca9f29014af8091722dede08; Type: FK CONSTRAINT; Schema: public; Owner: mukesh
--

ALTER TABLE ONLY public.shipping_method_tax_line
    ADD CONSTRAINT "FK_926ca9f29014af8091722dede08" FOREIGN KEY (shipping_method_id) REFERENCES public.shipping_method(id);


--
-- Name: custom_shipping_option FK_93caeb1bb70d37c1d36d6701a7a; Type: FK CONSTRAINT; Schema: public; Owner: mukesh
--

ALTER TABLE ONLY public.custom_shipping_option
    ADD CONSTRAINT "FK_93caeb1bb70d37c1d36d6701a7a" FOREIGN KEY (cart_id) REFERENCES public.cart(id);


--
-- Name: address FK_9c9614b2f9d01665800ea8dbff7; Type: FK CONSTRAINT; Schema: public; Owner: mukesh
--

ALTER TABLE ONLY public.address
    ADD CONSTRAINT "FK_9c9614b2f9d01665800ea8dbff7" FOREIGN KEY (customer_id) REFERENCES public.customer(id);


--
-- Name: cart FK_9d1a161434c610aae7c3df2dc7e; Type: FK CONSTRAINT; Schema: public; Owner: mukesh
--

ALTER TABLE ONLY public.cart
    ADD CONSTRAINT "FK_9d1a161434c610aae7c3df2dc7e" FOREIGN KEY (payment_id) REFERENCES public.payment(id);


--
-- Name: fulfillment_item FK_a033f83cc6bd7701a5687ab4b38; Type: FK CONSTRAINT; Schema: public; Owner: mukesh
--

ALTER TABLE ONLY public.fulfillment_item
    ADD CONSTRAINT "FK_a033f83cc6bd7701a5687ab4b38" FOREIGN KEY (fulfillment_id) REFERENCES public.fulfillment(id);


--
-- Name: discount_condition_product_collection FK_a0b05dc4257abe639cb75f8eae2; Type: FK CONSTRAINT; Schema: public; Owner: mukesh
--

ALTER TABLE ONLY public.discount_condition_product_collection
    ADD CONSTRAINT "FK_a0b05dc4257abe639cb75f8eae2" FOREIGN KEY (product_collection_id) REFERENCES public.product_collection(id) ON DELETE CASCADE;


--
-- Name: shipping_option FK_a0e206bfaed3cb63c1860917347; Type: FK CONSTRAINT; Schema: public; Owner: mukesh
--

ALTER TABLE ONLY public.shipping_option
    ADD CONSTRAINT "FK_a0e206bfaed3cb63c1860917347" FOREIGN KEY (provider_id) REFERENCES public.fulfillment_provider(id);


--
-- Name: discount_condition_product_collection FK_a1c4f9cfb599ad1f0db39cadd5f; Type: FK CONSTRAINT; Schema: public; Owner: mukesh
--

ALTER TABLE ONLY public.discount_condition_product_collection
    ADD CONSTRAINT "FK_a1c4f9cfb599ad1f0db39cadd5f" FOREIGN KEY (condition_id) REFERENCES public.discount_condition(id) ON DELETE CASCADE;


--
-- Name: discount_regions FK_a21a7ffbe420d492eb46c305fec; Type: FK CONSTRAINT; Schema: public; Owner: mukesh
--

ALTER TABLE ONLY public.discount_regions
    ADD CONSTRAINT "FK_a21a7ffbe420d492eb46c305fec" FOREIGN KEY (region_id) REFERENCES public.region(id) ON DELETE CASCADE;


--
-- Name: cart FK_a2bd3c26f42e754b9249ba78fd6; Type: FK CONSTRAINT; Schema: public; Owner: mukesh
--

ALTER TABLE ONLY public.cart
    ADD CONSTRAINT "FK_a2bd3c26f42e754b9249ba78fd6" FOREIGN KEY (sales_channel_id) REFERENCES public.sales_channel(id);


--
-- Name: fulfillment FK_a52e234f729db789cf473297a5c; Type: FK CONSTRAINT; Schema: public; Owner: mukesh
--

ALTER TABLE ONLY public.fulfillment
    ADD CONSTRAINT "FK_a52e234f729db789cf473297a5c" FOREIGN KEY (swap_id) REFERENCES public.swap(id);


--
-- Name: discount FK_ac2c280de3701b2d66f6817f760; Type: FK CONSTRAINT; Schema: public; Owner: mukesh
--

ALTER TABLE ONLY public.discount
    ADD CONSTRAINT "FK_ac2c280de3701b2d66f6817f760" FOREIGN KEY (rule_id) REFERENCES public.discount_rule(id);


--
-- Name: country FK_b1aac8314662fa6b25569a575bb; Type: FK CONSTRAINT; Schema: public; Owner: mukesh
--

ALTER TABLE ONLY public.country
    ADD CONSTRAINT "FK_b1aac8314662fa6b25569a575bb" FOREIGN KEY (region_id) REFERENCES public.region(id);


--
-- Name: money_amount FK_b433e27b7a83e6d12ab26b15b03; Type: FK CONSTRAINT; Schema: public; Owner: mukesh
--

ALTER TABLE ONLY public.money_amount
    ADD CONSTRAINT "FK_b433e27b7a83e6d12ab26b15b03" FOREIGN KEY (region_id) REFERENCES public.region(id);


--
-- Name: order_item_change FK_b4d53b8d03c9f5e7d4317e818d9; Type: FK CONSTRAINT; Schema: public; Owner: mukesh
--

ALTER TABLE ONLY public.order_item_change
    ADD CONSTRAINT "FK_b4d53b8d03c9f5e7d4317e818d9" FOREIGN KEY (original_line_item_id) REFERENCES public.line_item(id);


--
-- Name: store_currencies FK_b4f4b63d1736689b7008980394c; Type: FK CONSTRAINT; Schema: public; Owner: mukesh
--

ALTER TABLE ONLY public.store_currencies
    ADD CONSTRAINT "FK_b4f4b63d1736689b7008980394c" FOREIGN KEY (store_id) REFERENCES public.store(id) ON DELETE CASCADE;


--
-- Name: notification FK_b5df0f53a74b9d0c0a2b652c88d; Type: FK CONSTRAINT; Schema: public; Owner: mukesh
--

ALTER TABLE ONLY public.notification
    ADD CONSTRAINT "FK_b5df0f53a74b9d0c0a2b652c88d" FOREIGN KEY (customer_id) REFERENCES public.customer(id);


--
-- Name: gift_card FK_b6bcf8c3903097b84e85154eed3; Type: FK CONSTRAINT; Schema: public; Owner: mukesh
--

ALTER TABLE ONLY public.gift_card
    ADD CONSTRAINT "FK_b6bcf8c3903097b84e85154eed3" FOREIGN KEY (region_id) REFERENCES public.region(id);


--
-- Name: tax_rate FK_b95a1e03b051993d208366cb960; Type: FK CONSTRAINT; Schema: public; Owner: mukesh
--

ALTER TABLE ONLY public.tax_rate
    ADD CONSTRAINT "FK_b95a1e03b051993d208366cb960" FOREIGN KEY (region_id) REFERENCES public.region(id);


--
-- Name: return FK_bad82d7bff2b08b87094bfac3d6; Type: FK CONSTRAINT; Schema: public; Owner: mukesh
--

ALTER TABLE ONLY public.return
    ADD CONSTRAINT "FK_bad82d7bff2b08b87094bfac3d6" FOREIGN KEY (swap_id) REFERENCES public.swap(id);


--
-- Name: discount_rule_products FK_be66106a673b88a81c603abe7eb; Type: FK CONSTRAINT; Schema: public; Owner: mukesh
--

ALTER TABLE ONLY public.discount_rule_products
    ADD CONSTRAINT "FK_be66106a673b88a81c603abe7eb" FOREIGN KEY (product_id) REFERENCES public.product(id) ON DELETE CASCADE;


--
-- Name: line_item_adjustment FK_be9aea2ccf3567007b6227da4d2; Type: FK CONSTRAINT; Schema: public; Owner: mukesh
--

ALTER TABLE ONLY public.line_item_adjustment
    ADD CONSTRAINT "FK_be9aea2ccf3567007b6227da4d2" FOREIGN KEY (item_id) REFERENCES public.line_item(id) ON DELETE CASCADE;


--
-- Name: fulfillment FK_beb35a6de60a6c4f91d5ae57e44; Type: FK CONSTRAINT; Schema: public; Owner: mukesh
--

ALTER TABLE ONLY public.fulfillment
    ADD CONSTRAINT "FK_beb35a6de60a6c4f91d5ae57e44" FOREIGN KEY (provider_id) REFERENCES public.fulfillment_provider(id);


--
-- Name: payment FK_c17aff091441b7c25ec3d68d36c; Type: FK CONSTRAINT; Schema: public; Owner: mukesh
--

ALTER TABLE ONLY public.payment
    ADD CONSTRAINT "FK_c17aff091441b7c25ec3d68d36c" FOREIGN KEY (swap_id) REFERENCES public.swap(id);


--
-- Name: claim_item_tags FK_c2c0f3edf39515bd15432afe6e5; Type: FK CONSTRAINT; Schema: public; Owner: mukesh
--

ALTER TABLE ONLY public.claim_item_tags
    ADD CONSTRAINT "FK_c2c0f3edf39515bd15432afe6e5" FOREIGN KEY (item_id) REFERENCES public.claim_item(id) ON DELETE CASCADE;


--
-- Name: price_list_customer_groups FK_c5516f550433c9b1c2630d787a7; Type: FK CONSTRAINT; Schema: public; Owner: mukesh
--

ALTER TABLE ONLY public.price_list_customer_groups
    ADD CONSTRAINT "FK_c5516f550433c9b1c2630d787a7" FOREIGN KEY (customer_group_id) REFERENCES public.customer_group(id) ON DELETE CASCADE;


--
-- Name: region_fulfillment_providers FK_c556e14eff4d6f03db593df955e; Type: FK CONSTRAINT; Schema: public; Owner: mukesh
--

ALTER TABLE ONLY public.region_fulfillment_providers
    ADD CONSTRAINT "FK_c556e14eff4d6f03db593df955e" FOREIGN KEY (region_id) REFERENCES public.region(id) ON DELETE CASCADE;


--
-- Name: discount_condition_product FK_c759f53b2e48e8cfb50638fe4e0; Type: FK CONSTRAINT; Schema: public; Owner: mukesh
--

ALTER TABLE ONLY public.discount_condition_product
    ADD CONSTRAINT "FK_c759f53b2e48e8cfb50638fe4e0" FOREIGN KEY (product_id) REFERENCES public.product(id) ON DELETE CASCADE;


--
-- Name: shipping_option FK_c951439af4c98bf2bd7fb8726cd; Type: FK CONSTRAINT; Schema: public; Owner: mukesh
--

ALTER TABLE ONLY public.shipping_option
    ADD CONSTRAINT "FK_c951439af4c98bf2bd7fb8726cd" FOREIGN KEY (profile_id) REFERENCES public.shipping_profile(id);


--
-- Name: order FK_c99a206eb11ad45f6b7f04f2dcc; Type: FK CONSTRAINT; Schema: public; Owner: mukesh
--

ALTER TABLE ONLY public."order"
    ADD CONSTRAINT "FK_c99a206eb11ad45f6b7f04f2dcc" FOREIGN KEY (cart_id) REFERENCES public.cart(id);


--
-- Name: product_variant FK_ca67dd080aac5ecf99609960cd2; Type: FK CONSTRAINT; Schema: public; Owner: mukesh
--

ALTER TABLE ONLY public.product_variant
    ADD CONSTRAINT "FK_ca67dd080aac5ecf99609960cd2" FOREIGN KEY (product_id) REFERENCES public.product(id);


--
-- Name: order FK_cd7812c96209c5bdd48a6b858b0; Type: FK CONSTRAINT; Schema: public; Owner: mukesh
--

ALTER TABLE ONLY public."order"
    ADD CONSTRAINT "FK_cd7812c96209c5bdd48a6b858b0" FOREIGN KEY (customer_id) REFERENCES public.customer(id);


--
-- Name: product_option_value FK_cdf4388f294b30a25c627d69fe9; Type: FK CONSTRAINT; Schema: public; Owner: mukesh
--

ALTER TABLE ONLY public.product_option_value
    ADD CONSTRAINT "FK_cdf4388f294b30a25c627d69fe9" FOREIGN KEY (option_id) REFERENCES public.product_option(id);


--
-- Name: cart FK_ced15a9a695d2b5db9dabce763d; Type: FK CONSTRAINT; Schema: public; Owner: mukesh
--

ALTER TABLE ONLY public.cart
    ADD CONSTRAINT "FK_ced15a9a695d2b5db9dabce763d" FOREIGN KEY (shipping_address_id) REFERENCES public.address(id);


--
-- Name: payment_session FK_d25ba0787e1510ddc5d442ebcfa; Type: FK CONSTRAINT; Schema: public; Owner: mukesh
--

ALTER TABLE ONLY public.payment_session
    ADD CONSTRAINT "FK_d25ba0787e1510ddc5d442ebcfa" FOREIGN KEY (cart_id) REFERENCES public.cart(id);


--
-- Name: cart_gift_cards FK_d38047a90f3d42f0be7909e8aea; Type: FK CONSTRAINT; Schema: public; Owner: mukesh
--

ALTER TABLE ONLY public.cart_gift_cards
    ADD CONSTRAINT "FK_d38047a90f3d42f0be7909e8aea" FOREIGN KEY (cart_id) REFERENCES public.cart(id) ON DELETE CASCADE;


--
-- Name: return FK_d4bd17f918fc6c332b74a368c36; Type: FK CONSTRAINT; Schema: public; Owner: mukesh
--

ALTER TABLE ONLY public.return
    ADD CONSTRAINT "FK_d4bd17f918fc6c332b74a368c36" FOREIGN KEY (order_id) REFERENCES public."order"(id);


--
-- Name: fulfillment FK_d73e55964e0ff2db8f03807d52e; Type: FK CONSTRAINT; Schema: public; Owner: mukesh
--

ALTER TABLE ONLY public.fulfillment
    ADD CONSTRAINT "FK_d73e55964e0ff2db8f03807d52e" FOREIGN KEY (claim_order_id) REFERENCES public.claim_order(id);


--
-- Name: return_item FK_d742532378a65022e7ceb328828; Type: FK CONSTRAINT; Schema: public; Owner: mukesh
--

ALTER TABLE ONLY public.return_item
    ADD CONSTRAINT "FK_d742532378a65022e7ceb328828" FOREIGN KEY (reason_id) REFERENCES public.return_reason(id);


--
-- Name: product_review FK_d7608150bffea47ff5caec8f265; Type: FK CONSTRAINT; Schema: public; Owner: mukesh
--

ALTER TABLE ONLY public.product_review
    ADD CONSTRAINT "FK_d7608150bffea47ff5caec8f265" FOREIGN KEY (product_id) REFERENCES public.product(id) ON UPDATE CASCADE ON DELETE CASCADE;


--
-- Name: shipping_method FK_d783a66d1c91c0858752c933e68; Type: FK CONSTRAINT; Schema: public; Owner: mukesh
--

ALTER TABLE ONLY public.shipping_method
    ADD CONSTRAINT "FK_d783a66d1c91c0858752c933e68" FOREIGN KEY (claim_order_id) REFERENCES public.claim_order(id);


--
-- Name: gift_card_transaction FK_d7d441b81012f87d4265fa57d24; Type: FK CONSTRAINT; Schema: public; Owner: mukesh
--

ALTER TABLE ONLY public.gift_card_transaction
    ADD CONSTRAINT "FK_d7d441b81012f87d4265fa57d24" FOREIGN KEY (order_id) REFERENCES public."order"(id);


--
-- Name: shipping_method FK_d92993a7d554d84571f4eea1d13; Type: FK CONSTRAINT; Schema: public; Owner: mukesh
--

ALTER TABLE ONLY public.shipping_method
    ADD CONSTRAINT "FK_d92993a7d554d84571f4eea1d13" FOREIGN KEY (cart_id) REFERENCES public.cart(id);


--
-- Name: claim_item_tags FK_dc9bbf9fcb9ba458d25d512811b; Type: FK CONSTRAINT; Schema: public; Owner: mukesh
--

ALTER TABLE ONLY public.claim_item_tags
    ADD CONSTRAINT "FK_dc9bbf9fcb9ba458d25d512811b" FOREIGN KEY (tag_id) REFERENCES public.claim_tag(id) ON DELETE CASCADE;


--
-- Name: gift_card FK_dfc1f02bb0552e79076aa58dbb0; Type: FK CONSTRAINT; Schema: public; Owner: mukesh
--

ALTER TABLE ONLY public.gift_card
    ADD CONSTRAINT "FK_dfc1f02bb0552e79076aa58dbb0" FOREIGN KEY (order_id) REFERENCES public."order"(id);


--
-- Name: product FK_e0843930fbb8854fe36ca39dae1; Type: FK CONSTRAINT; Schema: public; Owner: mukesh
--

ALTER TABLE ONLY public.product
    ADD CONSTRAINT "FK_e0843930fbb8854fe36ca39dae1" FOREIGN KEY (type_id) REFERENCES public.product_type(id);


--
-- Name: fulfillment_item FK_e13ff60e74206b747a1896212d1; Type: FK CONSTRAINT; Schema: public; Owner: mukesh
--

ALTER TABLE ONLY public.fulfillment_item
    ADD CONSTRAINT "FK_e13ff60e74206b747a1896212d1" FOREIGN KEY (item_id) REFERENCES public.line_item(id);


--
-- Name: money_amount FK_e15811f81339e4bd8c440aebe1c; Type: FK CONSTRAINT; Schema: public; Owner: mukesh
--

ALTER TABLE ONLY public.money_amount
    ADD CONSTRAINT "FK_e15811f81339e4bd8c440aebe1c" FOREIGN KEY (currency_code) REFERENCES public.currency(code);


--
-- Name: order FK_e1fcce2b18dbcdbe0a5ba9a68b8; Type: FK CONSTRAINT; Schema: public; Owner: mukesh
--

ALTER TABLE ONLY public."order"
    ADD CONSTRAINT "FK_e1fcce2b18dbcdbe0a5ba9a68b8" FOREIGN KEY (region_id) REFERENCES public.region(id);


--
-- Name: order_gift_cards FK_e62ff11e4730bb3adfead979ee2; Type: FK CONSTRAINT; Schema: public; Owner: mukesh
--

ALTER TABLE ONLY public.order_gift_cards
    ADD CONSTRAINT "FK_e62ff11e4730bb3adfead979ee2" FOREIGN KEY (order_id) REFERENCES public."order"(id) ON DELETE CASCADE;


--
-- Name: product_option FK_e634fca34f6b594b87fdbee95f6; Type: FK CONSTRAINT; Schema: public; Owner: mukesh
--

ALTER TABLE ONLY public.product_option
    ADD CONSTRAINT "FK_e634fca34f6b594b87fdbee95f6" FOREIGN KEY (product_id) REFERENCES public.product(id);


--
-- Name: discount_condition_product_type FK_e706deb68f52ab2756119b9e704; Type: FK CONSTRAINT; Schema: public; Owner: mukesh
--

ALTER TABLE ONLY public.discount_condition_product_type
    ADD CONSTRAINT "FK_e706deb68f52ab2756119b9e704" FOREIGN KEY (product_type_id) REFERENCES public.product_type(id) ON DELETE CASCADE;


--
-- Name: order_discounts FK_e7b488cebe333f449398769b2cc; Type: FK CONSTRAINT; Schema: public; Owner: mukesh
--

ALTER TABLE ONLY public.order_discounts
    ADD CONSTRAINT "FK_e7b488cebe333f449398769b2cc" FOREIGN KEY (order_id) REFERENCES public."order"(id) ON DELETE CASCADE;


--
-- Name: product_type_tax_rate FK_ece65a774192b34253abc4cd672; Type: FK CONSTRAINT; Schema: public; Owner: mukesh
--

ALTER TABLE ONLY public.product_type_tax_rate
    ADD CONSTRAINT "FK_ece65a774192b34253abc4cd672" FOREIGN KEY (rate_id) REFERENCES public.tax_rate(id) ON DELETE CASCADE;


--
-- Name: refund FK_eec9d9af4ca098e19ea6b499eaa; Type: FK CONSTRAINT; Schema: public; Owner: mukesh
--

ALTER TABLE ONLY public.refund
    ADD CONSTRAINT "FK_eec9d9af4ca098e19ea6b499eaa" FOREIGN KEY (order_id) REFERENCES public."order"(id);


--
-- Name: discount_condition FK_efff700651718e452ca9580a624; Type: FK CONSTRAINT; Schema: public; Owner: mukesh
--

ALTER TABLE ONLY public.discount_condition
    ADD CONSTRAINT "FK_efff700651718e452ca9580a624" FOREIGN KEY (discount_rule_id) REFERENCES public.discount_rule(id);


--
-- Name: discount_condition_product FK_f05132301e95bdab4ba1cf29a24; Type: FK CONSTRAINT; Schema: public; Owner: mukesh
--

ALTER TABLE ONLY public.discount_condition_product
    ADD CONSTRAINT "FK_f05132301e95bdab4ba1cf29a24" FOREIGN KEY (condition_id) REFERENCES public.discount_condition(id) ON DELETE CASCADE;


--
-- Name: fulfillment FK_f129acc85e346a10eed12b86fca; Type: FK CONSTRAINT; Schema: public; Owner: mukesh
--

ALTER TABLE ONLY public.fulfillment
    ADD CONSTRAINT "FK_f129acc85e346a10eed12b86fca" FOREIGN KEY (order_id) REFERENCES public."order"(id);


--
-- Name: money_amount FK_f249976b079375499662eb80c40; Type: FK CONSTRAINT; Schema: public; Owner: mukesh
--

ALTER TABLE ONLY public.money_amount
    ADD CONSTRAINT "FK_f249976b079375499662eb80c40" FOREIGN KEY (price_list_id) REFERENCES public.price_list(id) ON DELETE CASCADE;


--
-- Name: order_gift_cards FK_f2bb9f71e95b315eb24b2b84cb3; Type: FK CONSTRAINT; Schema: public; Owner: mukesh
--

ALTER TABLE ONLY public.order_gift_cards
    ADD CONSTRAINT "FK_f2bb9f71e95b315eb24b2b84cb3" FOREIGN KEY (gift_card_id) REFERENCES public.gift_card(id) ON DELETE CASCADE;


--
-- Name: payment FK_f41553459a4b1491c9893ebc921; Type: FK CONSTRAINT; Schema: public; Owner: mukesh
--

ALTER TABLE ONLY public.payment
    ADD CONSTRAINT "FK_f41553459a4b1491c9893ebc921" FOREIGN KEY (currency_code) REFERENCES public.currency(code);


--
-- Name: discount_regions FK_f4194aa81073f3fab8aa86906ff; Type: FK CONSTRAINT; Schema: public; Owner: mukesh
--

ALTER TABLE ONLY public.discount_regions
    ADD CONSTRAINT "FK_f4194aa81073f3fab8aa86906ff" FOREIGN KEY (discount_id) REFERENCES public.discount(id) ON DELETE CASCADE;


--
-- Name: claim_order FK_f49e3974465d3c3a33d449d3f31; Type: FK CONSTRAINT; Schema: public; Owner: mukesh
--

ALTER TABLE ONLY public.claim_order
    ADD CONSTRAINT "FK_f49e3974465d3c3a33d449d3f31" FOREIGN KEY (order_id) REFERENCES public."order"(id);


--
-- Name: swap FK_f5189d38b3d3bd496618bf54c57; Type: FK CONSTRAINT; Schema: public; Owner: mukesh
--

ALTER TABLE ONLY public.swap
    ADD CONSTRAINT "FK_f5189d38b3d3bd496618bf54c57" FOREIGN KEY (shipping_address_id) REFERENCES public.address(id);


--
-- Name: payment FK_f5221735ace059250daac9d9803; Type: FK CONSTRAINT; Schema: public; Owner: mukesh
--

ALTER TABLE ONLY public.payment
    ADD CONSTRAINT "FK_f5221735ace059250daac9d9803" FOREIGN KEY (order_id) REFERENCES public."order"(id);


--
-- Name: shipping_tax_rate FK_f672727ab020df6c50fb64c1a70; Type: FK CONSTRAINT; Schema: public; Owner: mukesh
--

ALTER TABLE ONLY public.shipping_tax_rate
    ADD CONSTRAINT "FK_f672727ab020df6c50fb64c1a70" FOREIGN KEY (shipping_option_id) REFERENCES public.shipping_option(id) ON DELETE CASCADE;


--
-- Name: batch_job FK_fa53ca4f5fd90605b532802a626; Type: FK CONSTRAINT; Schema: public; Owner: mukesh
--

ALTER TABLE ONLY public.batch_job
    ADD CONSTRAINT "FK_fa53ca4f5fd90605b532802a626" FOREIGN KEY (created_by) REFERENCES public."user"(id);


--
-- Name: shipping_method FK_fb94fa8d5ca940daa2a58139f86; Type: FK CONSTRAINT; Schema: public; Owner: mukesh
--

ALTER TABLE ONLY public.shipping_method
    ADD CONSTRAINT "FK_fb94fa8d5ca940daa2a58139f86" FOREIGN KEY (swap_id) REFERENCES public.swap(id);


--
-- Name: discount_condition_product_tag FK_fbb2499551ed074526f3ee36241; Type: FK CONSTRAINT; Schema: public; Owner: mukesh
--

ALTER TABLE ONLY public.discount_condition_product_tag
    ADD CONSTRAINT "FK_fbb2499551ed074526f3ee36241" FOREIGN KEY (condition_id) REFERENCES public.discount_condition(id) ON DELETE CASCADE;


--
-- Name: shipping_method FK_fc963e94854bff2714ca84cd193; Type: FK CONSTRAINT; Schema: public; Owner: mukesh
--

ALTER TABLE ONLY public.shipping_method
    ADD CONSTRAINT "FK_fc963e94854bff2714ca84cd193" FOREIGN KEY (shipping_option_id) REFERENCES public.shipping_option(id);


--
-- Name: order_edit FK_order_edit_payment_collection_id; Type: FK CONSTRAINT; Schema: public; Owner: mukesh
--

ALTER TABLE ONLY public.order_edit
    ADD CONSTRAINT "FK_order_edit_payment_collection_id" FOREIGN KEY (payment_collection_id) REFERENCES public.payment_collection(id);


--
-- Name: payment_collection_payments FK_payment_collection_payments_payment_collection_id; Type: FK CONSTRAINT; Schema: public; Owner: mukesh
--

ALTER TABLE ONLY public.payment_collection_payments
    ADD CONSTRAINT "FK_payment_collection_payments_payment_collection_id" FOREIGN KEY (payment_collection_id) REFERENCES public.payment_collection(id) ON DELETE CASCADE;


--
-- Name: payment_collection_payments FK_payment_collection_payments_payment_id; Type: FK CONSTRAINT; Schema: public; Owner: mukesh
--

ALTER TABLE ONLY public.payment_collection_payments
    ADD CONSTRAINT "FK_payment_collection_payments_payment_id" FOREIGN KEY (payment_id) REFERENCES public.payment(id) ON DELETE CASCADE;


--
-- Name: payment_collection FK_payment_collection_region_id; Type: FK CONSTRAINT; Schema: public; Owner: mukesh
--

ALTER TABLE ONLY public.payment_collection
    ADD CONSTRAINT "FK_payment_collection_region_id" FOREIGN KEY (region_id) REFERENCES public.region(id);


--
-- Name: payment_collection_sessions FK_payment_collection_sessions_payment_collection_id; Type: FK CONSTRAINT; Schema: public; Owner: mukesh
--

ALTER TABLE ONLY public.payment_collection_sessions
    ADD CONSTRAINT "FK_payment_collection_sessions_payment_collection_id" FOREIGN KEY (payment_collection_id) REFERENCES public.payment_collection(id) ON DELETE CASCADE;


--
-- Name: payment_collection_sessions FK_payment_collection_sessions_payment_session_id; Type: FK CONSTRAINT; Schema: public; Owner: mukesh
--

ALTER TABLE ONLY public.payment_collection_sessions
    ADD CONSTRAINT "FK_payment_collection_sessions_payment_session_id" FOREIGN KEY (payment_session_id) REFERENCES public.payment_session(id) ON DELETE CASCADE;


--
-- Name: product_category_product FK_product_category_id; Type: FK CONSTRAINT; Schema: public; Owner: mukesh
--

ALTER TABLE ONLY public.product_category_product
    ADD CONSTRAINT "FK_product_category_id" FOREIGN KEY (product_category_id) REFERENCES public.product_category(id) ON DELETE CASCADE;


--
-- Name: product_category_product FK_product_id; Type: FK CONSTRAINT; Schema: public; Owner: mukesh
--

ALTER TABLE ONLY public.product_category_product
    ADD CONSTRAINT "FK_product_id" FOREIGN KEY (product_id) REFERENCES public.product(id) ON DELETE CASCADE;


--
-- Name: refund FK_refund_payment_id; Type: FK CONSTRAINT; Schema: public; Owner: mukesh
--

ALTER TABLE ONLY public.refund
    ADD CONSTRAINT "FK_refund_payment_id" FOREIGN KEY (payment_id) REFERENCES public.payment(id);


--
-- Name: line_item line_item_order_edit_fk; Type: FK CONSTRAINT; Schema: public; Owner: mukesh
--

ALTER TABLE ONLY public.line_item
    ADD CONSTRAINT line_item_order_edit_fk FOREIGN KEY (order_edit_id) REFERENCES public.order_edit(id);


--
-- Name: line_item line_item_original_item_fk; Type: FK CONSTRAINT; Schema: public; Owner: mukesh
--

ALTER TABLE ONLY public.line_item
    ADD CONSTRAINT line_item_original_item_fk FOREIGN KEY (original_item_id) REFERENCES public.line_item(id);


--
-- PostgreSQL database dump complete
--

